
=== Founders ===
       animalid  sireid  damid   birthdate
52           53      -1     -1  0000-00-00
63           64      -1     -1  0000-00-00
85           86      -1     -1  1905-01-01
128         129      -1     -1  0000-00-00
189         190      -1     -1  0000-00-00
219         220      -1     -1  0000-00-00
320         321      -1     -1  1965-01-01
363         364      -1     -1  2008-04-16
370         371      -1     -1  2016-11-23
499         500      -1     -1  0000-00-00
507         508      -1     -1  1923-01-01
514         515      -1     -1  2015-04-04
541         542      -1     -1  0000-00-00
600         601      -1     -1  1924-05-01
601         602      -1     -1  1912-01-01
612         613      -1     -1  1986-02-16
654         656      -1     -1  1936-01-01
658         660      -1     -1  0000-00-00
662         664      -1     -1  1932-01-01
667         669      -1     -1  1914-01-01
677         679      -1     -1  1926-01-01
679         681      -1     -1  2020-11-15
743         745      -1     -1  1921-01-01
747         749      -1     -1  0000-00-00
755         757      -1     -1  1916-01-01
768         770      -1     -1  0000-00-00
832         835      -1     -1  0000-00-00
847         850      -1     -1  0000-00-00
851         854      -1     -1  2020-01-01
858         861      -1     -1  0000-00-00
860         863      -1     -1  0000-00-00
861         864      -1     -1  1978-01-01
862         865      -1     -1  0000-00-00
863         866      -1     -1  0000-00-00
882         885      -1     -1  0000-00-00
919         922      -1     -1  2012-10-01
923         926      -1     -1  2012-10-01
926         929      -1     -1  0000-00-00
935         938      -1     -1  2012-10-01
936         939      -1     -1  2012-10-01
944         947      -1     -1  0000-00-00
953         956      -1     -1  1907-01-01
962         965      -1     -1  1891-01-01
998        1001      -1     -1  0000-00-00
1005       1008      -1     -1  0000-00-00
1037       1040      -1     -1  0000-00-00
1039       1042      -1     -1  0000-00-00
1098       1101      -1     -1  1983-01-01
1378       1381      -1     -1  0000-00-00
1404       1407      -1     -1  0000-00-00
1426       1429      -1     -1  2020-11-15
1492       1495      -1     -1  0000-00-00
1496       1499      -1     -1  0000-00-00
1497       1500      -1     -1  0000-00-00
1501       1504      -1     -1  1913-01-01
1562       1565      -1     -1  0000-00-00
1636       1639      -1     -1  0000-00-00
1638       1641      -1     -1  2019-12-27
1695       1698      -1     -1  2018-10-21
1709       1712      -1     -1  0000-00-00
1990       1993      -1     -1  0000-00-00
2012       2015      -1     -1  1936-01-01
2024       2027      -1     -1  0000-00-00
2026       2029      -1     -1  2012-10-12
2054       2057      -1     -1  1902-01-01
2119       2122      -1     -1  1890-05-30
2152       2155      -1     -1  0000-00-00
2178       2181      -1     -1  2019-12-27
2216       2219      -1     -1  0000-00-00
2224       2227      -1     -1  1950-01-01
2254       2257      -1     -1  0000-00-00
2259       2262      -1     -1  1929-01-01
2261       2264      -1     -1  0000-00-00
2283       2286      -1     -1  1947-10-03
2290       2293      -1     -1  1940-01-01
2293       2296      -1     -1  0000-00-00
2312       2315      -1     -1  1948-01-12
2313       2316      -1     -1  0000-00-00
2320       2323      -1     -1  1933-01-01
2321       2324      -1     -1  1945-12-18
2328       2331      -1     -1  0000-00-00
2333       2336      -1     -1  0000-00-00
2344       2347      -1     -1  0000-00-00
2345       2348      -1     -1  1944-07-05
2348       2351      -1     -1  0000-00-00
2376       2379      -1     -1  0000-00-00
2385       2388      -1     -1  0000-00-00
2410       2413      -1     -1  2006-01-01
2421       2424      -1     -1  0000-00-00
2430       2433      -1     -1  0000-00-00
2446       2449      -1     -1  1957-03-19
2449       2452      -1     -1  0000-00-00
2461       2464      -1     -1  2016-04-12
2546       2549      -1     -1  0000-00-00
2559       2562      -1     -1  0000-00-00
2591       2594      -1     -1  0000-00-00
2598       2601      -1     -1  2011-06-15
2874       2877      -1     -1  0000-00-00
2875       2878      -1     -1  1967-10-05
2922       2925      -1     -1  0000-00-00
2961       2965      -1     -1  0000-00-00
2968       2972      -1     -1  0000-00-00
2974       2978      -1     -1  0000-00-00
3035       3039      -1     -1  1926-01-01
3040       3044      -1     -1  0000-00-00
3059       3064      -1     -1  0000-00-00
3067       3072      -1     -1  0000-00-00
3085       3090      -1     -1  0000-00-00
3086       3091      -1     -1  0000-00-00
3099       3104      -1     -1  0000-00-00
3105       3110      -1     -1  2015-01-01
3116       3121      -1     -1  1941-01-01
3120       3125      -1     -1  1897-01-01
3155       3160      -1     -1  1899-01-01
3162       3167      -1     -1  0000-00-00
3179       3184      -1     -1  2012-10-12
3208       3213      -1     -1  0000-00-00
3243       3248      -1     -1  1913-01-01
3279       3284      -1     -1  2019-12-27
3315       3320      -1     -1  0000-00-00
3385       3390      -1     -1  0000-00-00
3386       3391      -1     -1  0000-00-00
3406       3411      -1     -1  0000-00-00
3408       3413      -1     -1  0000-00-00
3469       3474      -1     -1  1973-01-01
3470       3475      -1     -1  0000-00-00
3474       3479      -1     -1  1973-01-01
3484       3489      -1     -1  0000-00-00
3509       3514      -1     -1  0000-00-00
3531       3536      -1     -1  0000-00-00
3536       3541      -1     -1  0000-00-00
3564       3569      -1     -1  0000-00-00
3632       3637      -1     -1  0000-00-00
3769       3774      -1     -1  0000-00-00
3793       3798      -1     -1  0000-00-00
3807       3812      -1     -1  0000-00-00
3815       3820      -1     -1  0000-00-00
3828       3833      -1     -1  0000-00-00
3843       3848      -1     -1  0000-00-00
3846       3851      -1     -1  1916-01-01
3998       4003      -1     -1  0000-00-00
4023       4028      -1     -1  0000-00-00
4028       4033      -1     -1  0000-00-00
4050       4055      -1     -1  0000-00-00
4060       4065      -1     -1  0000-00-00
4101       4106      -1     -1  0000-00-00
4112       4117      -1     -1  2014-01-01
4133       4138      -1     -1  0000-00-00
4184       4189      -1     -1  0000-00-00
4186       4191      -1     -1  1992-05-15
4228       4233      -1     -1  0000-00-00
4229       4234      -1     -1  0000-00-00
4232       4237      -1     -1  0000-00-00
4263       4268      -1     -1  1931-12-01
4266       4271      -1     -1  0000-00-00
4284       4289      -1     -1  0000-00-00
4297       4302      -1     -1  0000-00-00
4298       4303      -1     -1  2012-02-08
4343       4348      -1     -1  0000-00-00
4345       4350      -1     -1  2017-04-09
4349       4354      -1     -1  0000-00-00
4351       4356      -1     -1  0000-00-00
4354       4359      -1     -1  0000-00-00
4356       4361      -1     -1  0000-00-00
4360       4365      -1     -1  0000-00-00
4365       4370      -1     -1  0000-00-00
4369       4374      -1     -1  0000-00-00
4376       4381      -1     -1  0000-00-00
4452       4457      -1     -1  0000-00-00
4516       4521      -1     -1  0000-00-00
4534       4539      -1     -1  2017-05-01
4578       4583      -1     -1  0000-00-00
4583       4588      -1     -1  0000-00-00
4586       4591      -1     -1  0000-00-00
4587       4592      -1     -1  0000-00-00
4598       4603      -1     -1  0000-00-00
4601       4606      -1     -1  0000-00-00
4612       4617      -1     -1  0000-00-00
4686       4691      -1     -1  0000-00-00
4689       4694      -1     -1  2018-05-05
4767       4772      -1     -1  2018-05-05
4768       4773      -1     -1  2019-12-27
4774       4779      -1     -1  2015-01-19
4855       4860      -1     -1  0000-00-00
4856       4861      -1     -1  0000-00-00
4866       4871      -1     -1  2017-12-31
4936       4941      -1     -1  0000-00-00
4940       4945      -1     -1  0000-00-00
4941       4946      -1     -1  0000-00-00
4942       4947      -1     -1  0000-00-00
4943       4948      -1     -1  0000-00-00
4944       4949      -1     -1  0000-00-00
4945       4950      -1     -1  0000-00-00
4946       4951      -1     -1  0000-00-00
4947       4952      -1     -1  0000-00-00
4949       4954      -1     -1  0000-00-00
4956       4961      -1     -1  1977-03-07
4960       4965      -1     -1  0000-00-00
4997       5002      -1     -1  0000-00-00
5000       5005      -1     -1  0000-00-00
5013       5018      -1     -1  0000-00-00
5029       5034      -1     -1  0000-00-00
5046       5051      -1     -1  1959-06-19
5047       5052      -1     -1  1962-01-01
5050       5055      -1     -1  0000-00-00
5169       5175      -1     -1  0000-00-00
5232       5238      -1     -1  0000-00-00
5285       5291      -1     -1  0000-00-00
5329       5335      -1     -1  1905-01-01
5330       5337      -1     -1  1909-01-01
5343       5350      -1     -1  1971-06-11
5384       5391      -1     -1  0000-00-00
5385       5392      -1     -1  0000-00-00
5391       5398      -1     -1  2019-08-16
5450       5457      -1     -1  2020-11-15
5487       5494      -1     -1  0000-00-00
5509       5516      -1     -1  1926-01-01
5510       5517      -1     -1  1926-01-01
5628       5635      -1     -1  0000-00-00
5636       5643      -1     -1  0000-00-00
5640       5647      -1     -1  2011-06-15
5676       5683      -1     -1  0000-00-00
5683       5690      -1     -1  0000-00-00
5721       5728      -1     -1  2018-05-05
5736       5743      -1     -1  1960-01-01
5744       5751      -1     -1  1999-01-01
5747       5754      -1     -1  2018-04-05
5748       5755      -1     -1  2018-04-05
5749       5756      -1     -1  2018-04-05
5793       5800      -1     -1  1897-01-01
5796       5803      -1     -1  0000-00-00
5798       5805      -1     -1  0000-00-00
5803       5810      -1     -1  1924-01-01
5813       5820      -1     -1  0000-00-00
5832       5839      -1     -1  0000-00-00
5833       5840      -1     -1  0000-00-00
5843       5850      -1     -1  1926-01-01
5844       5851      -1     -1  1954-01-01
5848       5855      -1     -1  0000-00-00
5962       5969      -1     -1  1970-06-17
5964       5971      -1     -1  1968-10-17
5980       5987      -1     -1  1933-01-01
5994       6001      -1     -1  0000-00-00
5995       6002      -1     -1  0000-00-00
5998       6005      -1     -1  0000-00-00
6003       6010      -1     -1  0000-00-00
6011       6018      -1     -1  0000-00-00
6012       6019      -1     -1  0000-00-00
6015       6022      -1     -1  0000-00-00
6027       6034      -1     -1  0000-00-00
6050       6057      -1     -1  0000-00-00
6070       6077      -1     -1  0000-00-00
6071       6078      -1     -1  1926-01-01
6096       6103      -1     -1  0000-00-00
6101       6108      -1     -1  0000-00-00
6170       6177      -1     -1  0000-00-00
6171       6178      -1     -1  2014-08-09
6323       6330      -1     -1  1898-01-01
6356       6363      -1     -1  1986-04-06
6375       6382      -1     -1  1990-02-14
6381       6388      -1     -1  0000-00-00
6409       6416      -1     -1  1996-03-07
6420       6427      -1     -1  0000-00-00
6437       6444      -1     -1  0000-00-00
6441       6448      -1     -1  1892-01-01
6442       6449      -1     -1  1892-01-01
6481       6491      -1     -1  1906-01-01
6482       6492      -1     -1  0000-00-00
6486       6497      -1     -1  0000-00-00
6488       6499      -1     -1  0000-00-00
6498       6509      -1     -1  0000-00-00
6503       6514      -1     -1  0000-00-00
6504       6515      -1     -1  1911-01-01
6521       6533      -1     -1  1900-01-02
6528       6541      -1     -1  0000-00-00
6539       6552      -1     -1  1959-01-01
6556       6569      -1     -1  0000-00-00
6563       6576      -1     -1  2006-08-08
6574       6587      -1     -1  0000-00-00
6589       6602      -1     -1  1900-01-01
6594       6607      -1     -1  0000-00-00
6882       6895      -1     -1  0000-00-00
6894       6907      -1     -1  0000-00-00
6911       6924      -1     -1  0000-00-00
6924       6937      -1     -1  2018-01-01
6959       6972      -1     -1  2017-10-14
6978       6991      -1     -1  1988-10-22
6984       6997      -1     -1  1989-11-24
7190       7203      -1     -1  1925-01-01
7203       7216      -1     -1  0000-00-00
7287       7300      -1     -1  2006-08-03
7288       7301      -1     -1  0000-00-00
7294       7307      -1     -1  0000-00-00
7313       7326      -1     -1  1971-01-01
7314       7327      -1     -1  0000-00-00
7316       7329      -1     -1  0000-00-00
7321       7334      -1     -1  1961-08-12
7328       7341      -1     -1  0000-00-00
7354       7367      -1     -1  1936-01-01
7355       7368      -1     -1  0000-00-00
7356       7369      -1     -1  0000-00-00
7358       7371      -1     -1  0000-00-00
7368       7381      -1     -1  1990-01-01
7389       7402      -1     -1  1968-03-23
7404       7417      -1     -1  0000-00-00
7411       7424      -1     -1  0000-00-00
7419       7432      -1     -1  0000-00-00
7449       7462      -1     -1  0000-00-00
7450       7463      -1     -1  0000-00-00
7481       7494      -1     -1  1957-03-19
7511       7524      -1     -1  0000-00-00
7533       7546      -1     -1  0000-00-00
7534       7547      -1     -1  0000-00-00
7535       7548      -1     -1  0000-00-00
7540       7553      -1     -1  0000-00-00
7556       7569      -1     -1  0000-00-00
7562       7575      -1     -1  0000-00-00
7564       7577      -1     -1  0000-00-00
7565       7578      -1     -1  0000-00-00
7573       7586      -1     -1  1958-12-01
7577       7590      -1     -1  0000-00-00
7621       7634      -1     -1  1918-01-01
7638       7651      -1     -1  0000-00-00
7665       7678      -1     -1  0000-00-00
7695       7708      -1     -1  1950-09-13
7701       7714      -1     -1  0000-00-00
7705       7718      -1     -1  0000-00-00
7718       7731      -1     -1  0000-00-00
7726       7739      -1     -1  1947-01-01
7727       7740      -1     -1  0000-00-00
7731       7744      -1     -1  0000-00-00
7740       7753      -1     -1  1905-01-01
7750       7763      -1     -1  0000-00-00
7759       7772      -1     -1  1914-01-01
7769       7782      -1     -1  1973-04-01
7775       7788      -1     -1  0000-00-00
7789       7802      -1     -1  1955-10-22
7823       7836      -1     -1  1959-01-08
7827       7840      -1     -1  1967-02-11
7838       7851      -1     -1  0000-00-00
7853       7866      -1     -1  0000-00-00
7870       7883      -1     -1  1957-03-07
7876       7889      -1     -1  1962-04-05
7878       7891      -1     -1  0000-00-00
7886       7899      -1     -1  1953-07-22
7891       7904      -1     -1  0000-00-00
7905       7918      -1     -1  0000-00-00
7949       7962      -1     -1  0000-00-00
7950       7963      -1     -1  0000-00-00
7962       7975      -1     -1  0000-00-00
7964       7977      -1     -1  0000-00-00
7980       7993      -1     -1  0000-00-00
7994       8007      -1     -1  0000-00-00
7995       8008      -1     -1  0000-00-00
8006       8019      -1     -1  0000-00-00
8052       8065      -1     -1  1921-01-01
8060       8073      -1     -1  0000-00-00
8065       8078      -1     -1  0000-00-00
8079       8092      -1     -1  1946-01-01
8087       8100      -1     -1  1909-01-01
8094       8107      -1     -1  0000-00-00
8113       8126      -1     -1  2020-02-22
8122       8135      -1     -1  1999-05-27
8144       8157      -1     -1  1917-01-01
8148       8161      -1     -1  2017-10-14
8162       8175      -1     -1  0000-00-00
8190       8203      -1     -1  0000-00-00
8200       8213      -1     -1  0000-00-00
8212       8225      -1     -1  0000-00-00
8232       8245      -1     -1  0000-00-00
8329       8342      -1     -1  1992-09-03
8341       8354      -1     -1  1994-10-14
8478       8491      -1     -1  0000-00-00
8481       8494      -1     -1  0000-00-00
8524       8537      -1     -1  1913-01-01
8539       8552      -1     -1  0000-00-00
8546       8559      -1     -1  1926-01-01
8577       8590      -1     -1  0000-00-00
8591       8604      -1     -1  0000-00-00
8594       8607      -1     -1  0000-00-00
8631       8644      -1     -1  1911-01-01
8647       8660      -1     -1  0000-00-00
8652       8665      -1     -1  1895-01-01
8694       8708      -1     -1  0000-00-00
8735       8749      -1     -1  0000-00-00
8754       8768      -1     -1  0000-00-00
8771       8785      -1     -1  0000-00-00
8772       8786      -1     -1  0000-00-00
8779       8793      -1     -1  0000-00-00
8855       8869      -1     -1  1994-01-12
8925       8939      -1     -1  0000-00-00
8956       8970      -1     -1  2012-08-29
8959       8973      -1     -1  0000-00-00
8980       8994      -1     -1  1888-01-01
8985       8999      -1     -1  1915-01-01
8986       9000      -1     -1  1915-01-01
8987       9001      -1     -1  1894-01-01
8993       9007      -1     -1  1921-01-01
9037       9051      -1     -1  0000-00-00
9041       9055      -1     -1  0000-00-00
9045       9059      -1     -1  1966-08-30
9047       9061      -1     -1  1960-01-08
9054       9068      -1     -1  1943-01-01
9089       9103      -1     -1  1920-01-01
9091       9105      -1     -1  0000-00-00
9095       9109      -1     -1  0000-00-00
9099       9113      -1     -1  2010-02-25
9107       9121      -1     -1  0000-00-00
9138       9152      -1     -1  0000-00-00
9149       9163      -1     -1  0000-00-00
9204       9218      -1     -1  0000-00-00
9230       9244      -1     -1  0000-00-00
9231       9245      -1     -1  1915-01-01
9233       9247      -1     -1  1908-01-01
9240       9254      -1     -1  0000-00-00
9262       9276      -1     -1  0000-00-00
9267       9281      -1     -1  1922-01-01
9280       9294      -1     -1  0000-00-00
9285       9299      -1     -1  0000-00-00
9287       9301      -1     -1  1956-01-01
9293       9307      -1     -1  1950-07-16
9319       9333      -1     -1  1924-01-01
9323       9337      -1     -1  1899-01-01
9324       9338      -1     -1  1906-01-01
9325       9339      -1     -1  1923-01-01
9327       9341      -1     -1  1922-01-01
9328       9342      -1     -1  1899-01-01
9331       9345      -1     -1  1924-01-01
9332       9346      -1     -1  1903-01-01
9335       9349      -1     -1  1918-01-01
9341       9355      -1     -1  1924-01-01
9342       9356      -1     -1  1906-01-01
9344       9358      -1     -1  1895-01-01
9345       9359      -1     -1  1916-01-01
9346       9360      -1     -1  1895-01-01
9347       9361      -1     -1  1899-01-01
9351       9366      -1     -1  1888-01-01
9352       9367      -1     -1  1924-01-01
9354       9369      -1     -1  1922-01-01
9357       9372      -1     -1  1895-01-01
9358       9373      -1     -1  1927-01-01
9360       9375      -1     -1  1895-01-01
9363       9378      -1     -1  2017-10-14
9373       9388      -1     -1  0000-00-00
9383       9398      -1     -1  1894-12-01
9401       9416      -1     -1  1962-01-12
9415       9430      -1     -1  0000-00-00
9438       9455      -1     -1  1924-01-01
9440       9458      -1     -1  1885-01-01
9442       9461      -1     -1  0000-00-00
9443       9462      -1     -1  1902-01-01
9445       9464      -1     -1  1909-01-01
9448       9467      -1     -1  0000-00-00
9490       9509      -1     -1  1978-01-01
9492       9511      -1     -1  0000-00-00
9500       9519      -1     -1  0000-00-00
9593       9612      -1     -1  0000-00-00
9640       9659      -1     -1  0000-00-00
9650       9669      -1     -1  2015-10-07
9672       9692      -1     -1  0000-00-00
9746       9766      -1     -1  0000-00-00
9786       9806      -1     -1  0000-00-00
9813       9833      -1     -1  0000-00-00
9819       9839      -1     -1  1982-11-28
9847       9867      -1     -1  0000-00-00
9848       9868      -1     -1  2017-04-04
9881       9901      -1     -1  1971-01-01
9917       9937      -1     -1  0000-00-00
9941       9961      -1     -1  0000-00-00
10004     10024      -1     -1  0000-00-00
10007     10027      -1     -1  2000-05-01
10015     10035      -1     -1  0000-00-00
10029     10049      -1     -1  0000-00-00
10086     10106      -1     -1  1971-01-01
10094     10114      -1     -1  1956-01-01
10111     10131      -1     -1  1961-01-01
10140     10160      -1     -1  0000-00-00
10167     10187      -1     -1  1959-01-01
10170     10190      -1     -1  1971-01-01
10173     10193      -1     -1  1968-01-01
10185     10205      -1     -1  1971-01-01
10249     10269      -1     -1  0000-00-00
10319     10339      -1     -1  0000-00-00
10334     10354      -1     -1  0000-00-00
10340     10360      -1     -1  0000-00-00
10341     10361      -1     -1  0000-00-00
10353     10373      -1     -1  0000-00-00
10357     10377      -1     -1  0000-00-00
10358     10378      -1     -1  0000-00-00
10369     10389      -1     -1  0000-00-00
10373     10393      -1     -1  0000-00-00
10375     10395      -1     -1  0000-00-00
10393     10413      -1     -1  0000-00-00
10407     10427      -1     -1  1972-03-01
10418     10438      -1     -1  0000-00-00
10439     10459      -1     -1  1899-01-01
10443     10463      -1     -1  0000-00-00
10467     10487      -1     -1  1910-01-01
10468     10488      -1     -1  0000-00-00
10494     10514      -1     -1  0000-00-00
10602     10622      -1     -1  0000-00-00
10631     10651      -1     -1  0000-00-00
10657     10677      -1     -1  1913-01-01
10658     10678      -1     -1  0000-00-00
10660     10680      -1     -1  0000-00-00
10671     10691      -1     -1  0000-00-00
10673     10693      -1     -1  0000-00-00
10677     10697      -1     -1  1903-01-01
10678     10698      -1     -1  1903-01-01
10680     10700      -1     -1  1895-01-01
10681     10701      -1     -1  1895-01-01
10682     10702      -1     -1  1897-01-01
10683     10703      -1     -1  1891-01-01
10684     10704      -1     -1  1900-01-02
10685     10706      -1     -1  1888-01-01
10686     10707      -1     -1  1923-01-01
10687     10708      -1     -1  1902-01-01
10711     10733      -1     -1  1927-01-01
10725     10747      -1     -1  2006-01-31
10736     10758      -1     -1  0000-00-00
10738     10760      -1     -1  1922-01-01
10833     10855      -1     -1  2006-10-17
10835     10857      -1     -1  2018-01-01
10839     10861      -1     -1  0000-00-00
10891     10916      -1     -1  0000-00-00
10893     10918      -1     -1  1892-01-01
10894     10919      -1     -1  1902-01-01
10899     10926      -1     -1  1887-01-01
10900     10927      -1     -1  1905-01-01
10920     10948      -1     -1  0000-00-00
10921     10949      -1     -1  1926-01-01
10922     10950      -1     -1  1897-01-01
10923     10952      -1     -1  1913-01-01
10926     10955      -1     -1  1892-01-01
10927     10956      -1     -1  1914-01-01
10939     10969      -1     -1  1914-06-17
10940     10970      -1     -1  1924-07-01
10942     10972      -1     -1  0000-00-00
10948     10978      -1     -1  1924-01-01
11022     11052      -1     -1  1898-01-01
11023     11053      -1     -1  1901-01-01
11024     11054      -1     -1  1899-01-01
11026     11056      -1     -1  1901-01-01
11027     11057      -1     -1  1897-01-01
11028     11058      -1     -1  1903-01-01
11029     11059      -1     -1  1898-01-01
11031     11061      -1     -1  1900-01-02
11032     11062      -1     -1  1900-01-02
11034     11064      -1     -1  1899-01-01
11035     11065      -1     -1  1901-01-01
11036     11066      -1     -1  1899-01-01
11037     11067      -1     -1  1900-01-02
11038     11068      -1     -1  1899-01-01
11039     11069      -1     -1  1901-01-01
11041     11072      -1     -1  1898-01-01
11042     11073      -1     -1  1900-01-02
11043     11074      -1     -1  1895-01-01
11051     11082      -1     -1  1901-01-01
11060     11091      -1     -1  1903-01-01
11069     11100      -1     -1  0000-00-00
11074     11105      -1     -1  1897-01-01
11097     11129      -1     -1  0000-00-00
11102     11134      -1     -1  1931-01-01
11108     11140      -1     -1  1991-12-20
11132     11164      -1     -1  1995-01-08
11136     11168      -1     -1  0000-00-00
11138     11170      -1     -1  0000-00-00
11140     11172      -1     -1  1965-01-01
11142     11174      -1     -1  0000-00-00
11147     11179      -1     -1  0000-00-00
11179     11211      -1     -1  0000-00-00
11186     11218      -1     -1  2010-02-25
11211     11243      -1     -1  1918-01-01
11216     11248      -1     -1  1910-01-01
11236     11268      -1     -1  0000-00-00
11260     11292      -1     -1  0000-00-00
11327     11359      -1     -1  0000-00-00
11332     11364      -1     -1  0000-00-00
11353     11385      -1     -1  0000-00-00
11366     11399      -1     -1  0000-00-00
11367     11400      -1     -1  0000-00-00
11399     11432      -1     -1  1909-01-01
11400     11433      -1     -1  1909-01-01
11413     11446      -1     -1  1886-02-01
11420     11454      -1     -1  0000-00-00
11425     11459      -1     -1  1902-01-01
11437     11471      -1     -1  1927-01-01
11439     11473      -1     -1  1888-01-01
11441     11475      -1     -1  0000-00-00
11455     11489      -1     -1  2002-01-01
11456     11490      -1     -1  0000-00-00
11464     11498      -1     -1  2008-01-01
11471     11505      -1     -1  0000-00-00
11495     11529      -1     -1  0000-00-00
11502     11536      -1     -1  0000-00-00
11536     11570      -1     -1  0000-00-00
11569     11603      -1     -1  0000-00-00
11631     11665      -1     -1  0000-00-00
11641     11675      -1     -1  0000-00-00
11657     11691      -1     -1  1952-05-16
11668     11702      -1     -1  1969-01-30
11699     11733      -1     -1  1952-01-01
11756     11791      -1     -1  0000-00-00
11814     11849      -1     -1  1976-09-04
11854     11889      -1     -1  1979-10-27
11931     11966      -1     -1  0000-00-00
11932     11967      -1     -1  0000-00-00
11943     11978      -1     -1  0000-00-00
11970     12005      -1     -1  0000-00-00
11980     12015      -1     -1  0000-00-00
12001     12036      -1     -1  0000-00-00
12009     12044      -1     -1  0000-00-00
12027     12062      -1     -1  1898-01-01
12028     12063      -1     -1  1898-01-01
12037     12072      -1     -1  0000-00-00
12038     12073      -1     -1  0000-00-00
12039     12074      -1     -1  0000-00-00
12044     12079      -1     -1  1911-01-01
12048     12083      -1     -1  0000-00-00
12065     12101      -1     -1  1912-01-01
12067     12103      -1     -1  0000-00-00
12101     12137      -1     -1  0000-00-00
12102     12138      -1     -1  0000-00-00
12245     12281      -1     -1  0000-00-00
12250     12286      -1     -1  0000-00-00
12278     12314      -1     -1  1912-01-01
12285     12321      -1     -1  1905-01-01
12286     12322      -1     -1  1914-01-01
12287     12323      -1     -1  0000-00-00
12289     12325      -1     -1  1918-01-01
12290     12327      -1     -1  1903-01-01
12292     12329      -1     -1  1917-01-01
12293     12330      -1     -1  1917-01-01
12294     12331      -1     -1  1897-01-01
12295     12333      -1     -1  1897-01-01
12298     12336      -1     -1  1909-01-01
12299     12337      -1     -1  0000-00-00
12300     12338      -1     -1  1900-01-02
12316     12354      -1     -1  1920-08-21
12319     12357      -1     -1  1911-01-01
12320     12358      -1     -1  1930-01-01
12325     12363      -1     -1  0000-00-00
12327     12365      -1     -1  2010-02-25
12335     12373      -1     -1  0000-00-00
12358     12396      -1     -1  0000-00-00
12378     12416      -1     -1  0000-00-00
12396     12434      -1     -1  1953-01-01
12397     12435      -1     -1  1929-01-01
12398     12436      -1     -1  1891-01-01
12404     12442      -1     -1  1903-01-01
12405     12443      -1     -1  1917-01-01
12406     12444      -1     -1  1903-01-01
12408     12448      -1     -1  1923-03-01
12410     12450      -1     -1  0000-00-00
12411     12451      -1     -1  1925-01-01
12424     12467      -1     -1  1906-01-01
12428     12471      -1     -1  1899-01-01
12429     12472      -1     -1  1903-01-01
12430     12473      -1     -1  1895-01-01
12431     12474      -1     -1  1902-01-01
12432     12475      -1     -1  1914-01-01
12433     12476      -1     -1  1919-01-01
12434     12477      -1     -1  1917-01-01
12435     12478      -1     -1  1902-01-01
12436     12479      -1     -1  1936-01-01
12437     12480      -1     -1  1917-01-01
12438     12481      -1     -1  1905-01-01
12439     12483      -1     -1  1900-01-02
12440     12484      -1     -1  1899-01-01
12441     12485      -1     -1  1905-01-01
12442     12486      -1     -1  1930-01-01
12443     12487      -1     -1  1903-01-01
12448     12494      -1     -1  1907-01-01
12479     12525      -1     -1  2013-09-03
12484     12530      -1     -1  0000-00-00
12502     12548      -1     -1  0000-00-00
12506     12552      -1     -1  1900-01-02
12511     12557      -1     -1  0000-00-00
12545     12591      -1     -1  0000-00-00
12569     12615      -1     -1  0000-00-00
12572     12618      -1     -1  0000-00-00
12713     12759      -1     -1  1983-05-29
12724     12770      -1     -1  1920-01-01
12738     12784      -1     -1  0000-00-00
12744     12790      -1     -1  2017-10-20
12797     12843      -1     -1  0000-00-00
12799     12845      -1     -1  0000-00-00
12810     12856      -1     -1  1927-03-01
12814     12860      -1     -1  0000-00-00
12824     12870      -1     -1  0000-00-00
12866     12912      -1     -1  0000-00-00
12872     12918      -1     -1  0000-00-00
12878     12924      -1     -1  1952-01-01
12889     12935      -1     -1  0000-00-00
12950     12997      -1     -1  0000-00-00
12959     13007      -1     -1  0000-00-00
12968     13017      -1     -1  1933-01-01
12995     13044      -1     -1  1994-11-27
13046     13095      -1     -1  1995-05-04
13112     13161      -1     -1  1919-01-01
13126     13175      -1     -1  1899-01-01
13131     13180      -1     -1  0000-00-00
13187     13236      -1     -1  1919-01-01
13205     13254      -1     -1  1989-03-12
13206     13255      -1     -1  1903-01-01
13207     13256      -1     -1  1903-01-01
13208     13257      -1     -1  1902-01-01
13216     13265      -1     -1  1891-01-01
13220     13269      -1     -1  1919-01-01
13222     13271      -1     -1  1898-01-01
13223     13272      -1     -1  1899-01-01
13224     13273      -1     -1  1899-01-01
13227     13276      -1     -1  1916-01-01
13228     13277      -1     -1  0000-00-00
13236     13286      -1     -1  1890-01-01
13238     13288      -1     -1  1916-01-01
13240     13290      -1     -1  1919-01-01
13241     13292      -1     -1  1890-01-01
13242     13293      -1     -1  1900-01-02
13243     13294      -1     -1  1899-01-01
13244     13295      -1     -1  1890-01-01
13246     13298      -1     -1  1900-01-01
13247     13299      -1     -1  1911-01-01
13248     13300      -1     -1  1902-01-01
13250     13302      -1     -1  1920-01-01
13254     13307      -1     -1  1921-01-01
13257     13310      -1     -1  1913-01-01
13264     13317      -1     -1  1922-01-01
13265     13318      -1     -1  2006-03-13
13275     13328      -1     -1  1896-01-01
13279     13332      -1     -1  1900-01-02
13291     13344      -1     -1  1963-03-01
13297     13350      -1     -1  0000-00-00
13303     13356      -1     -1  0000-00-00
13312     13365      -1     -1  0000-00-00
13316     13369      -1     -1  0000-00-00
13336     13389      -1     -1  0000-00-00
13367     13420      -1     -1  1949-05-21
13381     13434      -1     -1  0000-00-00
13404     13457      -1     -1  1940-01-01
13411     13464      -1     -1  0000-00-00
13432     13486      -1     -1  1975-11-07
13434     13488      -1     -1  2015-12-06
13438     13492      -1     -1  1920-01-01
13473     13527      -1     -1  1963-09-15
13517     13571      -1     -1  0000-00-00
13518     13572      -1     -1  1890-01-01
13528     13582      -1     -1  0000-00-00
13561     13615      -1     -1  0000-00-00
13657     13711      -1     -1  2010-02-25
13664     13718      -1     -1  0000-00-00
13667     13721      -1     -1  0000-00-00
13682     13736      -1     -1  0000-00-00
13710     13764      -1     -1  0000-00-00
13743     13797      -1     -1  0000-00-00
13745     13799      -1     -1  0000-00-00
13756     13810      -1     -1  0000-00-00
13804     13858      -1     -1  0000-00-00
13810     13864      -1     -1  0000-00-00
13826     13880      -1     -1  1959-01-20
13835     13889      -1     -1  1959-09-19
13843     13897      -1     -1  0000-00-00
13871     13925      -1     -1  0000-00-00
13897     13951      -1     -1  1996-07-28
13899     13953      -1     -1  1997-07-04
13917     13971      -1     -1  0000-00-00
14097     14152      -1     -1  1923-01-01
14099     14154      -1     -1  0000-00-00
14101     14156      -1     -1  1913-01-01
14128     14183      -1     -1  0000-00-00
14188     14243      -1     -1  0000-00-00
14198     14253      -1     -1  1963-01-01
14200     14255      -1     -1  0000-00-00
14249     14304      -1     -1  0000-00-00
14250     14305      -1     -1  0000-00-00
14265     14320      -1     -1  1948-01-01
14291     14346      -1     -1  1934-01-01
14297     14352      -1     -1  0000-00-00
14325     14380      -1     -1  0000-00-00
14330     14385      -1     -1  0000-00-00
14334     14389      -1     -1  0000-00-00
14339     14394      -1     -1  0000-00-00
14343     14398      -1     -1  1922-01-01
14351     14406      -1     -1  0000-00-00
14357     14412      -1     -1  1898-01-01
14365     14420      -1     -1  0000-00-00
14392     14447      -1     -1  2013-06-20
14398     14453      -1     -1  0000-00-00
14429     14484      -1     -1  0000-00-00
14436     14491      -1     -1  0000-00-00
14441     14496      -1     -1  0000-00-00
14452     14507      -1     -1  2006-01-01
14455     14510      -1     -1  2005-12-08
14459     14514      -1     -1  1926-01-01
14463     14518      -1     -1  2006-08-03
14473     14529      -1     -1  2019-07-06
14476     14532      -1     -1  2017-10-14
14509     14565      -1     -1  1891-01-01
14510     14566      -1     -1  1892-01-01
14539     14595      -1     -1  0000-00-00
14542     14598      -1     -1  0000-00-00
14543     14599      -1     -1  0000-00-00
14551     14607      -1     -1  1925-01-01
14552     14608      -1     -1  0000-00-00
14558     14614      -1     -1  1911-01-01
14567     14623      -1     -1  1918-01-01
14604     14660      -1     -1  0000-00-00
14616     14672      -1     -1  0000-00-00
14667     14723      -1     -1  0000-00-00
14685     14741      -1     -1  0000-00-00
14689     14745      -1     -1  0000-00-00
14712     14768      -1     -1  0000-00-00
14763     14819      -1     -1  0000-00-00
14767     14823      -1     -1  0000-00-00
14769     14825      -1     -1  1930-01-01
14771     14827      -1     -1  1918-01-01
14773     14829      -1     -1  1939-05-12
14775     14831      -1     -1  1917-01-01
14776     14832      -1     -1  0000-00-00
14783     14839      -1     -1  1941-01-01
14788     14844      -1     -1  0000-00-00
14798     14854      -1     -1  1876-01-01
14878     14934      -1     -1  0000-00-00
14883     14939      -1     -1  0000-00-00
14942     14999      -1     -1  1944-04-07
14967     15025      -1     -1  1966-01-05
14986     15044      -1     -1  0000-00-00
15033     15091      -1     -1  0000-00-00
15043     15101      -1     -1  0000-00-00
15049     15107      -1     -1  1957-02-25
15060     15118      -1     -1  0000-00-00
15104     15162      -1     -1  1905-01-01
15107     15165      -1     -1  0000-00-00
15390     15449      -1     -1  1917-01-01
15397     15456      -1     -1  1919-01-01
15405     15464      -1     -1  1892-01-01
15421     15480      -1     -1  0000-00-00
15423     15482      -1     -1  0000-00-00
15842     15901      -1     -1  1968-01-01
15847     15906      -1     -1  0000-00-00
15852     15911      -1     -1  0000-00-00
15865     15924      -1     -1  1928-04-01
15967     16026      -1     -1  1898-01-01
15974     16033      -1     -1  1917-01-01
15986     16045      -1     -1  1931-01-01
15989     16048      -1     -1  2019-01-06
16019     16078      -1     -1  0000-00-00
16043     16102      -1     -1  0000-00-00
16060     16120      -1     -1  1954-01-01
16065     16125      -1     -1  0000-00-00
16066     16126      -1     -1  1954-01-01
16106     16167      -1     -1  1943-01-01
16112     16173      -1     -1  0000-00-00
16124     16185      -1     -1  1994-09-19
16144     16205      -1     -1  0000-00-00
16148     16209      -1     -1  0000-00-00
16174     16235      -1     -1  0000-00-00
16187     16248      -1     -1  0000-00-00
16193     16254      -1     -1  0000-00-00
16194     16255      -1     -1  0000-00-00
16202     16263      -1     -1  0000-00-00
16203     16264      -1     -1  0000-00-00
16210     16271      -1     -1  1969-10-01
16211     16272      -1     -1  1970-05-01
16228     16289      -1     -1  0000-00-00
16243     16304      -1     -1  1965-09-21
16245     16306      -1     -1  1953-01-01
16250     16311      -1     -1  0000-00-00
16260     16321      -1     -1  0000-00-00
16266     16327      -1     -1  0000-00-00
16283     16344      -1     -1  0000-00-00
16285     16346      -1     -1  1914-07-04
16294     16355      -1     -1  0000-00-00
16295     16356      -1     -1  0000-00-00
16324     16385      -1     -1  0000-00-00
16329     16390      -1     -1  0000-00-00
16332     16393      -1     -1  1903-01-01
16336     16398      -1     -1  1900-01-02
16344     16407      -1     -1  1905-01-01
16346     16410      -1     -1  1903-01-01
16357     16421      -1     -1  2007-09-07
16383     16448      -1     -1  1929-01-01
16402     16467      -1     -1  0000-00-00
16403     16468      -1     -1  1916-01-01
16404     16469      -1     -1  1916-01-01
16428     16493      -1     -1  0000-00-00
16431     16496      -1     -1  0000-00-00
16433     16498      -1     -1  0000-00-00
16434     16499      -1     -1  0000-00-00
16439     16504      -1     -1  0000-00-00
16460     16525      -1     -1  0000-00-00
16478     16544      -1     -1  0000-00-00
16480     16546      -1     -1  1889-01-01
16481     16547      -1     -1  1892-01-01
16483     16549      -1     -1  1903-01-01
16484     16550      -1     -1  1917-01-01
16487     16553      -1     -1  1892-01-01
16488     16554      -1     -1  1895-01-01
16489     16555      -1     -1  1903-01-01
16492     16558      -1     -1  1899-01-01
16493     16559      -1     -1  1892-01-01
16494     16560      -1     -1  1897-01-01
16496     16562      -1     -1  1914-01-01
16497     16563      -1     -1  1915-01-01
16498     16564      -1     -1  1932-01-01
16499     16565      -1     -1  1893-01-01
16501     16567      -1     -1  1903-01-01
16502     16569      -1     -1  1905-01-01
16503     16570      -1     -1  1903-01-01
16505     16572      -1     -1  1932-01-01
16506     16573      -1     -1  1902-01-01
16507     16574      -1     -1  1896-01-01
16508     16575      -1     -1  1905-01-01
16509     16576      -1     -1  1899-01-01
16510     16577      -1     -1  1900-01-02
16519     16586      -1     -1  1921-01-01
16521     16588      -1     -1  1955-01-01
16525     16592      -1     -1  1922-01-01
16528     16595      -1     -1  1914-01-01
16530     16597      -1     -1  1899-01-01
16609     16677      -1     -1  1900-01-02
16610     16678      -1     -1  1903-01-01
16611     16679      -1     -1  1925-01-01
16612     16680      -1     -1  1919-01-01
16613     16681      -1     -1  1917-01-01
16614     16682      -1     -1  1919-01-01
16615     16683      -1     -1  1919-01-01
16617     16685      -1     -1  1922-01-01
16623     16691      -1     -1  1939-01-01
16654     16722      -1     -1  0000-00-00
16656     16724      -1     -1  1899-01-01
16680     16748      -1     -1  0000-00-00
16687     16755      -1     -1  1973-05-21
16702     16770      -1     -1  0000-00-00
16717     16785      -1     -1  1959-01-01
16722     16790      -1     -1  1974-01-17
16755     16823      -1     -1  0000-00-00
16863     16932      -1     -1  0000-00-00
16872     16941      -1     -1  0000-00-00
16900     16969      -1     -1  0000-00-00
16915     16984      -1     -1  0000-00-00
16917     16986      -1     -1  0000-00-00
16930     17000      -1     -1  0000-00-00
16936     17006      -1     -1  1919-01-01
16970     17040      -1     -1  0000-00-00
16973     17043      -1     -1  1973-03-11
16994     17064      -1     -1  0000-00-00
16996     17066      -1     -1  0000-00-00
17008     17078      -1     -1  0000-00-00
17009     17079      -1     -1  1887-02-01
17014     17084      -1     -1  1894-01-01
17044     17114      -1     -1  1899-01-01
17047     17117      -1     -1  0000-00-00
17049     17119      -1     -1  1962-06-05
17221     17291      -1     -1  0000-00-00
17276     17346      -1     -1  0000-00-00
17288     17358      -1     -1  0000-00-00
17304     17374      -1     -1  0000-00-00
17311     17381      -1     -1  1922-01-01
17313     17383      -1     -1  0000-00-00
17331     17401      -1     -1  0000-00-00
17342     17412      -1     -1  0000-00-00
17345     17415      -1     -1  0000-00-00
17383     17453      -1     -1  1959-01-01
17400     17470      -1     -1  0000-00-00
17401     17471      -1     -1  0000-00-00
17403     17473      -1     -1  0000-00-00
17404     17474      -1     -1  0000-00-00
17410     17480      -1     -1  0000-00-00
17439     17509      -1     -1  0000-00-00
17457     17527      -1     -1  0000-00-00
17459     17529      -1     -1  2019-01-17
17511     17581      -1     -1  1938-01-01
17520     17590      -1     -1  0000-00-00
17530     17600      -1     -1  0000-00-00
17532     17602      -1     -1  0000-00-00
17538     17608      -1     -1  0000-00-00
17548     17618      -1     -1  2017-12-16
17567     17637      -1     -1  1880-01-01
17595     17666      -1     -1  0000-00-00
17605     17676      -1     -1  1925-01-01
17688     17759      -1     -1  1982-09-10
17702     17773      -1     -1  0000-00-00
17728     17799      -1     -1  0000-00-00
17732     17803      -1     -1  0000-00-00
17902     17974      -1     -1  1894-12-17
17904     17976      -1     -1  1900-01-02
17905     17978      -1     -1  1896-01-01
17917     17991      -1     -1  1918-01-01
17918     17992      -1     -1  1883-01-01
17921     17995      -1     -1  1931-01-01
17923     17997      -1     -1  0000-00-00
17924     17998      -1     -1  0000-00-00
17925     17999      -1     -1  0000-00-00
17926     18000      -1     -1  1891-01-01
17929     18003      -1     -1  0000-00-00
17934     18008      -1     -1  0000-00-00
17952     18026      -1     -1  2017-01-16
17956     18030      -1     -1  1918-01-01
17961     18035      -1     -1  0000-00-00
17967     18041      -1     -1  1965-01-01
17969     18043      -1     -1  1935-01-01
17970     18044      -1     -1  1886-01-01
18003     18078      -1     -1  1932-01-01
18007     18082      -1     -1  1927-06-01
18008     18083      -1     -1  0000-00-00
18031     18106      -1     -1  0000-00-00
18042     18117      -1     -1  0000-00-00
18044     18119      -1     -1  0000-00-00
18048     18123      -1     -1  0000-00-00
18052     18127      -1     -1  0000-00-00
18058     18133      -1     -1  0000-00-00
18060     18135      -1     -1  0000-00-00
18063     18138      -1     -1  2010-03-12
18116     18191      -1     -1  0000-00-00
18123     18198      -1     -1  0000-00-00
18132     18207      -1     -1  0000-00-00
18148     18224      -1     -1  2007-01-04
18169     18245      -1     -1  0000-00-00
18170     18246      -1     -1  0000-00-00
18178     18254      -1     -1  0000-00-00
18184     18260      -1     -1  1941-02-14
18187     18263      -1     -1  0000-00-00
18193     18269      -1     -1  0000-00-00
18199     18275      -1     -1  1932-01-01
18228     18304      -1     -1  1899-01-01
18233     18309      -1     -1  0000-00-00
18237     18313      -1     -1  1912-01-01
18242     18318      -1     -1  0000-00-00
18268     18344      -1     -1  1994-10-27
18285     18361      -1     -1  0000-00-00
18293     18369      -1     -1  0000-00-00
18309     18385      -1     -1  0000-00-00
18314     18390      -1     -1  0000-00-00
18324     18400      -1     -1  0000-00-00
18329     18405      -1     -1  0000-00-00
18344     18420      -1     -1  0000-00-00
18352     18428      -1     -1  0000-00-00
18355     18431      -1     -1  0000-00-00
18376     18452      -1     -1  0000-00-00
18392     18468      -1     -1  0000-00-00
18393     18469      -1     -1  0000-00-00
18404     18480      -1     -1  0000-00-00
18411     18487      -1     -1  0000-00-00
18431     18507      -1     -1  0000-00-00
18492     18568      -1     -1  0000-00-00
18520     18596      -1     -1  0000-00-00
18539     18615      -1     -1  1949-01-01
18554     18630      -1     -1  1905-01-01
18557     18633      -1     -1  1911-01-01
18570     18646      -1     -1  2020-08-08
18600     18676      -1     -1  0000-00-00
18613     18689      -1     -1  0000-00-00
18650     18726      -1     -1  0000-00-00
18653     18730      -1     -1  1907-01-01
18698     18775      -1     -1  0000-00-00
18721     18798      -1     -1  1922-01-01
18749     18826      -1     -1  0000-00-00
18770     18847      -1     -1  0000-00-00
18808     18885      -1     -1  1943-01-01
18841     18927      -1     -1  2005-01-01
18850     18937      -1     -1  0000-00-00
18936     19024      -1     -1  1972-06-10
18945     19033      -1     -1  0000-00-00
18949     19037      -1     -1  0000-00-00
18950     19038      -1     -1  0000-00-00
18973     19061      -1     -1  0000-00-00
18975     19063      -1     -1  1968-01-01
18979     19067      -1     -1  0000-00-00
18981     19069      -1     -1  1969-01-01
19031     19119      -1     -1  1950-07-13
19038     19126      -1     -1  0000-00-00
19039     19127      -1     -1  0000-00-00
19040     19128      -1     -1  1922-01-01
19041     19129      -1     -1  1921-01-01
19042     19130      -1     -1  1922-01-01
19045     19133      -1     -1  1902-01-01
19046     19134      -1     -1  0000-00-00
19079     19167      -1     -1  0000-00-00
19127     19215      -1     -1  1915-01-01
19166     19254      -1     -1  0000-00-00
19173     19261      -1     -1  2019-07-10
19189     19277      -1     -1  0000-00-00
19200     19288      -1     -1  1926-01-01
19210     19298      -1     -1  2007-10-31
19231     19319      -1     -1  0000-00-00
19232     19320      -1     -1  0000-00-00
19238     19326      -1     -1  0000-00-00
19240     19328      -1     -1  2007-07-25
19246     19334      -1     -1  1903-01-01
19261     19349      -1     -1  0000-00-00
19274     19363      -1     -1  0000-00-00
19315     19404      -1     -1  0000-00-00
19319     19408      -1     -1  0000-00-00
19404     19493      -1     -1  0000-00-00
19429     19518      -1     -1  0000-00-00
19439     19528      -1     -1  0000-00-00
19447     19536      -1     -1  0000-00-00
19448     19537      -1     -1  0000-00-00
19473     19562      -1     -1  0000-00-00
19504     19593      -1     -1  2013-10-22
19519     19608      -1     -1  0000-00-00
19554     19643      -1     -1  1957-01-01
19582     19671      -1     -1  1900-01-01
19592     19681      -1     -1  1896-01-01
19736     19827      -1     -1  0000-00-00
19737     19828      -1     -1  0000-00-00
19766     19857      -1     -1  0000-00-00
19795     19886      -1     -1  1903-01-01
19799     19890      -1     -1  2013-10-22
19809     19900      -1     -1  1955-01-01
19832     19923      -1     -1  1933-01-01
19838     19929      -1     -1  0000-00-00
19862     19953      -1     -1  1899-01-01
19866     19957      -1     -1  1910-01-01
19867     19958      -1     -1  1919-01-01
19874     19966      -1     -1  0000-00-00
19876     19968      -1     -1  0000-00-00
19897     19989      -1     -1  0000-00-00
19912     20004      -1     -1  0000-00-00
19924     20016      -1     -1  0000-00-00
19937     20029      -1     -1  0000-00-00
19942     20034      -1     -1  0000-00-00
19956     20048      -1     -1  0000-00-00
19957     20049      -1     -1  0000-00-00
19958     20050      -1     -1  1952-01-01
19977     20069      -1     -1  0000-00-00
19981     20073      -1     -1  1952-10-10
20026     20118      -1     -1  1911-01-01
20027     20119      -1     -1  1900-01-02
20032     20124      -1     -1  1903-01-01
20033     20125      -1     -1  1894-01-01
20034     20127      -1     -1  1902-01-01
20044     20137      -1     -1  1905-01-01
20046     20139      -1     -1  0000-00-00
20050     20143      -1     -1  1955-01-01
20073     20166      -1     -1  2014-01-10
20083     20176      -1     -1  0000-00-00
20086     20179      -1     -1  1913-01-01
20088     20182      -1     -1  1918-01-01
20091     20185      -1     -1  1970-01-01
20092     20186      -1     -1  0000-00-00
20102     20196      -1     -1  1899-01-01
20104     20198      -1     -1  1885-01-01
20105     20199      -1     -1  1932-01-01
20169     20263      -1     -1  1933-01-01
20174     20268      -1     -1  0000-00-00
20192     20286      -1     -1  0000-00-00
20195     20289      -1     -1  1902-01-01
20198     20292      -1     -1  0000-00-00
20201     20295      -1     -1  0000-00-00
20209     20303      -1     -1  0000-00-00
20218     20312      -1     -1  0000-00-00
20239     20333      -1     -1  0000-00-00
20241     20335      -1     -1  0000-00-00
20304     20398      -1     -1  0000-00-00
20307     20401      -1     -1  0000-00-00
20308     20402      -1     -1  1972-05-17
20315     20409      -1     -1  1973-01-01
20316     20410      -1     -1  0000-00-00
20362     20456      -1     -1  0000-00-00
20413     20507      -1     -1  0000-00-00
20435     20529      -1     -1  2019-06-02
20436     20530      -1     -1  2019-06-02
20437     20531      -1     -1  2019-06-02
20438     20532      -1     -1  2019-06-02
20439     20533      -1     -1  2019-06-02
20461     20555      -1     -1  2012-10-16
20475     20569      -1     -1  1925-05-22
20482     20576      -1     -1  2018-07-03
20496     20590      -1     -1  1919-01-01
20498     20592      -1     -1  1936-01-01
20499     20593      -1     -1  1936-01-01
20566     20660      -1     -1  0000-00-00
20567     20661      -1     -1  0000-00-00
20570     20664      -1     -1  0000-00-00
20578     20673      -1     -1  0000-00-00
20581     20676      -1     -1  1903-01-01
20585     20680      -1     -1  1911-01-01
20586     20681      -1     -1  0000-00-00
20592     20687      -1     -1  0000-00-00
20594     20689      -1     -1  0000-00-00
20596     20691      -1     -1  0000-00-00
20601     20696      -1     -1  0000-00-00
20603     20698      -1     -1  1906-01-01
20613     20710      -1     -1  1909-01-01
20614     20711      -1     -1  0000-00-00
20631     20728      -1     -1  0000-00-00
20634     20731      -1     -1  1904-01-01
20639     20736      -1     -1  0000-00-00
20641     20738      -1     -1  0000-00-00
20653     20750      -1     -1  0000-00-00
20661     20758      -1     -1  0000-00-00
20663     20760      -1     -1  0000-00-00
20664     20761      -1     -1  0000-00-00
20665     20762      -1     -1  0000-00-00
20673     20772      -1     -1  0000-00-00
20675     20774      -1     -1  0000-00-00
20677     20776      -1     -1  1915-01-01
20683     20782      -1     -1  1905-01-01
20684     20783      -1     -1  0000-00-00
20685     20784      -1     -1  0000-00-00
20688     20787      -1     -1  0000-00-00
20696     20795      -1     -1  0000-00-00
20697     20796      -1     -1  0000-00-00
20705     20804      -1     -1  0000-00-00
20706     20805      -1     -1  0000-00-00
20707     20806      -1     -1  0000-00-00
20714     20816      -1     -1  0000-00-00
20720     20822      -1     -1  1888-01-01
20721     20823      -1     -1  1882-01-01
20723     20825      -1     -1  1926-01-01
20725     20827      -1     -1  1902-01-01
20730     20832      -1     -1  1952-01-01
20742     20844      -1     -1  1904-01-01
20743     20845      -1     -1  1908-01-01
20746     20848      -1     -1  1900-01-02
20747     20850      -1     -1  1910-01-01
20748     20851      -1     -1  1895-01-01
20749     20852      -1     -1  1899-01-01
20750     20853      -1     -1  1928-01-01
20751     20854      -1     -1  1902-01-01
20752     20855      -1     -1  1903-01-01
20756     20860      -1     -1  1899-01-01
20757     20861      -1     -1  1897-01-01
20758     20862      -1     -1  1917-01-01
20759     20863      -1     -1  1909-01-01
20760     20864      -1     -1  1913-01-01
20761     20866      -1     -1  1924-01-01
20762     20867      -1     -1  1908-01-01
20763     20868      -1     -1  1915-01-01
20764     20869      -1     -1  1914-01-01
20766     20871      -1     -1  1899-01-01
20767     20872      -1     -1  1891-01-01
20768     20873      -1     -1  1901-01-01
20769     20874      -1     -1  1899-01-01
20770     20875      -1     -1  1915-01-01
20771     20876      -1     -1  1893-01-01
20772     20877      -1     -1  1911-01-01
20773     20878      -1     -1  1895-01-01
20774     20879      -1     -1  1900-01-02
20775     20880      -1     -1  1928-01-01
20776     20881      -1     -1  1911-01-01
20777     20882      -1     -1  1917-01-01
20778     20883      -1     -1  1913-01-01
20781     20886      -1     -1  1915-01-01
20784     20889      -1     -1  1893-01-01
20785     20890      -1     -1  1927-01-01
20787     20892      -1     -1  1913-01-01
20788     20893      -1     -1  1909-01-01
20791     20897      -1     -1  1918-01-01
20792     20898      -1     -1  1895-01-01
20793     20899      -1     -1  1899-01-01
20795     20901      -1     -1  1913-01-01
20797     20903      -1     -1  1918-01-01
20798     20904      -1     -1  1908-01-01
20799     20905      -1     -1  1897-01-01
20801     20907      -1     -1  1898-01-01
20802     20908      -1     -1  1894-01-01
20803     20909      -1     -1  1917-01-01
20804     20910      -1     -1  1898-01-01
20808     20914      -1     -1  1899-01-01
20809     20915      -1     -1  1918-01-01
20811     20918      -1     -1  1913-01-01
20812     20919      -1     -1  1917-01-01
20818     20925      -1     -1  1894-01-01
20819     20926      -1     -1  1903-01-01
20820     20927      -1     -1  1905-01-01
20821     20928      -1     -1  1900-01-02
20829     20936      -1     -1  1901-01-01
20835     20942      -1     -1  1919-01-01
20846     20953      -1     -1  2014-10-20
20859     20966      -1     -1  0000-00-00
20860     20967      -1     -1  0000-00-00
20863     20970      -1     -1  0000-00-00
20868     20975      -1     -1  0000-00-00
20870     20977      -1     -1  1920-04-01
20872     20979      -1     -1  1926-01-01
20875     20982      -1     -1  1926-01-01
20881     20988      -1     -1  0000-00-00
20887     20994      -1     -1  0000-00-00
20890     20997      -1     -1  1927-01-01
20891     20998      -1     -1  0000-00-00
20897     21004      -1     -1  0000-00-00
20898     21005      -1     -1  0000-00-00
20905     21012      -1     -1  0000-00-00
20935     21044      -1     -1  0000-00-00
20978     21087      -1     -1  0000-00-00
20985     21094      -1     -1  0000-00-00
20996     21105      -1     -1  2010-07-01
21019     21128      -1     -1  1985-01-01
21056     21165      -1     -1  1957-05-04
21146     21255      -1     -1  0000-00-00
21174     21283      -1     -1  0000-00-00
21201     21310      -1     -1  1929-01-01
21202     21311      -1     -1  0000-00-00
21288     21399      -1     -1  0000-00-00
21297     21408      -1     -1  0000-00-00
21340     21451      -1     -1  1884-01-01
21341     21452      -1     -1  1905-01-01
21352     21463      -1     -1  1903-01-01
21354     21465      -1     -1  1899-01-01
21355     21466      -1     -1  1928-01-01
21380     21492      -1     -1  1920-01-01
21397     21509      -1     -1  0000-00-00
21417     21529      -1     -1  2014-11-15
21425     21537      -1     -1  0000-00-00
21426     21538      -1     -1  1992-02-02
21439     21551      -1     -1  0000-00-00
21462     21574      -1     -1  0000-00-00
21488     21600      -1     -1  0000-00-00
21495     21607      -1     -1  0000-00-00
21528     21640      -1     -1  1980-10-07
21561     21673      -1     -1  0000-00-00
21567     21679      -1     -1  0000-00-00
21571     21683      -1     -1  0000-00-00
21645     21758      -1     -1  0000-00-00
21710     21823      -1     -1  2008-03-25
21712     21825      -1     -1  0000-00-00
21713     21827      -1     -1  1915-01-01
21714     21828      -1     -1  1915-01-01
21727     21841      -1     -1  0000-00-00
21740     21854      -1     -1  0000-00-00
21758     21873      -1     -1  0000-00-00
21767     21882      -1     -1  0000-00-00
21772     21887      -1     -1  0000-00-00
21774     21889      -1     -1  0000-00-00
21783     21898      -1     -1  0000-00-00
21784     21899      -1     -1  0000-00-00
21785     21900      -1     -1  0000-00-00
21799     21914      -1     -1  1926-07-01
21803     21918      -1     -1  0000-00-00
21815     21930      -1     -1  0000-00-00
21839     21954      -1     -1  0000-00-00
21841     21956      -1     -1  1931-01-01
21859     21974      -1     -1  1962-01-01
21866     21981      -1     -1  1922-01-01
21882     21997      -1     -1  0000-00-00
21888     22003      -1     -1  0000-00-00
21892     22007      -1     -1  0000-00-00
21911     22026      -1     -1  0000-00-00
21914     22029      -1     -1  0000-00-00
21938     22054      -1     -1  1990-09-18
21946     22062      -1     -1  1992-06-09
21980     22096      -1     -1  1980-02-06
21981     22097      -1     -1  1979-01-01
21986     22102      -1     -1  0000-00-00
21988     22104      -1     -1  0000-00-00
22016     22132      -1     -1  1899-01-01
22065     22181      -1     -1  0000-00-00
22087     22203      -1     -1  0000-00-00
22106     22222      -1     -1  0000-00-00
22197     22314      -1     -1  2012-10-01
22230     22347      -1     -1  0000-00-00
22242     22359      -1     -1  1934-01-01
22286     22403      -1     -1  0000-00-00
22299     22416      -1     -1  0000-00-00
22301     22418      -1     -1  0000-00-00
22316     22433      -1     -1  0000-00-00
22430     22548      -1     -1  0000-00-00
22465     22583      -1     -1  0000-00-00
22500     22618      -1     -1  0000-00-00
22520     22638      -1     -1  0000-00-00
22526     22644      -1     -1  0000-00-00
22533     22651      -1     -1  1919-01-01
22553     22671      -1     -1  0000-00-00
22558     22676      -1     -1  0000-00-00
22580     22698      -1     -1  0000-00-00
22587     22705      -1     -1  1923-01-01
22590     22708      -1     -1  0000-00-00
22606     22724      -1     -1  1934-01-01
22633     22752      -1     -1  1895-01-01
22645     22764      -1     -1  0000-00-00
22653     22772      -1     -1  0000-00-00
22676     22795      -1     -1  0000-00-00
22685     22804      -1     -1  0000-00-00
22699     22818      -1     -1  0000-00-00
22700     22819      -1     -1  0000-00-00
22702     22821      -1     -1  0000-00-00
22704     22823      -1     -1  0000-00-00
22711     22830      -1     -1  0000-00-00
22721     22840      -1     -1  1962-07-20
22727     22846      -1     -1  0000-00-00
22729     22848      -1     -1  0000-00-00
22739     22858      -1     -1  0000-00-00
22743     22862      -1     -1  0000-00-00
22782     22901      -1     -1  0000-00-00
22858     22977      -1     -1  1950-01-01
22874     22993      -1     -1  0000-00-00
22876     22995      -1     -1  1990-02-09
22895     23014      -1     -1  1972-01-01
22900     23019      -1     -1  0000-00-00
22904     23023      -1     -1  1913-01-01
22919     23038      -1     -1  0000-00-00
22925     23044      -1     -1  0000-00-00
22944     23063      -1     -1  0000-00-00
22980     23099      -1     -1  0000-00-00
22985     23104      -1     -1  0000-00-00
22989     23108      -1     -1  0000-00-00
22990     23109      -1     -1  1958-01-01
22995     23114      -1     -1  0000-00-00
23001     23120      -1     -1  0000-00-00
23008     23130      -1     -1  0000-00-00
23029     23151      -1     -1  2014-03-22
23044     23166      -1     -1  1907-01-01
23045     23168      -1     -1  1907-01-01
23090     23213      -1     -1  0000-00-00
23127     23250      -1     -1  0000-00-00
23177     23300      -1     -1  0000-00-00
23180     23303      -1     -1  2019-09-30
23212     23335      -1     -1  0000-00-00
23253     23376      -1     -1  2005-01-01
23255     23378      -1     -1  0000-00-00
23260     23383      -1     -1  0000-00-00
23275     23398      -1     -1  0000-00-00
23282     23405      -1     -1  0000-00-00
23291     23414      -1     -1  1924-01-01
23301     23424      -1     -1  0000-00-00
23350     23473      -1     -1  0000-00-00
23368     23491      -1     -1  0000-00-00
23371     23494      -1     -1  0000-00-00
23372     23495      -1     -1  0000-00-00
23374     23497      -1     -1  0000-00-00
23391     23514      -1     -1  1924-01-01
23393     23516      -1     -1  1898-01-01
23405     23528      -1     -1  2013-04-24
23415     23538      -1     -1  0000-00-00
23419     23542      -1     -1  1931-01-01
23421     23544      -1     -1  1899-01-01
23423     23546      -1     -1  0000-00-00
23449     23572      -1     -1  1922-01-01
23451     23574      -1     -1  1895-01-01
23452     23575      -1     -1  1927-01-01
23456     23579      -1     -1  1903-01-01
23459     23582      -1     -1  1923-01-01
23460     23583      -1     -1  1934-01-01
23469     23592      -1     -1  0000-00-00
23475     23598      -1     -1  1912-01-01
23483     23606      -1     -1  1894-01-01
23485     23608      -1     -1  1898-01-01
23487     23610      -1     -1  1897-01-01
23491     23614      -1     -1  0000-00-00
23502     23625      -1     -1  1897-07-03
23506     23629      -1     -1  1915-01-01
23521     23644      -1     -1  0000-00-00
23522     23645      -1     -1  1898-01-01
23524     23647      -1     -1  0000-00-00
23528     23651      -1     -1  0000-00-00
23533     23656      -1     -1  1920-01-01
23535     23658      -1     -1  1899-01-01
23536     23659      -1     -1  1899-01-01
23546     23669      -1     -1  0000-00-00
23565     23688      -1     -1  0000-00-00
23596     23719      -1     -1  0000-00-00
23609     23732      -1     -1  0000-00-00
23624     23747      -1     -1  0000-00-00
23625     23748      -1     -1  1900-01-02
23659     23782      -1     -1  0000-00-00
23660     23783      -1     -1  0000-00-00
23662     23785      -1     -1  0000-00-00
23671     23794      -1     -1  0000-00-00
23711     23834      -1     -1  1920-01-01
23735     23858      -1     -1  0000-00-00
23736     23859      -1     -1  0000-00-00
23759     23882      -1     -1  0000-00-00
23769     23892      -1     -1  0000-00-00
23772     23895      -1     -1  0000-00-00
23778     23901      -1     -1  1958-01-01
23791     23914      -1     -1  0000-00-00
23793     23916      -1     -1  0000-00-00
23826     23949      -1     -1  1919-01-01
23831     23954      -1     -1  0000-00-00
23834     23958      -1     -1  1903-01-01
23835     23959      -1     -1  1931-01-01
23839     23963      -1     -1  1905-01-01
23841     23965      -1     -1  2008-03-02
23850     23974      -1     -1  0000-00-00
23859     23983      -1     -1  0000-00-00
23866     23990      -1     -1  0000-00-00
23876     24000      -1     -1  0000-00-00
23880     24004      -1     -1  1910-01-01
23889     24013      -1     -1  1949-01-01
23896     24020      -1     -1  0000-00-00
24068     24192      -1     -1  1929-02-01
24077     24201      -1     -1  1927-01-01
24078     24202      -1     -1  1925-03-20
24080     24204      -1     -1  1907-01-01
24081     24205      -1     -1  2019-12-10
24083     24207      -1     -1  0000-00-00
24093     24217      -1     -1  2003-02-22
24110     24234      -1     -1  1923-01-01
24112     24236      -1     -1  1927-01-01
24115     24239      -1     -1  1923-01-01
24116     24240      -1     -1  1919-01-01
24117     24241      -1     -1  1928-01-01
24118     24242      -1     -1  1919-01-01
24119     24244      -1     -1  1930-01-01
24164     24291      -1     -1  0000-00-00
24182     24309      -1     -1  2012-03-01
24189     24316      -1     -1  0000-00-00
24190     24317      -1     -1  0000-00-00
24202     24329      -1     -1  2012-02-16
24211     24338      -1     -1  2008-03-25
24218     24345      -1     -1  1931-01-01
24221     24348      -1     -1  1895-01-01
24223     24350      -1     -1  1916-01-01
24231     24358      -1     -1  0000-00-00
24233     24360      -1     -1  0000-00-00
24235     24362      -1     -1  0000-00-00
24236     24363      -1     -1  1950-01-01
24237     24364      -1     -1  1905-01-01
24241     24368      -1     -1  0000-00-00
24244     24371      -1     -1  2006-01-01
24261     24388      -1     -1  0000-00-00
24273     24400      -1     -1  0000-00-00
24278     24405      -1     -1  0000-00-00
24280     24407      -1     -1  0000-00-00
24282     24409      -1     -1  0000-00-00
24287     24414      -1     -1  0000-00-00
24297     24424      -1     -1  0000-00-00
24299     24426      -1     -1  0000-00-00
24300     24427      -1     -1  0000-00-00
24307     24434      -1     -1  0000-00-00
24319     24446      -1     -1  0000-00-00
24325     24452      -1     -1  0000-00-00
24380     24507      -1     -1  0000-00-00
24390     24517      -1     -1  0000-00-00
24395     24522      -1     -1  2003-07-16
24397     24524      -1     -1  0000-00-00
24420     24547      -1     -1  1896-01-01
24430     24557      -1     -1  1933-01-01
24434     24561      -1     -1  1892-01-01
24438     24565      -1     -1  0000-00-00
24481     24608      -1     -1  0000-00-00
24508     24635      -1     -1  1902-01-01
24509     24636      -1     -1  1896-01-01
24512     24639      -1     -1  1899-01-01
24514     24641      -1     -1  1895-01-01
24518     24645      -1     -1  1895-01-01
24520     24647      -1     -1  1892-01-01
24521     24648      -1     -1  1901-01-01
24522     24649      -1     -1  1898-01-01
24523     24650      -1     -1  1892-01-01
24524     24651      -1     -1  1899-01-01
24526     24654      -1     -1  1887-01-01
24527     24655      -1     -1  1922-01-01
24528     24656      -1     -1  1891-01-01
24529     24657      -1     -1  1902-01-01
24530     24658      -1     -1  1904-01-01
24531     24659      -1     -1  1888-01-01
24532     24660      -1     -1  1928-01-01
24536     24664      -1     -1  0000-00-00
24538     24666      -1     -1  0000-00-00
24539     24667      -1     -1  1900-01-02
24544     24672      -1     -1  1890-01-01
24545     24673      -1     -1  1891-01-01
24557     24685      -1     -1  0000-00-00
24558     24687      -1     -1  1917-01-01
24598     24727      -1     -1  0000-00-00
24605     24734      -1     -1  0000-00-00
24611     24740      -1     -1  1927-01-01
24613     24742      -1     -1  0000-00-00
24621     24750      -1     -1  0000-00-00
24622     24751      -1     -1  0000-00-00
24629     24758      -1     -1  0000-00-00
24663     24792      -1     -1  1917-01-01
24679     24808      -1     -1  0000-00-00
24699     24828      -1     -1  0000-00-00
24701     24830      -1     -1  2015-01-22
24712     24841      -1     -1  0000-00-00
24732     24861      -1     -1  1938-01-01
24746     24875      -1     -1  0000-00-00
24750     24879      -1     -1  0000-00-00
24770     24899      -1     -1  1998-01-06
24777     24906      -1     -1  1996-02-26
24821     24950      -1     -1  0000-00-00
24824     24953      -1     -1  0000-00-00
24826     24955      -1     -1  2013-10-19
24837     24966      -1     -1  1924-11-01
24838     24967      -1     -1  0000-00-00
24846     24975      -1     -1  1929-05-01
24870     24999      -1     -1  0000-00-00
24947     25076      -1     -1  1967-03-26
24961     25090      -1     -1  0000-00-00
24964     25093      -1     -1  0000-00-00
25002     25131      -1     -1  0000-00-00
25005     25134      -1     -1  0000-00-00
25027     25156      -1     -1  0000-00-00
25038     25167      -1     -1  0000-00-00
25042     25171      -1     -1  0000-00-00
25077     25207      -1     -1  0000-00-00
25080     25210      -1     -1  0000-00-00
25145     25275      -1     -1  1979-07-22
25155     25285      -1     -1  1980-11-01
25197     25327      -1     -1  1987-05-28
25210     25340      -1     -1  1988-05-07
25239     25369      -1     -1  1926-01-01
25252     25382      -1     -1  1924-01-01
25306     25436      -1     -1  1963-07-01
25347     25477      -1     -1  0000-00-00
25367     25499      -1     -1  1905-01-01
25369     25501      -1     -1  1899-01-01
25370     25502      -1     -1  1899-01-01
25374     25506      -1     -1  1899-01-01
25375     25508      -1     -1  1903-01-01
25376     25510      -1     -1  1898-01-01
25377     25511      -1     -1  1899-01-01
25378     25512      -1     -1  1923-01-01
25379     25513      -1     -1  1927-08-27
25387     25521      -1     -1  1897-01-01
25397     25531      -1     -1  1903-01-01
25403     25537      -1     -1  0000-00-00
25409     25543      -1     -1  2009-06-10
25412     25546      -1     -1  0000-00-00
25437     25573      -1     -1  0000-00-00
25469     25605      -1     -1  0000-00-00
25471     25607      -1     -1  1980-04-07
25484     25620      -1     -1  0000-00-00
25490     25626      -1     -1  1975-01-01
25524     25660      -1     -1  0000-00-00
25544     25680      -1     -1  0000-00-00
25545     25681      -1     -1  2010-09-30
25623     25759      -1     -1  0000-00-00
25624     25760      -1     -1  0000-00-00
25668     25804      -1     -1  0000-00-00
25669     25805      -1     -1  0000-00-00
25857     25994      -1     -1  0000-00-00
25882     26019      -1     -1  0000-00-00
25959     26097      -1     -1  0000-00-00
26016     26154      -1     -1  0000-00-00
26046     26184      -1     -1  0000-00-00
26054     26192      -1     -1  1964-01-01
26059     26197      -1     -1  1911-01-01
26086     26224      -1     -1  2018-11-28
26205     26343      -1     -1  0000-00-00
26207     26345      -1     -1  0000-00-00
26242     26380      -1     -1  1932-01-01
26246     26384      -1     -1  0000-00-00
26279     26417      -1     -1  1924-01-01
26283     26421      -1     -1  0000-00-00
26289     26427      -1     -1  0000-00-00
26319     26458      -1     -1  1980-01-01
26323     26462      -1     -1  0000-00-00
26338     26477      -1     -1  1961-01-01
26458     26597      -1     -1  0000-00-00
26473     26612      -1     -1  2015-03-23
26494     26633      -1     -1  1930-06-01
26529     26669      -1     -1  0000-00-00
26531     26671      -1     -1  0000-00-00
26536     26676      -1     -1  1904-01-01
26539     26679      -1     -1  0000-00-00
26590     26730      -1     -1  0000-00-00
26600     26740      -1     -1  0000-00-00
26692     26832      -1     -1  0000-00-00
26706     26846      -1     -1  0000-00-00
26708     26848      -1     -1  0000-00-00
26720     26860      -1     -1  2012-06-02
26730     26870      -1     -1  0000-00-00
26736     26876      -1     -1  0000-00-00
26776     26916      -1     -1  1926-01-01
26786     26926      -1     -1  1905-01-01
26828     26968      -1     -1  2009-08-14
26830     26971      -1     -1  0000-00-00
26855     26996      -1     -1  0000-00-00
26865     27006      -1     -1  0000-00-00
26873     27014      -1     -1  0000-00-00
26875     27016      -1     -1  0000-00-00
26877     27018      -1     -1  0000-00-00
26880     27021      -1     -1  0000-00-00
26898     27039      -1     -1  0000-00-00
26899     27040      -1     -1  0000-00-00
26900     27041      -1     -1  0000-00-00
26901     27042      -1     -1  0000-00-00
26902     27043      -1     -1  0000-00-00
26908     27049      -1     -1  1988-01-17
26913     27054      -1     -1  0000-00-00
26914     27055      -1     -1  1960-01-01
26953     27094      -1     -1  0000-00-00
26983     27124      -1     -1  1908-01-01
26984     27125      -1     -1  0000-00-00
27005     27146      -1     -1  2019-03-21
27054     27195      -1     -1  0000-00-00
27065     27206      -1     -1  0000-00-00
27067     27208      -1     -1  2017-11-28
27076     27217      -1     -1  1892-01-01
27082     27223      -1     -1  1886-02-01
27085     27226      -1     -1  1987-01-01
27097     27238      -1     -1  0000-00-00
27114     27255      -1     -1  0000-00-00
27152     27294      -1     -1  0000-00-00
27182     27324      -1     -1  1980-02-25
27191     27333      -1     -1  0000-00-00
27205     27347      -1     -1  0000-00-00
27243     27385      -1     -1  0000-00-00
27262     27404      -1     -1  1963-01-01
27310     27452      -1     -1  1922-01-01
27347     27490      -1     -1  0000-00-00
27382     27525      -1     -1  1977-10-04
27387     27530      -1     -1  1980-10-06
27394     27537      -1     -1  0000-00-00
27396     27539      -1     -1  0000-00-00
27476     27621      -1     -1  1981-01-01
27480     27625      -1     -1  1910-01-01
27524     27669      -1     -1  0000-00-00
27536     27681      -1     -1  0000-00-00
27537     27682      -1     -1  1969-05-30
27541     27686      -1     -1  0000-00-00
27542     27687      -1     -1  0000-00-00
27546     27691      -1     -1  0000-00-00
27547     27692      -1     -1  0000-00-00
27548     27693      -1     -1  1957-01-01
27590     27735      -1     -1  0000-00-00
27596     27741      -1     -1  1958-01-01
27633     27778      -1     -1  0000-00-00
27645     27792      -1     -1  2010-01-01
27647     27794      -1     -1  0000-00-00
27666     27813      -1     -1  0000-00-00
27698     27845      -1     -1  2015-03-23
27709     27856      -1     -1  0000-00-00
27724     27871      -1     -1  2015-08-30
27741     27888      -1     -1  0000-00-00
27742     27889      -1     -1  0000-00-00
27791     27939      -1     -1  1989-03-03
27796     27944      -1     -1  0000-00-00
27808     27956      -1     -1  1921-01-01
27827     27975      -1     -1  0000-00-00
27835     27983      -1     -1  0000-00-00
27868     28016      -1     -1  1983-01-11
27884     28032      -1     -1  1924-01-01
27886     28034      -1     -1  0000-00-00
27893     28041      -1     -1  0000-00-00
27895     28043      -1     -1  2009-10-29
27899     28047      -1     -1  2019-03-21
27947     28096      -1     -1  0000-00-00
27948     28097      -1     -1  1920-01-01
27969     28118      -1     -1  2019-03-21
27975     28124      -1     -1  2015-01-17
27990     28139      -1     -1  0000-00-00
27999     28148      -1     -1  0000-00-00
28006     28155      -1     -1  0000-00-00
28010     28159      -1     -1  0000-00-00
28041     28190      -1     -1  0000-00-00
28050     28199      -1     -1  0000-00-00
28072     28221      -1     -1  1907-01-01
28093     28242      -1     -1  0000-00-00
28104     28253      -1     -1  2008-01-01
28151     28301      -1     -1  0000-00-00
28155     28305      -1     -1  0000-00-00
28170     28320      -1     -1  0000-00-00
28179     28329      -1     -1  0000-00-00
28201     28351      -1     -1  0000-00-00
28226     28376      -1     -1  2010-11-03
28229     28379      -1     -1  0000-00-00
28231     28381      -1     -1  1910-01-01
28253     28403      -1     -1  2009-01-04
28269     28419      -1     -1  0000-00-00
28307     28457      -1     -1  0000-00-00
28322     28472      -1     -1  0000-00-00
28355     28505      -1     -1  1973-05-04
28361     28511      -1     -1  1973-07-26
28410     28560      -1     -1  2009-01-01
28413     28564      -1     -1  0000-00-00
28415     28566      -1     -1  2010-11-20
28426     28577      -1     -1  1922-01-01
28430     28581      -1     -1  0000-00-00
28433     28584      -1     -1  0000-00-00
28440     28591      -1     -1  0000-00-00
28442     28593      -1     -1  1923-01-01
28443     28595      -1     -1  0000-00-00
28447     28599      -1     -1  0000-00-00
28455     28607      -1     -1  0000-00-00
28482     28634      -1     -1  2010-10-25
28483     28635      -1     -1  2010-10-25
28573     28725      -1     -1  0000-00-00
28594     28746      -1     -1  0000-00-00
28595     28747      -1     -1  1999-12-12
28671     28823      -1     -1  0000-00-00
28674     28826      -1     -1  0000-00-00
28675     28827      -1     -1  1920-01-01
28705     28857      -1     -1  1893-11-25
28707     28859      -1     -1  1885-01-01
28730     28882      -1     -1  1897-01-01
28733     28885      -1     -1  1908-01-01
28735     28887      -1     -1  1905-01-01
28739     28893      -1     -1  1888-02-01
28741     28895      -1     -1  1921-01-01
28742     28897      -1     -1  1916-01-01
28743     28898      -1     -1  1899-01-01
28744     28899      -1     -1  1916-01-01
28745     28900      -1     -1  1921-01-01
28746     28901      -1     -1  1890-01-01
28747     28902      -1     -1  1903-01-01
28748     28903      -1     -1  1883-01-01
28749     28904      -1     -1  1908-01-01
28750     28905      -1     -1  1899-01-01
28751     28906      -1     -1  1903-01-01
28752     28907      -1     -1  1900-01-02
28753     28908      -1     -1  1903-01-01
28754     28910      -1     -1  1888-01-01
28755     28912      -1     -1  1895-01-01
28762     28919      -1     -1  1912-01-01
28765     28922      -1     -1  1906-01-01
28860     29017      -1     -1  0000-00-00
28876     29033      -1     -1  1886-01-01
28887     29045      -1     -1  0000-00-00
28904     29062      -1     -1  0000-00-00
28905     29063      -1     -1  0000-00-00
28924     29082      -1     -1  1931-11-01
28949     29108      -1     -1  1900-01-02
28950     29109      -1     -1  1900-01-02
28954     29113      -1     -1  1890-01-01
28962     29121      -1     -1  0000-00-00
28971     29130      -1     -1  0000-00-00
28974     29133      -1     -1  1899-01-01
28975     29134      -1     -1  1924-07-01
29023     29182      -1     -1  0000-00-00
29027     29186      -1     -1  1921-01-01
29034     29193      -1     -1  0000-00-00
29039     29198      -1     -1  0000-00-00
29043     29202      -1     -1  1931-01-01
29056     29229      -1     -1  0000-00-00
29069     29242      -1     -1  0000-00-00
29071     29244      -1     -1  1985-01-29
29080     29253      -1     -1  2014-01-01
29083     29256      -1     -1  0000-00-00
29102     29275      -1     -1  0000-00-00
29109     29282      -1     -1  0000-00-00
29124     29297      -1     -1  0000-00-00
29133     29306      -1     -1  1931-01-01
29149     29322      -1     -1  1957-01-01
29186     29359      -1     -1  1908-01-01
29280     29453      -1     -1  1986-02-14
29300     29473      -1     -1  1989-11-14
29365     29538      -1     -1  0000-00-00
29503     29676      -1     -1  0000-00-00
29523     29696      -1     -1  0000-00-00
29534     29707      -1     -1  1936-01-01
29535     29708      -1     -1  1936-01-01
29562     29735      -1     -1  0000-00-00
29576     29749      -1     -1  1926-01-01
29579     29752      -1     -1  0000-00-00
29592     29765      -1     -1  0000-00-00
29593     29766      -1     -1  1975-01-01
29594     29767      -1     -1  0000-00-00
29598     29771      -1     -1  0000-00-00
29603     29776      -1     -1  0000-00-00
29643     29816      -1     -1  1956-01-01
29730     29903      -1     -1  1958-01-01
29772     29945      -1     -1  0000-00-00
29795     29968      -1     -1  1993-12-26
29799     29972      -1     -1  1993-12-26
29806     29979      -1     -1  2010-01-28
29826     30000      -1     -1  2007-07-07
29830     30004      -1     -1  1899-01-01
29840     30014      -1     -1  2013-01-01
29878     30053      -1     -1  1916-01-01
29880     30055      -1     -1  1916-01-01
29881     30056      -1     -1  1934-01-01
29882     30057      -1     -1  1934-01-01
29892     30067      -1     -1  0000-00-00
29897     30072      -1     -1  1902-01-01
29898     30073      -1     -1  1915-01-01
29901     30076      -1     -1  1907-01-01
29908     30083      -1     -1  1890-01-01
29916     30091      -1     -1  0000-00-00
29926     30101      -1     -1  1931-01-01
29951     30126      -1     -1  1908-01-01
29978     30153      -1     -1  2012-08-09
29986     30163      -1     -1  1922-01-01
29987     30164      -1     -1  1918-01-01
29989     30166      -1     -1  0000-00-00
30002     30179      -1     -1  0000-00-00
30003     30180      -1     -1  0000-00-00
30007     30184      -1     -1  0000-00-00
30021     30198      -1     -1  1902-01-01
30022     30199      -1     -1  1908-01-01
30024     30201      -1     -1  1917-01-01
30026     30203      -1     -1  1902-01-01
30027     30204      -1     -1  1901-01-01
30028     30205      -1     -1  1908-01-01
30029     30206      -1     -1  1897-01-01
30030     30207      -1     -1  1917-01-01
30031     30208      -1     -1  1917-01-01
30035     30212      -1     -1  1919-01-01
30036     30213      -1     -1  1927-01-01
30037     30214      -1     -1  1920-01-01
30038     30216      -1     -1  1901-01-01
30039     30217      -1     -1  1900-01-01
30040     30218      -1     -1  1920-01-01
30041     30219      -1     -1  1905-01-01
30043     30221      -1     -1  0000-00-00
30044     30222      -1     -1  1897-01-01
30048     30226      -1     -1  1901-01-01
30068     30246      -1     -1  2010-04-06
30069     30247      -1     -1  2010-04-06
30070     30248      -1     -1  0000-00-00
30072     30250      -1     -1  0000-00-00
30073     30251      -1     -1  0000-00-00
30075     30253      -1     -1  0000-00-00
30076     30254      -1     -1  2010-04-06
30077     30255      -1     -1  2010-04-06
30078     30256      -1     -1  0000-00-00
30079     30257      -1     -1  0000-00-00
30080     30258      -1     -1  2011-06-21
30081     30259      -1     -1  0000-00-00
30082     30260      -1     -1  0000-00-00
30090     30268      -1     -1  0000-00-00
30117     30295      -1     -1  0000-00-00
30121     30299      -1     -1  1917-01-01
30122     30300      -1     -1  2013-03-10
30139     30317      -1     -1  0000-00-00
30151     30329      -1     -1  0000-00-00
30257     30436      -1     -1  0000-00-00
30260     30439      -1     -1  0000-00-00
30279     30458      -1     -1  0000-00-00
30289     30468      -1     -1  2011-01-01
30293     30472      -1     -1  0000-00-00
30309     30488      -1     -1  0000-00-00
30312     30491      -1     -1  1952-08-31
30331     30510      -1     -1  1925-01-01
30355     30534      -1     -1  0000-00-00
30368     30547      -1     -1  0000-00-00
30369     30548      -1     -1  2017-07-08
30370     30549      -1     -1  0000-00-00
30376     30555      -1     -1  2014-09-12
30402     30581      -1     -1  0000-00-00
30405     30584      -1     -1  1885-01-01
30417     30596      -1     -1  0000-00-00
30423     30602      -1     -1  0000-00-00
30434     30613      -1     -1  1910-01-01
30451     30631      -1     -1  0000-00-00
30457     30637      -1     -1  1899-01-01
30463     30643      -1     -1  1924-01-01
30486     30666      -1     -1  1910-01-01
30534     30714      -1     -1  1918-01-01
30535     30715      -1     -1  1898-01-01
30536     30716      -1     -1  1917-01-01
30537     30717      -1     -1  1918-01-01
30539     30719      -1     -1  1923-01-01
30541     30721      -1     -1  0000-00-00
30543     30723      -1     -1  1898-01-01
30567     30748      -1     -1  1903-01-01
30581     30762      -1     -1  1896-01-01
30614     30795      -1     -1  1975-01-01
30633     30814      -1     -1  0000-00-00
30642     30823      -1     -1  1895-01-01
30663     30844      -1     -1  2006-01-01
30673     30854      -1     -1  0000-00-00
30676     30857      -1     -1  0000-00-00
30705     30886      -1     -1  1905-09-01
30708     30889      -1     -1  1929-01-01
30710     30891      -1     -1  1898-01-01
30711     30892      -1     -1  1926-01-01
30712     30893      -1     -1  1918-01-01
30714     30895      -1     -1  1926-01-01
30715     30896      -1     -1  1926-01-01
30716     30897      -1     -1  1918-01-01
30718     30899      -1     -1  1921-01-01
30719     30900      -1     -1  1933-01-01
30720     30901      -1     -1  1925-01-01
30721     30902      -1     -1  1919-01-01
30722     30903      -1     -1  1921-01-01
30723     30904      -1     -1  1900-01-02
30724     30905      -1     -1  1903-01-01
30726     30907      -1     -1  1910-01-01
30727     30908      -1     -1  1922-01-01
30728     30909      -1     -1  1905-01-01
30732     30913      -1     -1  1896-01-01
30733     30914      -1     -1  1906-01-01
30734     30915      -1     -1  1895-01-01
30736     30917      -1     -1  1917-01-01
30737     30918      -1     -1  1919-01-01
30739     30920      -1     -1  1936-01-01
30740     30921      -1     -1  1912-01-01
30741     30922      -1     -1  1924-01-01
30742     30923      -1     -1  1917-01-01
30743     30924      -1     -1  1916-01-01
30747     30928      -1     -1  1913-01-01
30749     30930      -1     -1  1915-01-01
30750     30931      -1     -1  1919-01-01
30751     30933      -1     -1  1925-01-01
30753     30937      -1     -1  1900-01-02
30754     30938      -1     -1  1923-01-01
30755     30939      -1     -1  1933-01-01
30758     30942      -1     -1  1905-01-01
30761     30945      -1     -1  1921-01-01
30762     30946      -1     -1  1936-01-01
30763     30947      -1     -1  1923-01-01
30764     30948      -1     -1  1923-01-01
30765     30949      -1     -1  1925-01-01
30783     30968      -1     -1  1931-01-01
30785     30970      -1     -1  1887-01-01
30786     30971      -1     -1  1917-01-01
30787     30972      -1     -1  1898-01-01
30788     30973      -1     -1  1918-01-01
30791     30976      -1     -1  1920-01-01
30794     30979      -1     -1  1910-01-01
30796     30981      -1     -1  1918-01-01
30797     30983      -1     -1  1924-01-01
30798     30984      -1     -1  1903-01-01
30799     30985      -1     -1  1899-01-01
30800     30986      -1     -1  1897-01-01
30801     30987      -1     -1  1933-01-01
30818     31005      -1     -1  0000-00-00
30867     31054      -1     -1  0000-00-00
30873     31060      -1     -1  2013-03-10
30890     31077      -1     -1  1976-01-01
30891     31078      -1     -1  0000-00-00
30908     31095      -1     -1  0000-00-00
30911     31098      -1     -1  0000-00-00
30934     31121      -1     -1  2018-04-09
30935     31122      -1     -1  1924-01-01
30952     31139      -1     -1  0000-00-00
30956     31143      -1     -1  0000-00-00
30957     31144      -1     -1  0000-00-00
30971     31158      -1     -1  1892-01-01
30972     31159      -1     -1  1871-01-01
30973     31160      -1     -1  1881-01-01
30974     31161      -1     -1  1890-01-01
30977     31164      -1     -1  1890-01-01
30978     31165      -1     -1  1888-01-01
30980     31167      -1     -1  1879-01-01
30981     31168      -1     -1  1883-12-01
30984     31172      -1     -1  1892-01-01
30987     31175      -1     -1  1894-07-01
30988     31176      -1     -1  1891-01-01
31001     31189      -1     -1  1985-06-21
31041     31229      -1     -1  1881-01-01
31090     31278      -1     -1  0000-00-00
31109     31297      -1     -1  0000-00-00
31113     31301      -1     -1  2010-09-11
31138     31327      -1     -1  1915-01-01
31164     31353      -1     -1  0000-00-00
31174     31363      -1     -1  1916-01-01
31231     31420      -1     -1  1918-01-01
31234     31423      -1     -1  0000-00-00
31241     31430      -1     -1  1900-01-01
31244     31433      -1     -1  1922-01-01
31245     31434      -1     -1  1917-01-01
31246     31435      -1     -1  1914-01-01
31247     31436      -1     -1  1917-01-01
31248     31437      -1     -1  1927-01-01
31249     31438      -1     -1  1930-01-01
31253     31442      -1     -1  1910-01-01
31261     31450      -1     -1  1912-01-01
31262     31451      -1     -1  1912-01-01
31266     31455      -1     -1  1922-01-01
31271     31460      -1     -1  1931-08-01
31280     31469      -1     -1  1899-01-01
31283     31473      -1     -1  1900-01-02
31290     31480      -1     -1  1892-01-01
31291     31482      -1     -1  1903-01-01
31293     31484      -1     -1  1902-01-01
31296     31487      -1     -1  1907-01-01
31299     31490      -1     -1  1895-01-01
31304     31495      -1     -1  0000-00-00
31316     31507      -1     -1  1908-01-01
31318     31509      -1     -1  1895-01-01
31319     31510      -1     -1  1899-01-01
31320     31511      -1     -1  1900-01-02
31321     31512      -1     -1  1900-01-02
31322     31513      -1     -1  0000-00-00
31372     31563      -1     -1  0000-00-00
31379     31570      -1     -1  1931-11-01
31390     31581      -1     -1  1903-01-01
31398     31589      -1     -1  1948-01-01
31410     31601      -1     -1  0000-00-00
31419     31610      -1     -1  0000-00-00
31433     31624      -1     -1  1974-01-01
31434     31625      -1     -1  0000-00-00
31435     31626      -1     -1  0000-00-00
31436     31627      -1     -1  0000-00-00
31513     31704      -1     -1  0000-00-00
31521     31712      -1     -1  0000-00-00
31529     31720      -1     -1  0000-00-00
31575     31766      -1     -1  2010-09-30
31576     31767      -1     -1  2010-09-30
31601     31792      -1     -1  0000-00-00
31613     31804      -1     -1  2007-11-28
31643     31834      -1     -1  1926-01-01
31644     31835      -1     -1  2007-11-28
31683     31874      -1     -1  1976-06-14
31687     31879      -1     -1  0000-00-00
31707     31899      -1     -1  1994-04-11
31728     31920      -1     -1  0000-00-00
31729     31921      -1     -1  0000-00-00
31747     31939      -1     -1  0000-00-00
31753     31945      -1     -1  2013-01-06
31770     31962      -1     -1  1995-01-11
31788     31980      -1     -1  0000-00-00
31789     31981      -1     -1  0000-00-00
31802     31994      -1     -1  0000-00-00
31811     32003      -1     -1  0000-00-00
31822     32014      -1     -1  0000-00-00
31828     32020      -1     -1  0000-00-00
31841     32033      -1     -1  1922-01-01
31855     32047      -1     -1  1989-02-24
31869     32061      -1     -1  0000-00-00
31875     32067      -1     -1  0000-00-00
31882     32074      -1     -1  0000-00-00
31943     32135      -1     -1  0000-00-00
31971     32163      -1     -1  0000-00-00
31976     32168      -1     -1  1975-01-10
31998     32190      -1     -1  1975-01-10
32010     32202      -1     -1  1931-01-01
32011     32203      -1     -1  0000-00-00
32019     32211      -1     -1  1922-01-01
32024     32216      -1     -1  0000-00-00
32046     32238      -1     -1  1925-01-01
32049     32242      -1     -1  1916-01-01
32052     32245      -1     -1  1889-01-01
32053     32246      -1     -1  1916-01-01
32054     32247      -1     -1  1899-01-01
32055     32248      -1     -1  1903-01-01
32056     32249      -1     -1  1924-01-01
32058     32252      -1     -1  1900-01-02
32059     32253      -1     -1  1929-01-01
32060     32254      -1     -1  1917-01-01
32061     32255      -1     -1  1925-01-01
32062     32256      -1     -1  1903-01-01
32063     32257      -1     -1  1892-01-01
32064     32258      -1     -1  1900-01-02
32065     32259      -1     -1  1899-01-01
32067     32261      -1     -1  1907-01-01
32068     32262      -1     -1  1916-01-01
32070     32264      -1     -1  1916-01-01
32071     32265      -1     -1  1917-01-01
32073     32267      -1     -1  1928-01-01
32074     32268      -1     -1  1915-01-01
32075     32269      -1     -1  1917-01-01
32076     32270      -1     -1  1896-01-01
32077     32271      -1     -1  1915-01-01
32078     32273      -1     -1  1900-01-02
32079     32274      -1     -1  1905-01-01
32081     32276      -1     -1  1931-01-01
32082     32277      -1     -1  1902-01-01
32083     32278      -1     -1  1901-01-01
32091     32286      -1     -1  1901-01-01
32095     32290      -1     -1  1924-01-01
32100     32295      -1     -1  0000-00-00
32115     32310      -1     -1  1897-01-01
32116     32311      -1     -1  1930-01-01
32118     32313      -1     -1  1899-01-01
32119     32314      -1     -1  1900-01-02
32120     32315      -1     -1  1898-01-01
32122     32318      -1     -1  1919-01-01
32123     32320      -1     -1  1892-01-01
32124     32323      -1     -1  1917-01-01
32125     32324      -1     -1  1904-01-01
32126     32325      -1     -1  1924-01-01
32128     32327      -1     -1  1916-01-01
32130     32329      -1     -1  1932-01-01
32131     32330      -1     -1  1897-01-01
32132     32331      -1     -1  1920-01-01
32133     32332      -1     -1  1917-01-01
32134     32333      -1     -1  1907-01-01
32135     32334      -1     -1  1897-01-01
32137     32336      -1     -1  1900-01-02
32139     32339      -1     -1  1910-01-01
32140     32340      -1     -1  1926-01-01
32141     32342      -1     -1  1922-01-01
32142     32343      -1     -1  1924-01-01
32143     32344      -1     -1  0000-00-00
32146     32347      -1     -1  1894-01-01
32154     32355      -1     -1  1919-01-01
32170     32373      -1     -1  1922-01-01
32176     32379      -1     -1  1928-01-01
32193     32396      -1     -1  0000-00-00
32197     32400      -1     -1  0000-00-00
32201     32404      -1     -1  1910-01-01
32202     32405      -1     -1  1903-01-01
32206     32410      -1     -1  1914-01-01
32210     32414      -1     -1  1925-01-01
32249     32458      -1     -1  0000-00-00
32281     32490      -1     -1  1899-01-01
32285     32494      -1     -1  0000-00-00
32296     32505      -1     -1  2011-01-01
32303     32512      -1     -1  0000-00-00
32387     32596      -1     -1  0000-00-00
32389     32598      -1     -1  0000-00-00
32399     32608      -1     -1  1925-01-01
32419     32628      -1     -1  0000-00-00
32420     32629      -1     -1  0000-00-00
32422     32631      -1     -1  0000-00-00
32440     32649      -1     -1  0000-00-00
32443     32652      -1     -1  0000-00-00
32454     32663      -1     -1  0000-00-00
32457     32666      -1     -1  0000-00-00
32464     32673      -1     -1  0000-00-00
32467     32676      -1     -1  0000-00-00
32484     32693      -1     -1  0000-00-00
32491     32700      -1     -1  0000-00-00
32503     32712      -1     -1  0000-00-00
32520     32729      -1     -1  0000-00-00
32534     32743      -1     -1  0000-00-00
32569     32778      -1     -1  0000-00-00
32576     32785      -1     -1  0000-00-00
32592     32801      -1     -1  1970-01-01
32600     32809      -1     -1  0000-00-00
32604     32813      -1     -1  0000-00-00
32630     32839      -1     -1  0000-00-00
32631     32840      -1     -1  1959-05-09
32632     32841      -1     -1  0000-00-00
32640     32849      -1     -1  0000-00-00
32683     32892      -1     -1  1997-08-25
32719     32928      -1     -1  0000-00-00
32723     32932      -1     -1  1984-08-04
32726     32935      -1     -1  0000-00-00
32770     32979      -1     -1  0000-00-00
32805     33014      -1     -1  0000-00-00
32846     33055      -1     -1  0000-00-00
32848     33057      -1     -1  0000-00-00
32858     33067      -1     -1  0000-00-00
32859     33068      -1     -1  0000-00-00
32874     33083      -1     -1  0000-00-00
32886     33095      -1     -1  0000-00-00
32891     33100      -1     -1  0000-00-00
32908     33117      -1     -1  2010-05-31
32923     33132      -1     -1  1899-01-01
32927     33136      -1     -1  0000-00-00
32959     33168      -1     -1  1932-09-01
32979     33188      -1     -1  1910-01-01
33043     33253      -1     -1  0000-00-00
33068     33281      -1     -1  2013-07-27
33072     33285      -1     -1  0000-00-00
33092     33305      -1     -1  0000-00-00
33165     33378      -1     -1  0000-00-00
33181     33394      -1     -1  2019-12-23
33183     33396      -1     -1  1968-01-01
33184     33397      -1     -1  0000-00-00
33195     33408      -1     -1  1903-01-01
33196     33409      -1     -1  1932-04-01
33217     33430      -1     -1  0000-00-00
33243     33456      -1     -1  1900-01-02
33252     33465      -1     -1  0000-00-00
33291     33504      -1     -1  1968-06-01
33292     33505      -1     -1  0000-00-00
33307     33520      -1     -1  0000-00-00
33309     33522      -1     -1  0000-00-00
33343     33556      -1     -1  0000-00-00
33348     33561      -1     -1  1976-07-13
33350     33563      -1     -1  1966-01-01
33353     33566      -1     -1  0000-00-00
33361     33574      -1     -1  1971-02-15
33388     33601      -1     -1  0000-00-00
33397     33610      -1     -1  0000-00-00
33398     33611      -1     -1  0000-00-00
33408     33621      -1     -1  1930-01-01
33413     33626      -1     -1  0000-00-00
33414     33627      -1     -1  0000-00-00
33416     33629      -1     -1  0000-00-00
33450     33663      -1     -1  1961-01-01
33454     33667      -1     -1  1986-08-04
33463     33676      -1     -1  2011-05-28
33468     33681      -1     -1  1942-01-01
33473     33686      -1     -1  1929-01-01
33480     33693      -1     -1  2015-05-19
33481     33694      -1     -1  2007-01-01
33497     33710      -1     -1  0000-00-00
33499     33712      -1     -1  0000-00-00
33506     33719      -1     -1  1921-08-27
33508     33721      -1     -1  0000-00-00
33509     33722      -1     -1  1917-07-14
33510     33723      -1     -1  1942-01-01
33544     33757      -1     -1  0000-00-00
33545     33758      -1     -1  1917-07-14
33556     33769      -1     -1  1973-01-01
33557     33770      -1     -1  1957-01-01
33563     33776      -1     -1  0000-00-00
33580     33793      -1     -1  0000-00-00
33616     33829      -1     -1  0000-00-00
33618     33831      -1     -1  1920-01-01
33619     33832      -1     -1  0000-00-00
33631     33844      -1     -1  1935-01-01
33632     33845      -1     -1  0000-00-00
33650     33864      -1     -1  0000-00-00
33651     33865      -1     -1  2011-01-04
33660     33874      -1     -1  0000-00-00
33665     33879      -1     -1  1919-01-01
33669     33883      -1     -1  2012-03-06
33678     33892      -1     -1  0000-00-00
33681     33895      -1     -1  0000-00-00
33685     33899      -1     -1  0000-00-00
33705     33919      -1     -1  0000-00-00
33776     33992      -1     -1  0000-00-00
33780     33996      -1     -1  1876-01-01
33781     33997      -1     -1  1875-01-01
33782     33998      -1     -1  1870-01-01
33783     33999      -1     -1  1876-01-01
33784     34000      -1     -1  1876-01-01
33785     34001      -1     -1  1931-01-01
33788     34004      -1     -1  0000-00-00
33790     34006      -1     -1  1909-01-01
33791     34008      -1     -1  1896-01-01
33792     34009      -1     -1  1887-01-01
33793     34010      -1     -1  1891-01-01
33794     34011      -1     -1  0000-00-00
33795     34012      -1     -1  1895-01-01
33796     34013      -1     -1  1928-01-01
33800     34017      -1     -1  1905-01-01
33808     34025      -1     -1  0000-00-00
33812     34029      -1     -1  0000-00-00
33816     34033      -1     -1  0000-00-00
33879     34097      -1     -1  2006-09-01
33898     34116      -1     -1  0000-00-00
33938     34156      -1     -1  0000-00-00
33954     34172      -1     -1  0000-00-00
33964     34182      -1     -1  0000-00-00
33986     34204      -1     -1  1977-06-23
33990     34208      -1     -1  0000-00-00
34020     34238      -1     -1  1995-06-24
34032     34250      -1     -1  0000-00-00
34033     34251      -1     -1  1968-01-01
34035     34253      -1     -1  1993-01-01
34070     34288      -1     -1  0000-00-00
34073     34291      -1     -1  0000-00-00
34074     34292      -1     -1  0000-00-00
34077     34295      -1     -1  1919-01-01
34083     34301      -1     -1  0000-00-00
34086     34304      -1     -1  0000-00-00
34087     34305      -1     -1  0000-00-00
34091     34309      -1     -1  0000-00-00
34093     34311      -1     -1  0000-00-00
34095     34313      -1     -1  0000-00-00
34096     34314      -1     -1  0000-00-00
34104     34322      -1     -1  0000-00-00
34107     34325      -1     -1  0000-00-00
34108     34326      -1     -1  0000-00-00
34137     34355      -1     -1  0000-00-00
34142     34360      -1     -1  0000-00-00
34145     34363      -1     -1  0000-00-00
34147     34365      -1     -1  0000-00-00
34155     34373      -1     -1  0000-00-00
34165     34383      -1     -1  0000-00-00
34171     34389      -1     -1  0000-00-00
34174     34392      -1     -1  1933-01-01
34176     34394      -1     -1  0000-00-00
34180     34398      -1     -1  0000-00-00
34183     34401      -1     -1  0000-00-00
34188     34406      -1     -1  0000-00-00
34193     34411      -1     -1  0000-00-00
34195     34413      -1     -1  0000-00-00
34230     34448      -1     -1  2018-06-03
34235     34453      -1     -1  0000-00-00
34258     34476      -1     -1  0000-00-00
34275     34493      -1     -1  0000-00-00
34276     34494      -1     -1  0000-00-00
34285     34503      -1     -1  0000-00-00
34292     34510      -1     -1  0000-00-00
34294     34512      -1     -1  0000-00-00
34313     34531      -1     -1  1968-01-16
34316     34534      -1     -1  1964-08-02
34322     34540      -1     -1  0000-00-00
34331     34549      -1     -1  0000-00-00
34339     34557      -1     -1  1972-01-01
34341     34559      -1     -1  1960-01-01
34415     34633      -1     -1  0000-00-00
34419     34637      -1     -1  0000-00-00
34428     34646      -1     -1  0000-00-00
34552     34770      -1     -1  0000-00-00
34567     34785      -1     -1  0000-00-00
34580     34798      -1     -1  0000-00-00
34589     34807      -1     -1  0000-00-00
34607     34825      -1     -1  0000-00-00
34628     34846      -1     -1  0000-00-00
34636     34854      -1     -1  1984-01-11
34651     34869      -1     -1  2017-06-11
34658     34876      -1     -1  0000-00-00
34825     35043      -1     -1  0000-00-00
34831     35049      -1     -1  1915-01-01
34839     35057      -1     -1  1905-01-01
34843     35061      -1     -1  0000-00-00
34848     35066      -1     -1  2011-10-19
34856     35076      -1     -1  1958-01-01
34875     35095      -1     -1  0000-00-00
34934     35154      -1     -1  0000-00-00
34935     35155      -1     -1  0000-00-00
34936     35156      -1     -1  0000-00-00
34937     35157      -1     -1  0000-00-00
34940     35160      -1     -1  0000-00-00
34955     35175      -1     -1  0000-00-00
34991     35211      -1     -1  0000-00-00
35011     35231      -1     -1  1966-05-30
35021     35241      -1     -1  2007-05-27
35038     35258      -1     -1  2007-08-28
35048     35268      -1     -1  0000-00-00
35051     35271      -1     -1  1975-01-01
35057     35277      -1     -1  2011-05-24
35114     35334      -1     -1  0000-00-00
35280     35500      -1     -1  0000-00-00
35286     35506      -1     -1  0000-00-00
35301     35521      -1     -1  0000-00-00
35303     35523      -1     -1  0000-00-00
35305     35525      -1     -1  0000-00-00
35306     35526      -1     -1  0000-00-00
35307     35527      -1     -1  0000-00-00
35309     35529      -1     -1  0000-00-00
35310     35530      -1     -1  0000-00-00
35311     35531      -1     -1  0000-00-00
35313     35533      -1     -1  0000-00-00
35324     35544      -1     -1  0000-00-00
35325     35545      -1     -1  0000-00-00
35347     35567      -1     -1  1915-01-01
35348     35568      -1     -1  0000-00-00
35364     35584      -1     -1  1875-01-01
35365     35585      -1     -1  1876-01-01
35366     35586      -1     -1  1872-01-01
35367     35587      -1     -1  1873-01-01
35368     35588      -1     -1  1870-01-01
35370     35590      -1     -1  1870-01-01
35371     35591      -1     -1  1876-01-01
35372     35592      -1     -1  1876-01-01
35373     35593      -1     -1  1876-01-01
35374     35594      -1     -1  1876-01-01
35375     35595      -1     -1  1876-01-01
35404     35624      -1     -1  0000-00-00
35414     35634      -1     -1  0000-00-00
35436     35657      -1     -1  1929-01-01
35439     35660      -1     -1  1917-01-01
35445     35666      -1     -1  0000-00-00
35449     35670      -1     -1  1917-01-01
35455     35676      -1     -1  0000-00-00
35464     35685      -1     -1  0000-00-00
35469     35690      -1     -1  0000-00-00
35484     35705      -1     -1  0000-00-00
35530     35752      -1     -1  0000-00-00
35535     35757      -1     -1  0000-00-00
35555     35777      -1     -1  1899-01-01
35564     35786      -1     -1  1963-01-01
35627     35852      -1     -1  0000-00-00
35628     35853      -1     -1  0000-00-00
35629     35854      -1     -1  0000-00-00
35638     35863      -1     -1  0000-00-00
35643     35868      -1     -1  0000-00-00
35645     35870      -1     -1  0000-00-00
35646     35871      -1     -1  0000-00-00
35798     36023      -1     -1  0000-00-00
35801     36026      -1     -1  0000-00-00
35803     36028      -1     -1  1991-04-20
35816     36041      -1     -1  1961-01-01
35821     36046      -1     -1  1968-07-20
35824     36049      -1     -1  1966-10-14
35828     36053      -1     -1  0000-00-00
36063     36288      -1     -1  2018-02-15
36068     36293      -1     -1  0000-00-00
36203     36428      -1     -1  0000-00-00
36229     36454      -1     -1  0000-00-00
36359     36584      -1     -1  1989-09-16
36403     36628      -1     -1  2017-12-01
36413     36638      -1     -1  1928-01-01
36430     36656      -1     -1  1905-01-01
36436     36663      -1     -1  1892-01-01
36455     36682      -1     -1  1916-01-01
36456     36683      -1     -1  0000-00-00
36463     36690      -1     -1  0000-00-00
36466     36693      -1     -1  0000-00-00
36467     36694      -1     -1  0000-00-00
36473     36700      -1     -1  0000-00-00
36480     36707      -1     -1  1914-01-01
36483     36710      -1     -1  0000-00-00
36708     36936      -1     -1  0000-00-00
36762     36990      -1     -1  1999-02-04
36780     37008      -1     -1  0000-00-00
36781     37009      -1     -1  1999-02-04
36796     37024      -1     -1  2017-07-31
36819     37047      -1     -1  2011-09-25
36823     37051      -1     -1  0000-00-00
36830     37058      -1     -1  1901-01-01
36831     37059      -1     -1  0000-00-00
36833     37061      -1     -1  0000-00-00
36847     37075      -1     -1  1899-01-01
36864     37092      -1     -1  2011-06-29
36865     37093      -1     -1  0000-00-00
36941     37169      -1     -1  1912-01-01
36942     37170      -1     -1  1912-01-01
36946     37174      -1     -1  2018-01-01
36955     37183      -1     -1  2011-01-21
36958     37186      -1     -1  0000-00-00
36991     37220      -1     -1  0000-00-00
37000     37229      -1     -1  0000-00-00
37033     37262      -1     -1  0000-00-00
37043     37272      -1     -1  1882-01-01
37044     37273      -1     -1  1903-01-01
37045     37274      -1     -1  1922-01-01
37046     37275      -1     -1  1902-01-01
37047     37276      -1     -1  1915-01-01
37053     37283      -1     -1  1886-02-01
37055     37285      -1     -1  1892-01-01
37065     37295      -1     -1  0000-00-00
37066     37296      -1     -1  0000-00-00
37067     37297      -1     -1  1933-01-01
37070     37300      -1     -1  0000-00-00
37071     37301      -1     -1  1991-01-15
37085     37315      -1     -1  0000-00-00
37092     37322      -1     -1  0000-00-00
37107     37337      -1     -1  0000-00-00
37133     37363      -1     -1  1933-03-01
37184     37414      -1     -1  1973-01-01
37258     37488      -1     -1  0000-00-00
37276     37506      -1     -1  2020-09-20
37277     37507      -1     -1  2020-09-20
37340     37570      -1     -1  0000-00-00
37343     37573      -1     -1  0000-00-00
37345     37575      -1     -1  0000-00-00
37389     37619      -1     -1  0000-00-00
37392     37622      -1     -1  0000-00-00
37394     37624      -1     -1  1933-02-01
37403     37634      -1     -1  0000-00-00
37406     37637      -1     -1  1875-01-01
37431     37663      -1     -1  0000-00-00
37433     37665      -1     -1  1995-01-01
37453     37685      -1     -1  2020-08-03
37457     37689      -1     -1  0000-00-00
37482     37714      -1     -1  0000-00-00
37522     37754      -1     -1  0000-00-00
37664     37897      -1     -1  1922-01-01
37670     37903      -1     -1  2012-06-25
37673     37906      -1     -1  0000-00-00
37680     37913      -1     -1  1899-01-01
37685     37918      -1     -1  1950-01-01
37687     37920      -1     -1  1928-07-09
37702     37935      -1     -1  0000-00-00
37779     38012      -1     -1  1901-01-01
37800     38033      -1     -1  0000-00-00
37834     38067      -1     -1  1933-01-01
37844     38077      -1     -1  0000-00-00
38140     38373      -1     -1  0000-00-00
38172     38405      -1     -1  0000-00-00
38195     38428      -1     -1  0000-00-00
38224     38457      -1     -1  2000-12-16
38232     38465      -1     -1  1960-10-24
38270     38503      -1     -1  1966-01-01
38295     38528      -1     -1  1966-08-31
38311     38544      -1     -1  0000-00-00
38365     38598      -1     -1  0000-00-00
38374     38607      -1     -1  1979-09-08
38382     38615      -1     -1  0000-00-00
38424     38657      -1     -1  0000-00-00
38428     38661      -1     -1  0000-00-00
38435     38668      -1     -1  0000-00-00
38449     38682      -1     -1  0000-00-00
38489     38722      -1     -1  1990-09-27
38499     38732      -1     -1  0000-00-00
38513     38746      -1     -1  0000-00-00
38526     38759      -1     -1  0000-00-00
38534     38767      -1     -1  0000-00-00
38558     38791      -1     -1  1948-01-01
38566     38800      -1     -1  2017-05-20
38567     38801      -1     -1  2017-05-20
38581     38815      -1     -1  1932-07-01
38590     38824      -1     -1  0000-00-00
38591     38825      -1     -1  1957-01-01
38615     38849      -1     -1  1933-01-01
38635     38869      -1     -1  2012-06-08
38650     38884      -1     -1  0000-00-00
38652     38886      -1     -1  0000-00-00
38653     38887      -1     -1  0000-00-00
38667     38901      -1     -1  0000-00-00
38690     38924      -1     -1  1995-01-01
38753     38987      -1     -1  1984-01-01
38778     39012      -1     -1  0000-00-00
38849     39083      -1     -1  2012-01-14
38908     39144      -1     -1  0000-00-00
38925     39162      -1     -1  1933-01-01
38967     39204      -1     -1  0000-00-00
39068     39305      -1     -1  0000-00-00
39086     39323      -1     -1  0000-00-00
39089     39326      -1     -1  0000-00-00
39090     39327      -1     -1  0000-00-00
39095     39332      -1     -1  1904-01-01
39100     39337      -1     -1  0000-00-00
39105     39342      -1     -1  1958-05-15
39144     39381      -1     -1  0000-00-00
39149     39386      -1     -1  0000-00-00
39152     39389      -1     -1  0000-00-00
39154     39391      -1     -1  0000-00-00
39160     39397      -1     -1  0000-00-00
39168     39405      -1     -1  0000-00-00
39207     39444      -1     -1  0000-00-00
39215     39452      -1     -1  1963-01-01
39218     39455      -1     -1  1959-05-20
39228     39465      -1     -1  0000-00-00
39230     39467      -1     -1  0000-00-00
39235     39472      -1     -1  2012-05-27
39295     39532      -1     -1  0000-00-00
39302     39539      -1     -1  0000-00-00
39314     39551      -1     -1  2020-03-22
39356     39593      -1     -1  0000-00-00
39358     39595      -1     -1  0000-00-00
39368     39605      -1     -1  0000-00-00
39384     39621      -1     -1  0000-00-00
39390     39627      -1     -1  1926-01-01
39392     39629      -1     -1  0000-00-00
39403     39640      -1     -1  0000-00-00
39405     39642      -1     -1  0000-00-00
39407     39644      -1     -1  2007-12-30
39436     39673      -1     -1  2020-01-01
39439     39676      -1     -1  0000-00-00
39463     39700      -1     -1  1932-01-01
39465     39702      -1     -1  0000-00-00
39488     39725      -1     -1  0000-00-00
39530     39767      -1     -1  0000-00-00
39563     39800      -1     -1  0000-00-00
39572     39809      -1     -1  0000-00-00
39596     39833      -1     -1  0000-00-00
39626     39863      -1     -1  0000-00-00
39628     39865      -1     -1  1959-04-05
39650     39887      -1     -1  0000-00-00
39659     39896      -1     -1  1956-02-29
39660     39897      -1     -1  0000-00-00
39676     39914      -1     -1  0000-00-00
39680     39918      -1     -1  0000-00-00
39689     39927      -1     -1  0000-00-00
39710     39949      -1     -1  2011-12-01
39719     39958      -1     -1  1915-01-01
39721     39960      -1     -1  1915-01-01
39722     39961      -1     -1  1901-01-01
39779     40018      -1     -1  1933-10-01
39781     40020      -1     -1  0000-00-00
39782     40021      -1     -1  0000-00-00
39783     40022      -1     -1  0000-00-00
39788     40027      -1     -1  2019-08-12
39789     40028      -1     -1  0000-00-00
39790     40029      -1     -1  0000-00-00
39791     40030      -1     -1  0000-00-00
39795     40034      -1     -1  0000-00-00
39798     40037      -1     -1  2019-08-12
39799     40038      -1     -1  0000-00-00
39800     40039      -1     -1  0000-00-00
39817     40056      -1     -1  0000-00-00
39851     40091      -1     -1  1981-10-11
39864     40104      -1     -1  1900-01-02
39984     40225      -1     -1  0000-00-00
40021     40262      -1     -1  1932-01-01
40025     40266      -1     -1  1931-01-01
40027     40268      -1     -1  1931-01-01
40031     40272      -1     -1  1936-01-01
40785     41028      -1     -1  1995-01-01
40795     41038      -1     -1  1965-01-01
40797     41040      -1     -1  1961-06-29
40905     41148      -1     -1  1950-08-09
40910     41153      -1     -1  0000-00-00
40922     41165      -1     -1  1962-01-27
40927     41170      -1     -1  0000-00-00
40928     41171      -1     -1  0000-00-00
40932     41175      -1     -1  1953-07-10
40973     41216      -1     -1  0000-00-00
40977     41220      -1     -1  0000-00-00
40978     41221      -1     -1  0000-00-00
40980     41223      -1     -1  0000-00-00
41001     41244      -1     -1  1948-10-03
41122     41365      -1     -1  2011-03-01
41188     41432      -1     -1  0000-00-00
41204     41449      -1     -1  1973-01-25
41381     41627      -1     -1  0000-00-00
41383     41629      -1     -1  0000-00-00
41385     41631      -1     -1  0000-00-00
41388     41634      -1     -1  0000-00-00
41389     41635      -1     -1  1921-04-01
41403     41649      -1     -1  2013-08-27
41408     41654      -1     -1  2013-02-26
41475     41721      -1     -1  0000-00-00
41479     41725      -1     -1  0000-00-00
41493     41739      -1     -1  0000-00-00
41512     41758      -1     -1  2013-06-18
41513     41759      -1     -1  2013-02-14
41514     41760      -1     -1  2013-02-14
41517     41763      -1     -1  2013-11-06
41518     41764      -1     -1  0000-00-00
41519     41765      -1     -1  0000-00-00
41525     41771      -1     -1  0000-00-00
41624     41870      -1     -1  0000-00-00
41629     41875      -1     -1  0000-00-00
41631     41877      -1     -1  0000-00-00
41641     41887      -1     -1  0000-00-00
41647     41893      -1     -1  0000-00-00
41649     41895      -1     -1  0000-00-00
41653     41899      -1     -1  0000-00-00
41696     41942      -1     -1  0000-00-00
41733     41979      -1     -1  0000-00-00
41764     42010      -1     -1  0000-00-00
41767     42013      -1     -1  2018-09-01
41768     42014      -1     -1  0000-00-00
41779     42025      -1     -1  0000-00-00
41789     42035      -1     -1  0000-00-00
41790     42036      -1     -1  0000-00-00
41791     42037      -1     -1  0000-00-00
41792     42038      -1     -1  0000-00-00
41799     42045      -1     -1  0000-00-00
41832     42078      -1     -1  0000-00-00
41842     42088      -1     -1  0000-00-00
41846     42092      -1     -1  0000-00-00
41848     42094      -1     -1  0000-00-00
41858     42104      -1     -1  0000-00-00
41860     42106      -1     -1  0000-00-00
41861     42107      -1     -1  0000-00-00
41869     42115      -1     -1  0000-00-00
41872     42118      -1     -1  0000-00-00
41876     42122      -1     -1  0000-00-00
41886     42132      -1     -1  0000-00-00
41916     42162      -1     -1  0000-00-00
41918     42164      -1     -1  0000-00-00
41922     42168      -1     -1  2019-11-28
41930     42176      -1     -1  0000-00-00
41939     42185      -1     -1  2020-08-28
41940     42186      -1     -1  0000-00-00
41962     42208      -1     -1  2020-10-01
41967     42213      -1     -1  2020-10-01
41969     42215      -1     -1  2020-10-01
41972     42218      -1     -1  2020-10-01
41975     42221      -1     -1  0000-00-00
41976     42222      -1     -1  0000-00-00
41980     42226      -1     -1  0000-00-00
41988     42234      -1     -1  0000-00-00
41997     42243      -1     -1  2020-12-01
42001     42247      -1     -1  2019-01-01
42003     42249      -1     -1  0000-00-00
42006     42252      -1     -1  2018-01-01
42016     42262      -1     -1  0000-00-00
42039     42285      -1     -1  1934-12-01
42049     42295      -1     -1  0000-00-00
42063     42309      -1     -1  0000-00-00
42066     42312      -1     -1  0000-00-00
42067     42313      -1     -1  1914-01-01
42081     42327      -1     -1  1985-01-01
42089     42335      -1     -1  0000-00-00
42137     42383      -1     -1  2015-01-01
42162     42408      -1     -1  0000-00-00
42173     42419      -1     -1  0000-00-00
42254     42500      -1     -1  0000-00-00
42262     42508      -1     -1  0000-00-00
42295     42541      -1     -1  0000-00-00
42306     42552      -1     -1  0000-00-00
42323     42569      -1     -1  0000-00-00
42370     42616      -1     -1  0000-00-00
42385     42631      -1     -1  2013-05-14
42393     42639      -1     -1  0000-00-00
42544     42790      -1     -1  2013-06-18
42598     42844      -1     -1  2013-02-26
42600     42846      -1     -1  1934-01-01
42601     42847      -1     -1  0000-00-00
42602     42848      -1     -1  2013-05-14
42610     42857      -1     -1  1963-01-01
42628     42875      -1     -1  1920-01-01
42642     42889      -1     -1  0000-00-00
42654     42901      -1     -1  2013-10-21
42727     42974      -1     -1  1913-01-01
42728     42975      -1     -1  1913-01-01
42762     43009      -1     -1  0000-00-00
42777     43024      -1     -1  0000-00-00
42779     43026      -1     -1  0000-00-00
42781     43028      -1     -1  0000-00-00
42814     43061      -1     -1  0000-00-00
42823     43070      -1     -1  0000-00-00
42837     43085      -1     -1  1990-01-01
42851     43099      -1     -1  1961-01-01
42867     43115      -1     -1  2013-02-14
42878     43126      -1     -1  2014-01-01
42879     43127      -1     -1  2013-10-21
42882     43130      -1     -1  0000-00-00
43022     43270      -1     -1  0000-00-00
43029     43277      -1     -1  2012-09-30
43044     43292      -1     -1  2013-03-14
43045     43293      -1     -1  2013-10-29
43165     43414      -1     -1  2013-02-26
43173     43422      -1     -1  2013-05-15
43224     43475      -1     -1  0000-00-00
43225     43476      -1     -1  0000-00-00
43228     43479      -1     -1  1995-02-25
43250     43501      -1     -1  2013-06-18
43252     43503      -1     -1  0000-00-00
43258     43509      -1     -1  0000-00-00
43259     43510      -1     -1  0000-00-00
43260     43511      -1     -1  0000-00-00
43261     43512      -1     -1  0000-00-00
43263     43514      -1     -1  2014-05-17
43264     43515      -1     -1  2017-01-01
43265     43516      -1     -1  2016-01-01
43266     43517      -1     -1  2016-01-01
43267     43518      -1     -1  2017-01-01
43268     43519      -1     -1  2016-01-01
43269     43520      -1     -1  2011-01-01
43270     43521      -1     -1  2017-01-01
43271     43522      -1     -1  2018-01-01
43272     43523      -1     -1  2014-01-01
43273     43524      -1     -1  2016-01-01
43274     43525      -1     -1  2016-01-01
43275     43526      -1     -1  2016-01-01
43276     43527      -1     -1  2012-01-01
43299     43550      -1     -1  1898-01-01
43303     43554      -1     -1  0000-00-00
43316     43567      -1     -1  0000-00-00
43359     43610      -1     -1  0000-00-00
43362     43613      -1     -1  0000-00-00
43411     43662      -1     -1  1968-08-25
43491     43742      -1     -1  1934-01-01
43495     43746      -1     -1  1880-01-01
43496     43747      -1     -1  1888-01-01
43501     43753      -1     -1  1922-01-01
43515     43768      -1     -1  1915-01-01
43573     43826      -1     -1  0000-00-00
43574     43827      -1     -1  1935-01-01
43576     43829      -1     -1  1924-10-11
43581     43834      -1     -1  0000-00-00
43597     43852      -1     -1  1935-07-01
43601     43856      -1     -1  0000-00-00
43605     43860      -1     -1  0000-00-00
43612     43867      -1     -1  0000-00-00
43620     43875      -1     -1  1932-07-01
43630     43885      -1     -1  1917-01-01
43631     43886      -1     -1  0000-00-00
43638     43893      -1     -1  1939-01-01
43641     43896      -1     -1  0000-00-00
43642     43897      -1     -1  0000-00-00
43650     43905      -1     -1  0000-00-00
43653     43908      -1     -1  2013-08-19
43655     43910      -1     -1  2013-05-07
43656     43911      -1     -1  2018-05-08
43668     43923      -1     -1  0000-00-00
43724     43979      -1     -1  0000-00-00
43732     43987      -1     -1  0000-00-00
43750     44005      -1     -1  2016-12-06
43757     44012      -1     -1  0000-00-00
43763     44018      -1     -1  0000-00-00
43766     44021      -1     -1  1980-03-10
43804     44060      -1     -1  1921-01-01
43904     44161      -1     -1  1993-01-01
43913     44170      -1     -1  1906-01-01
43939     44196      -1     -1  1912-01-01
43943     44200      -1     -1  1910-01-01
43944     44201      -1     -1  0000-00-00
44020     44278      -1     -1  1904-01-01
44026     44284      -1     -1  0000-00-00
44036     44294      -1     -1  0000-00-00
44046     44304      -1     -1  2013-05-01
44054     44312      -1     -1  0000-00-00
44105     44363      -1     -1  0000-00-00
44107     44365      -1     -1  0000-00-00
44116     44374      -1     -1  2014-07-20
44117     44375      -1     -1  1918-01-01
44125     44383      -1     -1  1941-01-01
44127     44385      -1     -1  0000-00-00
44128     44386      -1     -1  1943-01-01
44138     44396      -1     -1  0000-00-00
44142     44400      -1     -1  0000-00-00
44162     44420      -1     -1  0000-00-00
44173     44431      -1     -1  0000-00-00
44214     44472      -1     -1  0000-00-00
44289     44547      -1     -1  0000-00-00
44294     44552      -1     -1  0000-00-00
44306     44564      -1     -1  0000-00-00
44311     44569      -1     -1  0000-00-00
44326     44584      -1     -1  0000-00-00
44327     44585      -1     -1  0000-00-00
44353     44611      -1     -1  0000-00-00
44362     44620      -1     -1  1918-01-01
44363     44621      -1     -1  1910-01-01
44364     44622      -1     -1  1929-01-01
44373     44631      -1     -1  1926-01-01
44389     44647      -1     -1  1882-01-01
44390     44648      -1     -1  1892-01-01
44393     44651      -1     -1  0000-00-00
44397     44655      -1     -1  0000-00-00
44400     44658      -1     -1  1899-01-01
44407     44665      -1     -1  1922-01-01
44408     44666      -1     -1  1936-01-01
44410     44668      -1     -1  1888-01-01
44436     44694      -1     -1  0000-00-00
44440     44698      -1     -1  2014-03-15
44481     44740      -1     -1  1900-01-02
44509     44769      -1     -1  2014-07-27
44523     44783      -1     -1  1935-01-01
44524     44785      -1     -1  1899-01-01
44525     44786      -1     -1  1887-01-01
44533     44794      -1     -1  0000-00-00
44542     44803      -1     -1  0000-00-00
44543     44804      -1     -1  2005-12-23
44548     44809      -1     -1  0000-00-00
44551     44812      -1     -1  2015-01-01
44552     44813      -1     -1  1931-01-01
44558     44819      -1     -1  0000-00-00
44567     44828      -1     -1  0000-00-00
44603     44864      -1     -1  1967-01-01
44609     44870      -1     -1  0000-00-00
44613     44874      -1     -1  0000-00-00
44696     44957      -1     -1  1924-01-01
44717     44978      -1     -1  2014-11-12
44724     44985      -1     -1  0000-00-00
44731     44992      -1     -1  1930-01-01
44735     44996      -1     -1  0000-00-00
44738     44999      -1     -1  1929-07-03
44747     45008      -1     -1  0000-00-00
44759     45020      -1     -1  0000-00-00
44764     45025      -1     -1  0000-00-00
44815     45077      -1     -1  0000-00-00
44817     45079      -1     -1  1935-02-01
44820     45082      -1     -1  1931-01-01
44826     45088      -1     -1  0000-00-00
44834     45096      -1     -1  0000-00-00
44835     45097      -1     -1  0000-00-00
44837     45099      -1     -1  1894-01-01
44846     45108      -1     -1  2014-01-01
44853     45115      -1     -1  1911-01-01
44856     45118      -1     -1  1959-01-01
44860     45122      -1     -1  2012-04-07
44906     45168      -1     -1  0000-00-00
44910     45172      -1     -1  0000-00-00
44937     45199      -1     -1  0000-00-00
44955     45217      -1     -1  0000-00-00
44976     45238      -1     -1  1951-01-01
45041     45303      -1     -1  1915-01-01
45050     45312      -1     -1  1927-01-01
45072     45334      -1     -1  2013-05-07
45075     45337      -1     -1  1901-01-01
45076     45339      -1     -1  1904-01-01
45077     45340      -1     -1  0000-00-00
45078     45341      -1     -1  1905-01-01
45097     45360      -1     -1  0000-00-00
45100     45363      -1     -1  1930-01-01
45101     45364      -1     -1  1932-01-01
45106     45369      -1     -1  1953-01-01
45108     45371      -1     -1  0000-00-00
45111     45374      -1     -1  0000-00-00
45146     45409      -1     -1  1922-01-01
45147     45410      -1     -1  1901-01-01
45151     45414      -1     -1  1907-01-01
45158     45421      -1     -1  0000-00-00
45166     45429      -1     -1  1974-04-04
45169     45432      -1     -1  1936-01-01
45235     45499      -1     -1  1923-01-01
45255     45519      -1     -1  0000-00-00
45260     45524      -1     -1  0000-00-00
45275     45539      -1     -1  1963-09-13
45279     45543      -1     -1  0000-00-00
45285     45549      -1     -1  0000-00-00
45294     45558      -1     -1  0000-00-00
45300     45564      -1     -1  0000-00-00
45305     45569      -1     -1  0000-00-00
45306     45570      -1     -1  0000-00-00
45309     45573      -1     -1  0000-00-00
45314     45578      -1     -1  0000-00-00
45318     45582      -1     -1  0000-00-00
45320     45584      -1     -1  0000-00-00
45352     45616      -1     -1  0000-00-00
45394     45658      -1     -1  0000-00-00
45407     45671      -1     -1  2014-03-03
45409     45673      -1     -1  0000-00-00
45427     45692      -1     -1  1912-01-01
45429     45694      -1     -1  1903-01-01
45435     45700      -1     -1  1894-01-01
45445     45710      -1     -1  2019-02-12
45454     45719      -1     -1  0000-00-00
45464     45729      -1     -1  0000-00-00
45466     45731      -1     -1  0000-00-00
45500     45765      -1     -1  0000-00-00
45510     45775      -1     -1  1940-01-01
45512     45777      -1     -1  0000-00-00
45519     45784      -1     -1  0000-00-00
45527     45792      -1     -1  0000-00-00
45569     45834      -1     -1  0000-00-00
45625     45890      -1     -1  2017-05-16
45647     45912      -1     -1  2020-09-03
45671     45936      -1     -1  0000-00-00
45683     45948      -1     -1  1893-01-01
45684     45949      -1     -1  0000-00-00
45690     45955      -1     -1  1923-01-01
45707     45972      -1     -1  2015-03-21
45712     45977      -1     -1  2013-10-10
45717     45982      -1     -1  0000-00-00
45718     45983      -1     -1  0000-00-00
45720     45986      -1     -1  1943-01-01
45737     46004      -1     -1  0000-00-00
45742     46009      -1     -1  1912-01-01
45746     46013      -1     -1  0000-00-00
45758     46025      -1     -1  0000-00-00
45785     46052      -1     -1  0000-00-00
45790     46057      -1     -1  2018-05-08
45862     46129      -1     -1  0000-00-00
45875     46142      -1     -1  0000-00-00
45882     46149      -1     -1  0000-00-00
45905     46177      -1     -1  0000-00-00
45907     46179      -1     -1  1921-04-01
45950     46222      -1     -1  0000-00-00
45976     46248      -1     -1  2018-08-28
46000     46272      -1     -1  0000-00-00
46002     46274      -1     -1  0000-00-00
46005     46277      -1     -1  1970-03-13
46028     46300      -1     -1  0000-00-00
46034     46306      -1     -1  0000-00-00
46083     46355      -1     -1  2012-01-01
46084     46356      -1     -1  0000-00-00
46094     46366      -1     -1  0000-00-00
46100     46372      -1     -1  0000-00-00
46478     46750      -1     -1  2017-05-31
46504     46776      -1     -1  0000-00-00
46562     46834      -1     -1  2018-02-20
46598     46870      -1     -1  1990-11-26
46611     46883      -1     -1  0000-00-00
46619     46895      -1     -1  0000-00-00
46637     46913      -1     -1  0000-00-00
46674     46950      -1     -1  0000-00-00
46676     46952      -1     -1  0000-00-00
46723     46999      -1     -1  0000-00-00
46736     47012      -1     -1  0000-00-00
46751     47027      -1     -1  0000-00-00
46759     47035      -1     -1  0000-00-00
46763     47039      -1     -1  1972-01-01
46771     47047      -1     -1  0000-00-00
46820     47096      -1     -1  1925-01-01
46821     47097      -1     -1  0000-00-00
46826     47102      -1     -1  0000-00-00
46889     47165      -1     -1  0000-00-00
46901     47177      -1     -1  1983-06-12
46937     47213      -1     -1  0000-00-00
46939     47215      -1     -1  0000-00-00
46982     47258      -1     -1  1971-01-01
47050     47326      -1     -1  0000-00-00
47053     47329      -1     -1  1986-11-06
47055     47331      -1     -1  0000-00-00
47098     47374      -1     -1  0000-00-00
47112     47388      -1     -1  0000-00-00
47147     47423      -1     -1  0000-00-00
47177     47453      -1     -1  2014-10-19
47182     47458      -1     -1  0000-00-00
47195     47471      -1     -1  1922-03-01
47209     47485      -1     -1  2015-05-27
47238     47514      -1     -1  0000-00-00
47258     47534      -1     -1  0000-00-00
47271     47547      -1     -1  0000-00-00
47289     47565      -1     -1  0000-00-00
47298     47575      -1     -1  0000-00-00
47328     47605      -1     -1  0000-00-00
47329     47606      -1     -1  0000-00-00
47333     47611      -1     -1  1917-01-01
47342     47620      -1     -1  0000-00-00
47357     47635      -1     -1  1981-06-08
47393     47671      -1     -1  1931-01-01
47412     47690      -1     -1  0000-00-00
47462     47740      -1     -1  0000-00-00
47466     47744      -1     -1  2015-02-23
47475     47753      -1     -1  2018-01-01
47487     47765      -1     -1  0000-00-00
47488     47766      -1     -1  0000-00-00
47489     47767      -1     -1  0000-00-00
47490     47768      -1     -1  0000-00-00
47496     47774      -1     -1  1900-01-02
47497     47775      -1     -1  1903-01-01
47505     47783      -1     -1  1892-01-01
47528     47806      -1     -1  0000-00-00
47533     47811      -1     -1  1924-01-01
47536     47815      -1     -1  1897-01-01
47537     47816      -1     -1  1903-01-01
47538     47817      -1     -1  1903-01-01
47539     47819      -1     -1  1882-01-01
47540     47820      -1     -1  1899-01-01
47541     47821      -1     -1  1900-01-02
47542     47822      -1     -1  1899-01-01
47543     47823      -1     -1  1917-01-01
47544     47824      -1     -1  1894-01-01
47545     47825      -1     -1  1917-01-01
47546     47826      -1     -1  1911-01-01
47547     47827      -1     -1  1902-01-01
47548     47828      -1     -1  1899-01-01
47549     47829      -1     -1  1898-01-01
47550     47830      -1     -1  1918-01-01
47551     47831      -1     -1  1899-01-01
47552     47832      -1     -1  1911-01-01
47553     47833      -1     -1  1903-01-01
47561     47841      -1     -1  1913-01-01
47563     47843      -1     -1  0000-00-00
47572     47852      -1     -1  1901-01-01
47574     47854      -1     -1  1911-01-01
47612     47892      -1     -1  0000-00-00
47614     47894      -1     -1  0000-00-00
47698     47978      -1     -1  1939-01-01
47699     47979      -1     -1  1897-01-01
47706     47986      -1     -1  0000-00-00
47712     47992      -1     -1  2014-04-09
47718     47998      -1     -1  0000-00-00
47788     48068      -1     -1  0000-00-00
47789     48069      -1     -1  0000-00-00
47845     48125      -1     -1  1903-01-01
47847     48127      -1     -1  0000-00-00
47848     48128      -1     -1  1910-01-01
47849     48129      -1     -1  1903-01-01
47852     48132      -1     -1  2000-02-03
47858     48139      -1     -1  1900-01-02
47865     48146      -1     -1  1911-06-21
47872     48153      -1     -1  2018-01-22
47885     48166      -1     -1  0000-00-00
47892     48173      -1     -1  0000-00-00
47899     48180      -1     -1  0000-00-00
47900     48181      -1     -1  0000-00-00
47912     48193      -1     -1  0000-00-00
47914     48195      -1     -1  0000-00-00
47915     48196      -1     -1  1932-01-01
47923     48204      -1     -1  0000-00-00
47924     48205      -1     -1  0000-00-00
47925     48206      -1     -1  1918-01-01
47941     48222      -1     -1  1901-01-01
47956     48237      -1     -1  0000-00-00
47961     48242      -1     -1  1902-01-01
47973     48254      -1     -1  1927-01-01
47997     48278      -1     -1  0000-00-00
48038     48319      -1     -1  1915-01-01
48106     48387      -1     -1  0000-00-00
48108     48389      -1     -1  0000-00-00
48120     48401      -1     -1  0000-00-00
48132     48413      -1     -1  1971-05-04
48147     48428      -1     -1  0000-00-00
48165     48446      -1     -1  0000-00-00
48176     48457      -1     -1  0000-00-00
48179     48460      -1     -1  1985-01-01
48258     48539      -1     -1  0000-00-00
48259     48540      -1     -1  2004-01-01
48272     48553      -1     -1  0000-00-00
48286     48567      -1     -1  1948-01-01
48289     48570      -1     -1  2018-08-28
48308     48589      -1     -1  2015-05-27
48356     48638      -1     -1  0000-00-00
48362     48644      -1     -1  0000-00-00
48390     48672      -1     -1  0000-00-00
48445     48727      -1     -1  2018-01-05
48453     48735      -1     -1  0000-00-00
48456     48738      -1     -1  0000-00-00
48473     48755      -1     -1  1974-01-01
48491     48774      -1     -1  1974-09-01
48513     48797      -1     -1  1971-01-01
48517     48801      -1     -1  1973-01-01
48521     48805      -1     -1  0000-00-00
48559     48843      -1     -1  1911-01-01
48596     48880      -1     -1  0000-00-00
48660     48944      -1     -1  2018-08-28
48684     48968      -1     -1  1971-04-04
48691     48975      -1     -1  0000-00-00
48733     49017      -1     -1  2014-05-09
48765     49049      -1     -1  1910-01-01
48774     49058      -1     -1  0000-00-00
48781     49065      -1     -1  0000-00-00
48787     49071      -1     -1  2018-01-01
48835     49120      -1     -1  1893-01-01
48842     49128      -1     -1  1904-01-01
48849     49135      -1     -1  1916-01-01
48853     49139      -1     -1  0000-00-00
48857     49143      -1     -1  0000-00-00
48863     49149      -1     -1  0000-00-00
48871     49157      -1     -1  1959-11-20
48874     49160      -1     -1  0000-00-00
48879     49165      -1     -1  1930-01-01
48882     49168      -1     -1  0000-00-00
48896     49182      -1     -1  2018-02-03
48905     49191      -1     -1  0000-00-00
48906     49192      -1     -1  0000-00-00
48933     49219      -1     -1  0000-00-00
48939     49225      -1     -1  1903-01-01
48941     49227      -1     -1  1896-01-01
48942     49228      -1     -1  1899-01-01
48968     49254      -1     -1  1962-01-01
48980     49267      -1     -1  1889-01-01
48983     49270      -1     -1  0000-00-00
48984     49271      -1     -1  0000-00-00
48990     49277      -1     -1  0000-00-00
49010     49297      -1     -1  0000-00-00
49018     49305      -1     -1  2012-07-14
49022     49309      -1     -1  2006-01-01
49023     49310      -1     -1  2008-09-09
49031     49318      -1     -1  1942-01-30
49039     49327      -1     -1  0000-00-00
49042     49330      -1     -1  0000-00-00
49075     49363      -1     -1  1906-01-01
49077     49365      -1     -1  0000-00-00
49085     49373      -1     -1  0000-00-00
49096     49384      -1     -1  0000-00-00
49098     49386      -1     -1  0000-00-00
49119     49407      -1     -1  0000-00-00
49120     49408      -1     -1  0000-00-00
49136     49424      -1     -1  0000-00-00
49138     49426      -1     -1  0000-00-00
49139     49427      -1     -1  0000-00-00
49140     49428      -1     -1  0000-00-00
49141     49429      -1     -1  0000-00-00
49160     49448      -1     -1  2008-07-07
49169     49457      -1     -1  0000-00-00
49189     49479      -1     -1  0000-00-00
49200     49490      -1     -1  0000-00-00
49225     49515      -1     -1  0000-00-00
49277     49569      -1     -1  1950-03-21
49295     49587      -1     -1  0000-00-00
49309     49601      -1     -1  0000-00-00
49331     49623      -1     -1  0000-00-00
49335     49627      -1     -1  0000-00-00
49352     49644      -1     -1  0000-00-00
49359     49652      -1     -1  0000-00-00
49369     49662      -1     -1  0000-00-00
49384     49677      -1     -1  0000-00-00
49415     49708      -1     -1  1928-01-01
49420     49714      -1     -1  0000-00-00
49425     49719      -1     -1  0000-00-00
49432     49726      -1     -1  1964-01-01
49437     49731      -1     -1  0000-00-00
49447     49741      -1     -1  0000-00-00
49451     49745      -1     -1  0000-00-00
49461     49755      -1     -1  0000-00-00
49597     49894      -1     -1  1931-01-01
49606     49903      -1     -1  0000-00-00
49619     49916      -1     -1  0000-00-00
49629     49926      -1     -1  1992-01-01
49634     49931      -1     -1  0000-00-00
49639     49936      -1     -1  1985-01-28
49654     49951      -1     -1  2009-01-01
49673     49971      -1     -1  2009-05-19
49702     50000      -1     -1  2011-07-05
49705     50003      -1     -1  0000-00-00
49711     50009      -1     -1  0000-00-00
49717     50015      -1     -1  2015-03-21
49728     50026      -1     -1  0000-00-00
49733     50031      -1     -1  0000-00-00
49742     50040      -1     -1  2011-11-28
49746     50044      -1     -1  2012-01-01
49787     50085      -1     -1  2013-10-22
49838     50136      -1     -1  1975-01-01
49848     50146      -1     -1  0000-00-00
49849     50147      -1     -1  1975-01-01
49862     50160      -1     -1  0000-00-00
49876     50174      -1     -1  1905-01-01
49880     50178      -1     -1  0000-00-00
49884     50182      -1     -1  0000-00-00
49903     50201      -1     -1  2012-01-01
49905     50203      -1     -1  1905-01-01
49917     50216      -1     -1  1903-01-01
49958     50258      -1     -1  1900-01-02
49999     50299      -1     -1  0000-00-00
50019     50319      -1     -1  0000-00-00
50034     50334      -1     -1  0000-00-00
50040     50340      -1     -1  1900-01-02
50042     50342      -1     -1  1931-01-01
50044     50344      -1     -1  1977-01-01
50046     50346      -1     -1  1913-01-01
50047     50347      -1     -1  0000-00-00
50053     50353      -1     -1  0000-00-00
50075     50375      -1     -1  0000-00-00
50078     50378      -1     -1  1900-01-02
50079     50379      -1     -1  1902-01-01
50081     50381      -1     -1  1926-06-01
50156     50456      -1     -1  0000-00-00
50191     50491      -1     -1  0000-00-00
50194     50494      -1     -1  1905-01-01
50243     50543      -1     -1  1892-01-01
50250     50550      -1     -1  0000-00-00
50251     50551      -1     -1  0000-00-00
50272     50572      -1     -1  2015-02-23
50275     50575      -1     -1  0000-00-00
50278     50578      -1     -1  0000-00-00
50698     50999      -1     -1  1961-09-07
50704     51005      -1     -1  2015-08-15
50727     51028      -1     -1  1965-01-01
50744     51045      -1     -1  0000-00-00
50777     51078      -1     -1  0000-00-00
50781     51082      -1     -1  1971-12-07
50861     51162      -1     -1  0000-00-00
50865     51166      -1     -1  0000-00-00
50880     51181      -1     -1  0000-00-00
50881     51182      -1     -1  0000-00-00
50888     51189      -1     -1  1928-01-01
50913     51214      -1     -1  0000-00-00
50918     51219      -1     -1  0000-00-00
50939     51240      -1     -1  1910-01-01
50940     51241      -1     -1  0000-00-00
50946     51247      -1     -1  1918-01-01
50951     51252      -1     -1  1927-01-01
50952     51253      -1     -1  1926-01-01
50953     51254      -1     -1  1900-01-02
50959     51260      -1     -1  1906-01-01
50960     51261      -1     -1  1915-01-01
51076     51378      -1     -1  2020-01-01
51081     51383      -1     -1  0000-00-00
51084     51386      -1     -1  0000-00-00
51087     51389      -1     -1  0000-00-00
51148     51451      -1     -1  0000-00-00
51175     51478      -1     -1  0000-00-00
51179     51482      -1     -1  1903-01-01
51183     51486      -1     -1  1899-01-01
51185     51488      -1     -1  1887-01-01
51186     51489      -1     -1  1900-01-02
51187     51490      -1     -1  1905-01-01
51188     51492      -1     -1  1899-01-01
51189     51493      -1     -1  1939-01-01
51190     51494      -1     -1  1898-01-01
51191     51496      -1     -1  1913-01-01
51192     51497      -1     -1  1918-01-01
51193     51498      -1     -1  1908-01-01
51194     51499      -1     -1  1898-01-01
51195     51500      -1     -1  1900-01-02
51196     51501      -1     -1  1895-01-01
51197     51503      -1     -1  1902-01-01
51198     51504      -1     -1  1913-01-01
51199     51505      -1     -1  1899-01-01
51215     51521      -1     -1  1919-07-01
51219     51525      -1     -1  1899-01-01
51221     51527      -1     -1  1902-01-01
51266     51573      -1     -1  0000-00-00
51273     51580      -1     -1  0000-00-00
51295     51602      -1     -1  1913-01-01
51297     51604      -1     -1  1910-01-01
51301     51608      -1     -1  1903-01-01
51304     51611      -1     -1  1923-01-01
51305     51612      -1     -1  1914-01-01
51306     51613      -1     -1  1913-01-01
51310     51617      -1     -1  1916-01-01
51311     51618      -1     -1  1919-01-01
51312     51619      -1     -1  1913-01-01
51313     51620      -1     -1  1914-01-01
51314     51621      -1     -1  1901-01-01
51316     51624      -1     -1  1903-01-01
51317     51625      -1     -1  1922-01-01
51328     51636      -1     -1  1902-01-01
51329     51637      -1     -1  1898-01-01
51332     51640      -1     -1  1909-01-01
51339     51647      -1     -1  1905-01-01
51340     51648      -1     -1  1902-01-01
51342     51650      -1     -1  1918-01-01
51344     51652      -1     -1  1903-01-01
51345     51653      -1     -1  1918-01-01
51346     51654      -1     -1  1892-01-01
51348     51656      -1     -1  1909-01-01
51349     51657      -1     -1  1917-01-01
51350     51658      -1     -1  1910-01-01
51351     51659      -1     -1  1909-01-01
51352     51660      -1     -1  1897-01-01
51354     51663      -1     -1  1897-01-01
51358     51667      -1     -1  1901-01-01
51360     51669      -1     -1  2015-02-23
51363     51672      -1     -1  1902-01-01
51365     51674      -1     -1  1932-01-01
51368     51677      -1     -1  1928-09-14
51369     51678      -1     -1  1898-01-01
51374     51683      -1     -1  0000-00-00
51377     51686      -1     -1  0000-00-00
51388     51697      -1     -1  1909-01-01
51389     51698      -1     -1  1898-01-01
51402     51711      -1     -1  0000-00-00
51407     51716      -1     -1  0000-00-00
51415     51724      -1     -1  0000-00-00
51424     51733      -1     -1  0000-00-00
51428     51737      -1     -1  0000-00-00
51435     51744      -1     -1  0000-00-00
51451     51760      -1     -1  0000-00-00
51464     51773      -1     -1  1902-01-01
51465     51774      -1     -1  1905-01-01
51466     51775      -1     -1  1920-12-01
51474     51783      -1     -1  0000-00-00
51498     51807      -1     -1  1939-07-01
51507     51816      -1     -1  1897-01-01
51509     51818      -1     -1  1906-01-01
51510     51819      -1     -1  1919-01-01
51516     51825      -1     -1  0000-00-00
51521     51830      -1     -1  1920-01-01
51522     51831      -1     -1  1899-01-01
51525     51834      -1     -1  1932-02-01
51527     51836      -1     -1  1935-01-01
51528     51837      -1     -1  1919-01-01
51530     51839      -1     -1  1920-01-01
51532     51841      -1     -1  1923-01-01
51533     51842      -1     -1  1944-01-01
51536     51845      -1     -1  1904-01-01
51537     51846      -1     -1  1896-01-01
51538     51847      -1     -1  1921-01-01
51540     51849      -1     -1  1916-01-01
51550     51860      -1     -1  1919-01-01
51553     51863      -1     -1  1907-01-01
51601     51911      -1     -1  0000-00-00
51655     51965      -1     -1  0000-00-00
51657     51967      -1     -1  1986-07-23
51703     52013      -1     -1  1952-03-04
51714     52024      -1     -1  0000-00-00
51753     52063      -1     -1  0000-00-00
51794     52104      -1     -1  1901-01-01
51817     52127      -1     -1  1960-01-01
51830     52140      -1     -1  0000-00-00
51845     52155      -1     -1  0000-00-00
51875     52185      -1     -1  0000-00-00
51903     52213      -1     -1  0000-00-00
51914     52224      -1     -1  0000-00-00
51950     52260      -1     -1  0000-00-00
51955     52265      -1     -1  0000-00-00
51977     52287      -1     -1  1902-01-01
51987     52297      -1     -1  0000-00-00
52021     52331      -1     -1  0000-00-00
52022     52332      -1     -1  1970-06-17
52027     52337      -1     -1  0000-00-00
52031     52341      -1     -1  0000-00-00
52039     52349      -1     -1  0000-00-00
52040     52350      -1     -1  0000-00-00
52048     52358      -1     -1  0000-00-00
52054     52364      -1     -1  0000-00-00
52078     52388      -1     -1  0000-00-00
52079     52389      -1     -1  0000-00-00
52080     52390      -1     -1  0000-00-00
52081     52391      -1     -1  0000-00-00
52085     52395      -1     -1  0000-00-00
52088     52398      -1     -1  1899-01-01
52091     52401      -1     -1  1922-01-01
52125     52435      -1     -1  2012-01-01
52140     52450      -1     -1  0000-00-00
52142     52452      -1     -1  0000-00-00
52145     52455      -1     -1  0000-00-00
52176     52486      -1     -1  0000-00-00
52199     52509      -1     -1  0000-00-00
52201     52511      -1     -1  1920-01-01
52210     52520      -1     -1  0000-00-00
52239     52549      -1     -1  1892-01-01
52241     52551      -1     -1  1892-01-01
52242     52552      -1     -1  1911-01-01
52243     52553      -1     -1  1921-01-01
52245     52555      -1     -1  1911-01-01
52250     52560      -1     -1  0000-00-00
52257     52567      -1     -1  1898-01-01
52264     52574      -1     -1  0000-00-00
52273     52583      -1     -1  0000-00-00
52276     52586      -1     -1  0000-00-00
52286     52597      -1     -1  0000-00-00
52291     52602      -1     -1  0000-00-00
52292     52603      -1     -1  0000-00-00
52299     52610      -1     -1  1961-01-01
52331     52642      -1     -1  0000-00-00
52353     52664      -1     -1  1934-01-01
52373     52684      -1     -1  0000-00-00
52387     52698      -1     -1  1919-01-01
52390     52701      -1     -1  0000-00-00
52399     52710      -1     -1  1899-01-01
52422     52733      -1     -1  1973-01-01
52423     52734      -1     -1  0000-00-00
52434     52745      -1     -1  1985-01-20
52435     52746      -1     -1  1985-11-07
52452     52763      -1     -1  0000-00-00
52461     52772      -1     -1  0000-00-00
52484     52795      -1     -1  1997-06-29
52491     52802      -1     -1  0000-00-00
52501     52812      -1     -1  2017-06-03
52526     52837      -1     -1  0000-00-00
52542     52853      -1     -1  1920-01-01
52546     52857      -1     -1  1898-01-01
52577     52888      -1     -1  1905-01-01
52581     52892      -1     -1  0000-00-00
52607     52918      -1     -1  0000-00-00
52611     52922      -1     -1  1965-07-14
52625     52936      -1     -1  0000-00-00
52626     52937      -1     -1  1902-01-01
52627     52938      -1     -1  1915-01-01
52628     52939      -1     -1  1908-01-01
52630     52941      -1     -1  1915-01-01
52632     52943      -1     -1  0000-00-00
52634     52945      -1     -1  1967-01-01
52643     52954      -1     -1  1992-11-27
52644     52955      -1     -1  1992-11-27
52657     52968      -1     -1  0000-00-00
52658     52969      -1     -1  0000-00-00
52660     52971      -1     -1  1905-01-01
52666     52977      -1     -1  0000-00-00
52669     52980      -1     -1  1899-01-01
52670     52981      -1     -1  1899-01-01
52671     52982      -1     -1  1918-01-01
52672     52983      -1     -1  1918-01-01
52673     52984      -1     -1  1917-01-01
52674     52985      -1     -1  1919-01-01
52675     52986      -1     -1  1903-01-01
52681     52992      -1     -1  1916-01-01
52688     53000      -1     -1  1917-01-01
52698     53011      -1     -1  0000-00-00
52701     53014      -1     -1  1898-01-01
52702     53015      -1     -1  0000-00-00
52703     53016      -1     -1  0000-00-00
52714     53027      -1     -1  0000-00-00
52724     53037      -1     -1  0000-00-00
52754     53067      -1     -1  1969-01-01
52756     53069      -1     -1  0000-00-00
52757     53070      -1     -1  2014-01-24
52762     53075      -1     -1  1909-01-01
52775     53088      -1     -1  1967-01-01
52781     53094      -1     -1  1995-02-26
52801     53114      -1     -1  0000-00-00
52817     53130      -1     -1  0000-00-00
52821     53134      -1     -1  0000-00-00
52822     53135      -1     -1  2007-09-01
52837     53150      -1     -1  0000-00-00
52845     53159      -1     -1  1929-01-01
52847     53161      -1     -1  0000-00-00
52848     53162      -1     -1  1910-01-01
52849     53163      -1     -1  0000-00-00
52869     53184      -1     -1  0000-00-00
52872     53187      -1     -1  1965-01-01
52889     53204      -1     -1  0000-00-00
52890     53205      -1     -1  1907-01-01
52913     53229      -1     -1  0000-00-00
52960     53276      -1     -1  1933-01-01
52969     53285      -1     -1  1951-01-01
52981     53297      -1     -1  2008-12-22
52985     53301      -1     -1  0000-00-00
52988     53304      -1     -1  0000-00-00
52992     53308      -1     -1  1922-01-01
53005     53321      -1     -1  0000-00-00
53029     53345      -1     -1  0000-00-00
53031     53347      -1     -1  1908-01-01
53048     53364      -1     -1  2011-01-04
53108     53424      -1     -1  1900-01-02
53109     53425      -1     -1  1903-01-01
53110     53426      -1     -1  1917-01-01
53124     53440      -1     -1  1902-01-01
53134     53450      -1     -1  1895-01-01
53143     53459      -1     -1  0000-00-00
53146     53462      -1     -1  0000-00-00
53150     53466      -1     -1  0000-00-00
53156     53472      -1     -1  0000-00-00
53186     53502      -1     -1  0000-00-00
53189     53505      -1     -1  1924-01-01
53195     53511      -1     -1  1912-01-01
53204     53521      -1     -1  0000-00-00
53206     53523      -1     -1  0000-00-00
53207     53524      -1     -1  0000-00-00
53208     53525      -1     -1  0000-00-00
53217     53534      -1     -1  0000-00-00
53218     53535      -1     -1  0000-00-00
53239     53556      -1     -1  0000-00-00
53250     53567      -1     -1  1900-01-02
53253     53570      -1     -1  1927-01-01
53272     53589      -1     -1  0000-00-00
53277     53594      -1     -1  1924-01-01
53278     53595      -1     -1  0000-00-00
53280     53597      -1     -1  0000-00-00
53334     53651      -1     -1  1919-01-01
53347     53664      -1     -1  1915-01-01
53348     53665      -1     -1  1925-01-01
53349     53666      -1     -1  1920-01-01
53352     53669      -1     -1  1919-01-01
53355     53672      -1     -1  1903-01-01
53363     53680      -1     -1  1930-01-01
53367     53684      -1     -1  0000-00-00
53377     53694      -1     -1  0000-00-00
53436     53753      -1     -1  0000-00-00
53472     53789      -1     -1  0000-00-00
53480     53797      -1     -1  2018-02-02
53496     53813      -1     -1  0000-00-00
53500     53817      -1     -1  0000-00-00
53533     53850      -1     -1  0000-00-00
53567     53884      -1     -1  0000-00-00
53585     53902      -1     -1  1899-01-01
53586     53903      -1     -1  0000-00-00
53597     53914      -1     -1  0000-00-00
53598     53915      -1     -1  0000-00-00
53599     53916      -1     -1  0000-00-00
53636     53953      -1     -1  0000-00-00
53742     54059      -1     -1  0000-00-00
53747     54065      -1     -1  0000-00-00
53751     54069      -1     -1  0000-00-00
53760     54078      -1     -1  1915-01-01
53795     54113      -1     -1  1905-01-01
53817     54135      -1     -1  0000-00-00
53820     54138      -1     -1  0000-00-00
53824     54142      -1     -1  0000-00-00
53825     54143      -1     -1  0000-00-00
53843     54161      -1     -1  2000-01-01
53844     54162      -1     -1  2000-01-01
53845     54163      -1     -1  2000-01-01
53869     54187      -1     -1  2007-09-14
53870     54188      -1     -1  0000-00-00
53899     54217      -1     -1  0000-00-00
53901     54219      -1     -1  0000-00-00
53902     54220      -1     -1  2016-04-03
53911     54229      -1     -1  0000-00-00
53932     54250      -1     -1  1919-01-01
53950     54268      -1     -1  0000-00-00
53952     54270      -1     -1  0000-00-00
53954     54272      -1     -1  1918-01-01
53996     54314      -1     -1  2020-08-29
54007     54329      -1     -1  1916-07-01
54010     54332      -1     -1  2001-03-31
54086     54408      -1     -1  0000-00-00
54094     54416      -1     -1  2010-01-01
54104     54426      -1     -1  0000-00-00
54106     54428      -1     -1  0000-00-00
54121     54443      -1     -1  0000-00-00
54131     54453      -1     -1  0000-00-00
54164     54486      -1     -1  1973-10-27
54203     54525      -1     -1  0000-00-00
54222     54544      -1     -1  1895-01-01
54223     54545      -1     -1  1897-01-01
54224     54546      -1     -1  1925-01-01
54225     54547      -1     -1  1924-01-01
54227     54549      -1     -1  1900-01-02
54228     54550      -1     -1  1896-01-01
54229     54551      -1     -1  1905-01-01
54231     54554      -1     -1  1905-01-01
54232     54555      -1     -1  1922-06-01
54241     54564      -1     -1  1927-01-01
54244     54567      -1     -1  0000-00-00
54346     54670      -1     -1  0000-00-00
54385     54709      -1     -1  2017-01-01
54405     54729      -1     -1  0000-00-00
54409     54733      -1     -1  1912-01-01
54423     54747      -1     -1  1905-01-01
54434     54758      -1     -1  0000-00-00
54445     54770      -1     -1  1899-01-01
54454     54780      -1     -1  1926-01-01
54458     54784      -1     -1  0000-00-00
54461     54787      -1     -1  1971-02-24
54466     54793      -1     -1  0000-00-00
54470     54797      -1     -1  1973-01-01
54471     54798      -1     -1  0000-00-00
54472     54799      -1     -1  1950-01-01
54474     54801      -1     -1  1930-01-01
54481     54808      -1     -1  1899-01-01
54484     54811      -1     -1  1900-01-02
54485     54812      -1     -1  1929-01-01
54487     54814      -1     -1  1903-01-01
54488     54815      -1     -1  1905-01-01
54489     54816      -1     -1  1913-01-01
54492     54819      -1     -1  1908-01-01
54497     54826      -1     -1  1926-01-01
54499     54828      -1     -1  1908-01-01
54501     54830      -1     -1  1890-01-01
54507     54837      -1     -1  1890-01-01
54529     54859      -1     -1  0000-00-00
54611     54941      -1     -1  1960-01-01
54634     54964      -1     -1  0000-00-00
54657     54987      -1     -1  1915-01-01
54662     54992      -1     -1  1913-01-01
54666     54996      -1     -1  0000-00-00
54673     55003      -1     -1  0000-00-00
54698     55028      -1     -1  0000-00-00
54724     55054      -1     -1  0000-00-00
54732     55063      -1     -1  1912-07-21
54737     55068      -1     -1  0000-00-00
54738     55069      -1     -1  0000-00-00
54739     55070      -1     -1  0000-00-00
54743     55074      -1     -1  1968-08-21
54756     55087      -1     -1  2020-08-29
54758     55089      -1     -1  2019-01-01
54764     55095      -1     -1  2018-01-01
54770     55101      -1     -1  0000-00-00
54780     55111      -1     -1  1918-01-01
54784     55115      -1     -1  1900-01-02
54786     55117      -1     -1  0000-00-00
54794     55125      -1     -1  1983-01-10
54812     55143      -1     -1  0000-00-00
54906     55237      -1     -1  0000-00-00
54918     55249      -1     -1  0000-00-00
54928     55259      -1     -1  0000-00-00
55018     55350      -1     -1  1891-01-01
55021     55354      -1     -1  1903-01-01
55022     55355      -1     -1  1899-01-01
55023     55356      -1     -1  1905-01-01
55024     55357      -1     -1  1903-01-01
55025     55358      -1     -1  1893-01-01
55026     55359      -1     -1  1901-01-01
55027     55360      -1     -1  1895-01-01
55028     55363      -1     -1  1900-01-02
55029     55364      -1     -1  1902-01-01
55030     55365      -1     -1  1899-01-01
55032     55367      -1     -1  1900-01-02
55033     55368      -1     -1  1899-01-01
55035     55370      -1     -1  1891-01-01
55036     55371      -1     -1  1899-01-01
55037     55372      -1     -1  1912-01-01
55038     55373      -1     -1  1893-01-01
55039     55374      -1     -1  1895-01-01
55040     55375      -1     -1  1904-01-01
55041     55376      -1     -1  1889-01-01
55042     55377      -1     -1  1906-01-01
55043     55378      -1     -1  1911-01-01
55044     55379      -1     -1  1891-01-01
55045     55380      -1     -1  1888-01-01
55046     55381      -1     -1  1892-01-01
55047     55382      -1     -1  1896-01-01
55048     55383      -1     -1  1902-01-01
55050     55385      -1     -1  1903-01-01
55051     55386      -1     -1  1900-01-02
55053     55388      -1     -1  1903-01-01
55055     55391      -1     -1  1900-01-02
55057     55393      -1     -1  1911-01-01
55058     55395      -1     -1  1888-01-01
55060     55398      -1     -1  1927-01-01
55061     55400      -1     -1  1899-01-01
55062     55402      -1     -1  1901-01-01
55065     55405      -1     -1  1897-02-28
55066     55406      -1     -1  1883-01-01
55068     55408      -1     -1  1899-01-01
55071     55411      -1     -1  1919-01-01
55072     55412      -1     -1  1900-01-02
55073     55413      -1     -1  1895-01-01
55078     55418      -1     -1  1888-01-01
55085     55425      -1     -1  1939-01-01
55088     55428      -1     -1  1895-01-01
55091     55431      -1     -1  1903-01-01
55093     55433      -1     -1  1890-01-01
55098     55444      -1     -1  1905-01-01
55099     55445      -1     -1  1915-01-01
55100     55446      -1     -1  1890-01-01
55101     55447      -1     -1  1898-01-01
55102     55448      -1     -1  1895-01-01
55103     55449      -1     -1  1905-01-01
55104     55450      -1     -1  1915-01-01
55105     55458      -1     -1  1913-01-01
55109     55465      -1     -1  1897-01-01
55118     55475      -1     -1  0000-00-00
55127     55484      -1     -1  0000-00-00
55129     55486      -1     -1  0000-00-00
55167     55524      -1     -1  1903-01-01
55168     55525      -1     -1  1928-01-01
55169     55526      -1     -1  0000-00-00
55239     55596      -1     -1  1900-01-02
55241     55598      -1     -1  0000-00-00
55242     55599      -1     -1  0000-00-00
55243     55600      -1     -1  0000-00-00
55244     55601      -1     -1  0000-00-00
55261     55618      -1     -1  0000-00-00
55263     55620      -1     -1  0000-00-00
55264     55621      -1     -1  0000-00-00
55266     55623      -1     -1  0000-00-00
55277     55634      -1     -1  1921-07-01
55283     55640      -1     -1  1909-01-01
55285     55643      -1     -1  1933-01-01
55286     55644      -1     -1  1928-01-01
55287     55645      -1     -1  1920-01-01
55288     55646      -1     -1  1903-01-01
55292     55650      -1     -1  0000-00-00
55293     55651      -1     -1  1925-01-01
55303     55661      -1     -1  1975-01-01
55310     55668      -1     -1  1913-01-01
55316     55674      -1     -1  0000-00-00
55344     55702      -1     -1  1899-01-01
55350     55708      -1     -1  0000-00-00
55452     55810      -1     -1  2005-08-28
55453     55811      -1     -1  0000-00-00
55587     55945      -1     -1  0000-00-00
55597     55955      -1     -1  1993-08-12
55666     56024      -1     -1  1906-01-01
55672     56030      -1     -1  1910-01-01
55675     56033      -1     -1  1912-01-01
55676     56034      -1     -1  0000-00-00
55683     56041      -1     -1  1895-01-01
55684     56042      -1     -1  1895-01-01
55685     56043      -1     -1  1896-01-01
55687     56045      -1     -1  1896-01-01
55689     56047      -1     -1  1897-01-01
55690     56048      -1     -1  1897-01-01
55691     56049      -1     -1  1922-01-01
55692     56050      -1     -1  1922-01-01
55693     56051      -1     -1  1907-01-01
55696     56054      -1     -1  0000-00-00
55712     56070      -1     -1  2000-01-01
55717     56075      -1     -1  0000-00-00
55725     56083      -1     -1  1910-01-01
55728     56086      -1     -1  0000-00-00
55739     56097      -1     -1  0000-00-00
55740     56098      -1     -1  0000-00-00
55761     56119      -1     -1  0000-00-00
55766     56124      -1     -1  0000-00-00
55777     56135      -1     -1  0000-00-00
55782     56140      -1     -1  2012-11-08
55794     56152      -1     -1  0000-00-00
55809     56167      -1     -1  2017-08-29
55812     56170      -1     -1  1909-01-01
55832     56190      -1     -1  0000-00-00
55841     56199      -1     -1  0000-00-00
55842     56200      -1     -1  0000-00-00
55843     56201      -1     -1  1906-01-01
55844     56202      -1     -1  0000-00-00
55852     56210      -1     -1  1910-01-01
55860     56218      -1     -1  0000-00-00
55864     56222      -1     -1  0000-00-00
55867     56225      -1     -1  0000-00-00
55868     56226      -1     -1  0000-00-00
55870     56228      -1     -1  0000-00-00
55878     56236      -1     -1  1962-09-05
55887     56245      -1     -1  1902-01-01
55910     56268      -1     -1  1906-01-01
55991     56349      -1     -1  0000-00-00
56002     56360      -1     -1  0000-00-00
56003     56361      -1     -1  0000-00-00
56009     56367      -1     -1  1902-01-01
56040     56398      -1     -1  0000-00-00
56083     56441      -1     -1  0000-00-00
56097     56455      -1     -1  1925-01-01
56099     56457      -1     -1  2020-03-14
56109     56467      -1     -1  0000-00-00
56112     56470      -1     -1  0000-00-00
56142     56500      -1     -1  1993-01-23
56152     56510      -1     -1  1993-01-23
56154     56512      -1     -1  1998-07-12
56209     56567      -1     -1  1995-05-16
56240     56598      -1     -1  0000-00-00
56251     56609      -1     -1  1958-05-25
56299     56657      -1     -1  0000-00-00
56324     56682      -1     -1  1975-01-01
56338     56697      -1     -1  1924-01-01
56339     56698      -1     -1  1908-01-01
56375     56734      -1     -1  0000-00-00
56404     56763      -1     -1  0000-00-00
56415     56774      -1     -1  0000-00-00
56441     56801      -1     -1  1907-01-01
56443     56803      -1     -1  1910-01-01
56473     56833      -1     -1  0000-00-00
56475     56835      -1     -1  0000-00-00
56560     56922      -1     -1  0000-00-00
56597     56962      -1     -1  0000-00-00
56609     56974      -1     -1  2005-08-08
56617     56982      -1     -1  1897-01-01
56633     56998      -1     -1  1900-01-02
56679     57044      -1     -1  1933-01-01
56682     57047      -1     -1  1909-01-01
56686     57051      -1     -1  1895-01-01
56688     57053      -1     -1  2016-03-22
56751     57116      -1     -1  1978-10-10
56804     57169      -1     -1  0000-00-00
56818     57183      -1     -1  1986-01-01
56822     57187      -1     -1  1931-01-01
56823     57188      -1     -1  1900-01-01
56829     57194      -1     -1  1947-12-20
56849     57214      -1     -1  0000-00-00
56856     57221      -1     -1  1913-01-01
56858     57223      -1     -1  1934-01-01
56860     57225      -1     -1  0000-00-00
56861     57226      -1     -1  0000-00-00
56864     57229      -1     -1  1905-01-01
56865     57230      -1     -1  1902-01-01
56866     57231      -1     -1  1900-01-02
56880     57245      -1     -1  0000-00-00
56881     57246      -1     -1  1899-01-01
56882     57248      -1     -1  1889-01-01
56883     57249      -1     -1  1911-01-01
56884     57251      -1     -1  1905-01-01
56885     57252      -1     -1  1899-01-01
56896     57263      -1     -1  1922-01-01
56898     57265      -1     -1  0000-00-00
56899     57266      -1     -1  1885-01-01
56903     57270      -1     -1  1901-01-01
56904     57271      -1     -1  1886-01-01
56905     57272      -1     -1  1900-01-02
56916     57283      -1     -1  0000-00-00
56931     57298      -1     -1  1903-01-01
56932     57299      -1     -1  2020-03-14
56983     57350      -1     -1  0000-00-00
56989     57356      -1     -1  0000-00-00
56992     57359      -1     -1  1909-01-01
56994     57361      -1     -1  2015-04-22
57019     57386      -1     -1  2018-09-18
57024     57391      -1     -1  0000-00-00
57034     57401      -1     -1  0000-00-00
57041     57408      -1     -1  0000-00-00
57161     57528      -1     -1  0000-00-00
57197     57564      -1     -1  0000-00-00
57208     57575      -1     -1  0000-00-00
57210     57577      -1     -1  1932-01-01
57214     57581      -1     -1  1910-01-01
57218     57585      -1     -1  0000-00-00
57221     57588      -1     -1  1903-01-01
57230     57597      -1     -1  1892-01-01
57233     57600      -1     -1  1922-01-01
57236     57603      -1     -1  1897-01-01
57238     57606      -1     -1  1895-01-01
57239     57607      -1     -1  1896-01-01
57260     57628      -1     -1  1917-01-01
57262     57630      -1     -1  1956-05-31
57268     57636      -1     -1  1904-01-01
57269     57637      -1     -1  1931-01-01
57272     57640      -1     -1  1931-01-01
57273     57641      -1     -1  1888-01-01
57276     57644      -1     -1  1905-01-01
57281     57649      -1     -1  2020-03-14
57294     57662      -1     -1  1930-01-01
57298     57666      -1     -1  1887-01-01
57301     57669      -1     -1  1925-01-01
57310     57678      -1     -1  0000-00-00
57317     57685      -1     -1  1937-01-01
57341     57709      -1     -1  1917-01-01
57342     57710      -1     -1  1922-01-01
57352     57721      -1     -1  1963-01-01
57357     57726      -1     -1  1923-01-01
57362     57731      -1     -1  0000-00-00
57363     57732      -1     -1  1901-01-01
57366     57735      -1     -1  1895-01-01
57386     57755      -1     -1  1910-01-01
57477     57846      -1     -1  0000-00-00
57481     57850      -1     -1  1903-01-01
57487     57856      -1     -1  1927-01-01
57499     57868      -1     -1  0000-00-00
57502     57871      -1     -1  1891-01-01
57512     57881      -1     -1  1928-01-01
57525     57895      -1     -1  1904-01-01
57546     57916      -1     -1  0000-00-00
57548     57918      -1     -1  1929-01-01
57552     57925      -1     -1  1931-01-01
57553     57927      -1     -1  1918-01-01
57555     57930      -1     -1  1926-01-01
57556     57933      -1     -1  1920-01-01
57557     57935      -1     -1  1912-01-01
57558     57936      -1     -1  1918-01-01
57559     57937      -1     -1  1913-01-01
57562     57940      -1     -1  1903-01-01
57563     57941      -1     -1  1911-01-01
57564     57942      -1     -1  1896-01-01
57567     57949      -1     -1  1907-01-01
57571     57954      -1     -1  2020-08-29
57573     57956      -1     -1  1922-01-01
57581     57964      -1     -1  2020-01-08
57582     57965      -1     -1  0000-00-00
57583     57966      -1     -1  0000-00-00
57584     57967      -1     -1  2020-02-01
57585     57968      -1     -1  0000-00-00
57604     57987      -1     -1  1900-01-01
57714     58097      -1     -1  1900-01-02
57718     58101      -1     -1  1917-01-01
57719     58102      -1     -1  1927-01-01
57722     58105      -1     -1  1903-01-01
57725     58108      -1     -1  1907-01-01
57726     58109      -1     -1  2004-01-22
57727     58110      -1     -1  0000-00-00
57734     58117      -1     -1  1912-01-01
57735     58118      -1     -1  1903-01-01
57736     58119      -1     -1  1915-01-01
57738     58121      -1     -1  1908-01-01
57741     58125      -1     -1  1893-01-01
57743     58127      -1     -1  1924-01-01
57744     58128      -1     -1  1918-01-01
57745     58130      -1     -1  1920-01-01
57746     58131      -1     -1  1899-01-01
57747     58132      -1     -1  1921-01-01
57748     58133      -1     -1  1899-01-01
57749     58134      -1     -1  1922-01-01
57751     58136      -1     -1  1916-01-01
57752     58137      -1     -1  1925-01-01
57754     58139      -1     -1  1927-01-01
57755     58140      -1     -1  1917-01-01
57756     58141      -1     -1  1922-01-01
57757     58143      -1     -1  1917-01-01
57758     58144      -1     -1  1929-01-01
57759     58145      -1     -1  1921-01-01
57760     58146      -1     -1  1928-01-01
57761     58147      -1     -1  1927-01-01
57762     58148      -1     -1  1923-01-01
57764     58151      -1     -1  1924-01-01
57765     58152      -1     -1  1919-01-01
57766     58153      -1     -1  1921-01-01
57768     58155      -1     -1  1914-01-01
57769     58156      -1     -1  1911-01-01
57770     58157      -1     -1  1918-01-01
57772     58159      -1     -1  1905-01-01
57776     58163      -1     -1  1917-01-01
57778     58165      -1     -1  1911-01-01
57779     58166      -1     -1  1918-01-01
57780     58167      -1     -1  1915-01-01
57781     58168      -1     -1  1917-01-01
57782     58169      -1     -1  1914-01-01
57783     58170      -1     -1  1928-01-01
57784     58171      -1     -1  1917-01-01
57785     58172      -1     -1  1919-01-01
57787     58174      -1     -1  1917-01-01
57788     58175      -1     -1  1907-01-01
57789     58176      -1     -1  1927-01-01
57791     58178      -1     -1  1910-01-01
57792     58179      -1     -1  1901-01-01
57793     58180      -1     -1  1925-01-01
57795     58182      -1     -1  1915-01-01
57796     58183      -1     -1  1918-01-01
57797     58184      -1     -1  1915-01-01
57800     58187      -1     -1  1918-01-01
57801     58188      -1     -1  1902-01-01
57804     58192      -1     -1  1914-01-01
57805     58193      -1     -1  1918-01-01
57806     58194      -1     -1  1916-01-01
57807     58196      -1     -1  1927-01-01
57808     58197      -1     -1  1916-01-01
57809     58198      -1     -1  1940-01-01
57810     58199      -1     -1  1924-01-01
57811     58200      -1     -1  1919-01-01
57813     58202      -1     -1  1922-01-01
57814     58203      -1     -1  1926-01-01
57815     58204      -1     -1  1918-01-01
57816     58205      -1     -1  1922-01-01
57817     58208      -1     -1  1924-01-01
57818     58209      -1     -1  1925-01-01
57820     58211      -1     -1  1905-01-01
57821     58212      -1     -1  1911-01-01
57822     58213      -1     -1  1917-01-01
57826     58217      -1     -1  1920-01-01
57837     58230      -1     -1  1917-01-01
57838     58231      -1     -1  1916-01-01
57841     58235      -1     -1  1917-12-17
57842     58236      -1     -1  1918-01-01
57847     58242      -1     -1  1923-01-01
57848     58243      -1     -1  1917-12-17
57852     58247      -1     -1  1897-01-01
57855     58250      -1     -1  1969-01-01
57857     58252      -1     -1  1897-01-01
57867     58262      -1     -1  1908-01-01
57884     58279      -1     -1  1898-01-01
57885     58280      -1     -1  1922-01-01
57886     58281      -1     -1  1910-01-01
57888     58283      -1     -1  1888-01-01
57889     58284      -1     -1  1897-01-01
57890     58285      -1     -1  1900-01-02
57891     58286      -1     -1  1916-01-01
57892     58287      -1     -1  1888-06-01
57893     58288      -1     -1  1900-01-02
57894     58289      -1     -1  1885-01-01
57895     58290      -1     -1  1889-01-01
57896     58291      -1     -1  1905-01-01
57897     58292      -1     -1  1894-01-01
57898     58293      -1     -1  1897-01-01
57899     58294      -1     -1  1897-01-01
57900     58295      -1     -1  1892-01-01
57901     58297      -1     -1  1892-01-01
57902     58299      -1     -1  1920-01-01
57906     58304      -1     -1  1900-01-02
57907     58305      -1     -1  1919-01-01
57908     58308      -1     -1  1900-01-02
57909     58309      -1     -1  1889-01-01
57911     58311      -1     -1  1916-01-01
57912     58312      -1     -1  1895-01-01
57913     58313      -1     -1  1909-01-01
57914     58314      -1     -1  1895-01-01
57915     58315      -1     -1  1906-01-01
57916     58316      -1     -1  1892-01-01
57917     58317      -1     -1  1918-01-01
57918     58318      -1     -1  1897-01-01
57919     58319      -1     -1  1886-01-01
57920     58320      -1     -1  1898-01-01
57922     58322      -1     -1  1894-01-01
57924     58324      -1     -1  1918-01-01
57926     58326      -1     -1  1892-01-01
57927     58327      -1     -1  1894-01-01
57928     58328      -1     -1  1891-01-01
57929     58329      -1     -1  1898-01-01
57930     58330      -1     -1  1900-01-02
57932     58332      -1     -1  1924-01-01
57933     58333      -1     -1  1899-01-01
57934     58334      -1     -1  1916-01-01
57938     58341      -1     -1  1975-01-01
57939     58342      -1     -1  1887-01-01
57940     58348      -1     -1  1933-04-01
57947     58355      -1     -1  1901-01-01
57948     58356      -1     -1  1925-01-01
57953     58364      -1     -1  1895-01-01
57954     58365      -1     -1  1922-01-01
57957     58368      -1     -1  1920-01-01
57958     58369      -1     -1  1901-01-01
57961     58372      -1     -1  1948-01-01
57969     58381      -1     -1  1899-01-01
57970     58382      -1     -1  1891-01-01
57971     58383      -1     -1  1902-01-01
57972     58384      -1     -1  1906-01-01
57973     58385      -1     -1  1931-01-01
57974     58386      -1     -1  1900-01-02
57977     58389      -1     -1  0000-00-00
57984     58396      -1     -1  1892-01-01
57986     58398      -1     -1  0000-00-00
57987     58400      -1     -1  1893-01-01
57988     58401      -1     -1  1895-01-01
57989     58402      -1     -1  1895-01-01
57990     58403      -1     -1  1898-01-01
57991     58404      -1     -1  1914-01-01
57992     58405      -1     -1  1916-01-01
57993     58406      -1     -1  1885-01-01
57994     58407      -1     -1  1897-01-01
57995     58409      -1     -1  1884-01-01
57996     58410      -1     -1  1897-01-01
57998     58413      -1     -1  1883-01-01
57999     58414      -1     -1  1899-01-01
58000     58416      -1     -1  1899-01-01
58001     58417      -1     -1  1900-01-02
58003     58419      -1     -1  1895-01-01
58004     58420      -1     -1  1904-01-01
58005     58421      -1     -1  1897-01-01
58006     58423      -1     -1  1889-01-01
58008     58425      -1     -1  1897-01-01
58009     58426      -1     -1  1898-01-01
58010     58427      -1     -1  1900-01-02
58011     58428      -1     -1  1890-01-01
58013     58430      -1     -1  1904-01-01
58014     58431      -1     -1  1904-01-01
58016     58433      -1     -1  1915-01-01
58017     58434      -1     -1  1889-01-01
58018     58435      -1     -1  1895-01-01
58019     58436      -1     -1  1895-01-01
58020     58437      -1     -1  1897-01-01
58021     58438      -1     -1  1883-01-01
58023     58440      -1     -1  1914-01-01
58025     58442      -1     -1  1893-01-01
58026     58443      -1     -1  1893-01-01
58027     58444      -1     -1  1896-01-01
58028     58445      -1     -1  1891-01-01
58031     58449      -1     -1  1906-01-01
58032     58451      -1     -1  1899-01-01
58033     58452      -1     -1  1896-01-01
58034     58453      -1     -1  1918-01-01
58035     58454      -1     -1  1912-01-01
58036     58455      -1     -1  1893-01-01
58037     58456      -1     -1  1887-01-01
58039     58458      -1     -1  1903-01-01
58041     58460      -1     -1  1905-01-01
58043     58463      -1     -1  1925-01-01
58045     58466      -1     -1  1925-01-01
58046     58467      -1     -1  1921-01-01
58049     58473      -1     -1  1894-01-01
58050     58475      -1     -1  1901-01-01
58051     58476      -1     -1  1925-01-01
58052     58478      -1     -1  1884-01-01
58053     58479      -1     -1  1896-03-01
58059     58485      -1     -1  1917-01-01
58060     58486      -1     -1  1899-01-01
58067     58494      -1     -1  1903-01-01
58074     58501      -1     -1  1899-01-01
58076     58503      -1     -1  1928-01-01
58081     58508      -1     -1  0000-00-00
58090     58517      -1     -1  1961-01-01
58092     58519      -1     -1  1929-01-01
58095     58522      -1     -1  2015-01-01
58130     58557      -1     -1  0000-00-00
58155     58582      -1     -1  0000-00-00
58170     58597      -1     -1  0000-00-00
58185     58612      -1     -1  1913-01-01
58186     58613      -1     -1  1913-01-01
58187     58614      -1     -1  1885-01-01
58190     58617      -1     -1  1907-01-01
58191     58618      -1     -1  1896-01-01
58194     58621      -1     -1  1917-04-01
58197     58624      -1     -1  0000-00-00
58249     58676      -1     -1  1904-01-01
58250     58677      -1     -1  0000-00-00
58251     58678      -1     -1  0000-00-00
58252     58679      -1     -1  1910-01-01
58274     58701      -1     -1  0000-00-00
58297     58724      -1     -1  2016-01-01
58309     58736      -1     -1  0000-00-00
58314     58741      -1     -1  0000-00-00
58321     58748      -1     -1  1898-01-01
58328     58755      -1     -1  1922-01-01
58329     58756      -1     -1  0000-00-00
58336     58763      -1     -1  0000-00-00
58434     58861      -1     -1  1920-01-01
58443     58870      -1     -1  0000-00-00
58511     58938      -1     -1  0000-00-00
58519     58946      -1     -1  1973-07-14
58528     58955      -1     -1  1987-05-06
58563     58990      -1     -1  1973-02-12
58588     59015      -1     -1  1987-08-14
58589     59016      -1     -1  1991-02-20
58608     59035      -1     -1  1986-05-14
58613     59040      -1     -1  1973-02-12
58627     59054      -1     -1  1996-06-06
58654     59081      -1     -1  1988-01-22
58658     59085      -1     -1  1974-03-01
58739     59166      -1     -1  1987-07-01
58755     59182      -1     -1  1973-07-14
58798     59225      -1     -1  1971-04-25
58807     59234      -1     -1  1971-11-06
58809     59236      -1     -1  1971-11-06
58835     59262      -1     -1  0000-00-00
58848     59275      -1     -1  0000-00-00
58850     59277      -1     -1  0000-00-00
58961     59388      -1     -1  2020-01-08
58965     59392      -1     -1  1902-01-01
58979     59406      -1     -1  0000-00-00
58988     59415      -1     -1  0000-00-00
58994     59421      -1     -1  0000-00-00
59014     59443      -1     -1  1900-01-01
59015     59444      -1     -1  1907-01-01
59018     59447      -1     -1  0000-00-00
59021     59450      -1     -1  1995-08-12
59026     59455      -1     -1  2002-01-01
59049     59478      -1     -1  1922-01-01
59051     59480      -1     -1  1921-01-01
59052     59481      -1     -1  1921-01-01
59054     59483      -1     -1  1943-01-01
59062     59491      -1     -1  0000-00-00
59063     59492      -1     -1  1927-01-01
59069     59498      -1     -1  1921-01-01
59073     59502      -1     -1  1940-01-01
59082     59511      -1     -1  1925-01-01
59088     59517      -1     -1  2011-01-01
59127     59556      -1     -1  0000-00-00
59136     59565      -1     -1  1920-01-01
59138     59567      -1     -1  0000-00-00
59139     59568      -1     -1  0000-00-00
59153     59582      -1     -1  0000-00-00
59158     59587      -1     -1  0000-00-00
59162     59591      -1     -1  1904-01-01
59192     59622      -1     -1  0000-00-00
59195     59625      -1     -1  0000-00-00
59196     59626      -1     -1  0000-00-00
59199     59629      -1     -1  1928-01-01
59201     59631      -1     -1  0000-00-00
59327     59757      -1     -1  0000-00-00
59330     59760      -1     -1  1895-01-01
59338     59768      -1     -1  0000-00-00
59347     59777      -1     -1  0000-00-00
59359     59789      -1     -1  1923-01-01
59376     59806      -1     -1  1911-01-01
59391     59821      -1     -1  0000-00-00
59401     59831      -1     -1  0000-00-00
59418     59848      -1     -1  0000-00-00
59440     59870      -1     -1  1921-01-01
59441     59871      -1     -1  0000-00-00
59443     59873      -1     -1  0000-00-00
59472     59902      -1     -1  1900-01-01
59477     59907      -1     -1  1945-01-01
59485     59915      -1     -1  0000-00-00
59489     59919      -1     -1  1907-01-01
59499     59929      -1     -1  0000-00-00
59507     59937      -1     -1  0000-00-00
59508     59938      -1     -1  1904-01-01
59509     59939      -1     -1  0000-00-00
59510     59940      -1     -1  1903-01-01
59511     59941      -1     -1  1906-01-01
59549     59979      -1     -1  0000-00-00
59559     59989      -1     -1  0000-00-00
59561     59991      -1     -1  2003-01-01
59566     59996      -1     -1  1904-01-01
59567     59997      -1     -1  0000-00-00
59569     59999      -1     -1  0000-00-00
59593     60023      -1     -1  0000-00-00
59607     60037      -1     -1  0000-00-00
59634     60064      -1     -1  0000-00-00
59654     60084      -1     -1  0000-00-00
59661     60091      -1     -1  0000-00-00
59668     60098      -1     -1  0000-00-00
59694     60124      -1     -1  2019-11-08
59704     60134      -1     -1  0000-00-00
59705     60135      -1     -1  2019-11-08
59706     60136      -1     -1  2019-11-08
59753     60183      -1     -1  1904-01-01
59755     60185      -1     -1  1903-01-01
59756     60186      -1     -1  1892-01-01
59757     60187      -1     -1  1900-01-02
59758     60189      -1     -1  1905-01-01
59759     60190      -1     -1  1892-01-01
59760     60191      -1     -1  1898-01-01
59761     60192      -1     -1  1893-01-01
59763     60194      -1     -1  1887-01-01
59764     60195      -1     -1  1897-01-01
59765     60196      -1     -1  1897-01-01
59766     60198      -1     -1  1898-01-01
59767     60199      -1     -1  1902-01-01
59769     60201      -1     -1  1892-01-01
59770     60202      -1     -1  1892-01-01
59772     60204      -1     -1  0000-00-00
59773     60205      -1     -1  1919-01-01
59774     60206      -1     -1  1898-10-07
59781     60214      -1     -1  1907-01-01
59783     60216      -1     -1  1903-01-01
59784     60217      -1     -1  1919-01-01
59786     60219      -1     -1  1920-01-01
59791     60224      -1     -1  1887-01-01
59794     60227      -1     -1  1900-01-02
59796     60229      -1     -1  1919-01-01
59798     60231      -1     -1  1900-01-02
59799     60232      -1     -1  1898-01-01
59801     60235      -1     -1  2016-02-28
59802     60236      -1     -1  1926-01-01
59805     60239      -1     -1  1916-01-01
59809     60243      -1     -1  1972-01-01
59811     60245      -1     -1  0000-00-00
59816     60250      -1     -1  0000-00-00
59818     60252      -1     -1  1974-11-03
59844     60278      -1     -1  1972-01-01
59860     60295      -1     -1  0000-00-00
59862     60297      -1     -1  1919-01-01
59863     60298      -1     -1  1959-08-18
59864     60299      -1     -1  1903-01-01
59867     60302      -1     -1  1898-01-01
59878     60313      -1     -1  1921-01-01
59879     60314      -1     -1  1899-01-01
59880     60315      -1     -1  1915-01-01
59881     60316      -1     -1  1900-01-01
59886     60321      -1     -1  1901-01-01
59890     60325      -1     -1  1897-01-01
59900     60335      -1     -1  2001-06-06
59944     60379      -1     -1  1970-01-01
59948     60385      -1     -1  1963-01-01
59956     60393      -1     -1  2001-01-01
59975     60412      -1     -1  0000-00-00
59993     60430      -1     -1  2016-03-12
60000     60437      -1     -1  2016-03-12
60016     60453      -1     -1  1921-01-01
60033     60470      -1     -1  0000-00-00
60038     60475      -1     -1  1919-04-08
60039     60476      -1     -1  1918-01-01
60040     60477      -1     -1  1910-01-01
60050     60487      -1     -1  1992-11-24
60059     60497      -1     -1  1927-01-01
60121     60559      -1     -1  0000-00-00
60131     60569      -1     -1  1895-01-01
60134     60572      -1     -1  1927-01-01
60137     60575      -1     -1  1913-01-01
60144     60582      -1     -1  2009-10-19
60145     60583      -1     -1  0000-00-00
60146     60584      -1     -1  0000-00-00
60154     60592      -1     -1  2013-07-07
60339     60777      -1     -1  1917-01-01
60354     60792      -1     -1  0000-00-00
60355     60793      -1     -1  1958-06-07
60358     60796      -1     -1  2002-01-01
60372     60810      -1     -1  1998-11-28
60373     60811      -1     -1  1980-02-25
60389     60827      -1     -1  0000-00-00
60390     60828      -1     -1  0000-00-00
60399     60837      -1     -1  2002-01-01
60426     60864      -1     -1  1890-01-01
60428     60866      -1     -1  0000-00-00
60430     60868      -1     -1  1931-01-01
60432     60870      -1     -1  1890-01-01
60433     60871      -1     -1  1920-01-01
60447     60885      -1     -1  1907-01-01
60448     60886      -1     -1  1907-01-01
60453     60891      -1     -1  0000-00-00
60458     60896      -1     -1  0000-00-00
60460     60898      -1     -1  0000-00-00
60461     60899      -1     -1  2018-07-26
60474     60912      -1     -1  0000-00-00
60477     60915      -1     -1  0000-00-00
60489     60927      -1     -1  0000-00-00
60495     60933      -1     -1  0000-00-00
60499     60937      -1     -1  0000-00-00
60501     60939      -1     -1  0000-00-00
60507     60945      -1     -1  2010-12-18
60509     60947      -1     -1  1990-01-01
60511     60949      -1     -1  0000-00-00
60522     60960      -1     -1  2014-01-22
60524     60962      -1     -1  0000-00-00
60525     60963      -1     -1  0000-00-00
60533     60971      -1     -1  2010-12-17
60539     60977      -1     -1  0000-00-00
60550     60988      -1     -1  2013-02-05
60555     60993      -1     -1  0000-00-00
60560     60998      -1     -1  0000-00-00
60567     61005      -1     -1  0000-00-00
60569     61007      -1     -1  2019-01-01
60571     61009      -1     -1  2020-01-01
60573     61011      -1     -1  2019-01-01
60580     61019      -1     -1  2020-02-01
60585     61024      -1     -1  2020-01-01
60586     61025      -1     -1  0000-00-00
60588     61027      -1     -1  0000-00-00
60594     61033      -1     -1  0000-00-00
60597     61036      -1     -1  2020-01-01
60599     61038      -1     -1  2014-12-10
60600     61039      -1     -1  0000-00-00
60602     61041      -1     -1  2020-01-01
60603     61042      -1     -1  0000-00-00
60604     61043      -1     -1  2020-02-01
60609     61048      -1     -1  2019-08-02
60616     61056      -1     -1  0000-00-00
60625     61065      -1     -1  1936-03-15
60658     61098      -1     -1  1922-01-01
60660     61100      -1     -1  1924-01-01
60661     61101      -1     -1  1925-01-01
60664     61104      -1     -1  1911-01-01
60665     61105      -1     -1  1911-01-01
60679     61119      -1     -1  2013-07-07
60739     61179      -1     -1  1939-03-01
61034     61474      -1     -1  2016-10-28
61047     61487      -1     -1  1918-01-01
61048     61488      -1     -1  1918-01-01
61050     61490      -1     -1  2009-11-05
61052     61492      -1     -1  2017-12-31
61074     61514      -1     -1  0000-00-00
61078     61518      -1     -1  0000-00-00
61080     61520      -1     -1  1922-01-01
61081     61521      -1     -1  1947-12-20
61111     61552      -1     -1  0000-00-00
61112     61553      -1     -1  0000-00-00
61120     61561      -1     -1  1920-01-01
61132     61573      -1     -1  1931-01-01
61193     61634      -1     -1  0000-00-00
61252     61693      -1     -1  0000-00-00
61256     61697      -1     -1  0000-00-00
61264     61705      -1     -1  0000-00-00
61274     61715      -1     -1  2008-01-01
61309     61751      -1     -1  2015-09-28
61315     61757      -1     -1  1958-01-01
61411     61856      -1     -1  0000-00-00
61413     61858      -1     -1  0000-00-00
61449     61895      -1     -1  1909-01-01
61486     61932      -1     -1  0000-00-00
61542     61988      -1     -1  1899-01-01
61543     61989      -1     -1  1929-10-01
61554     62001      -1     -1  0000-00-00
61556     62004      -1     -1  1906-01-01
61557     62005      -1     -1  1918-01-01
61558     62006      -1     -1  1921-01-01
61560     62008      -1     -1  1900-01-02
61561     62009      -1     -1  1906-01-01
61563     62011      -1     -1  1913-01-01
61564     62012      -1     -1  1906-01-01
61565     62014      -1     -1  1903-01-01
61615     62065      -1     -1  1926-01-01
61621     62071      -1     -1  2017-01-01
61635     62085      -1     -1  1897-01-01
61638     62088      -1     -1  1909-01-01
61644     62095      -1     -1  1916-01-01
61647     62098      -1     -1  0000-00-00
61649     62100      -1     -1  0000-00-00
61650     62101      -1     -1  2013-07-27
61669     62120      -1     -1  0000-00-00
61673     62124      -1     -1  1911-01-01
61674     62125      -1     -1  1913-01-01
61678     62130      -1     -1  1917-01-01
61681     62133      -1     -1  1899-01-01
61683     62135      -1     -1  1898-01-01
61704     62156      -1     -1  1892-01-01
61707     62159      -1     -1  2013-01-07
61708     62160      -1     -1  0000-00-00
61709     62161      -1     -1  2020-01-06
61710     62162      -1     -1  2013-05-12
61711     62163      -1     -1  2013-01-01
61712     62164      -1     -1  0000-00-00
61713     62165      -1     -1  2014-03-22
61714     62166      -1     -1  0000-00-00
61715     62167      -1     -1  0000-00-00
61716     62168      -1     -1  2018-01-01
61717     62169      -1     -1  0000-00-00
61719     62171      -1     -1  0000-00-00
61720     62172      -1     -1  0000-00-00
61724     62176      -1     -1  1897-01-01
61725     62177      -1     -1  1941-01-01
61752     62204      -1     -1  0000-00-00
61754     62206      -1     -1  0000-00-00
61756     62208      -1     -1  0000-00-00
61770     62222      -1     -1  0000-00-00
61784     62236      -1     -1  0000-00-00
61829     62281      -1     -1  0000-00-00
61851     62303      -1     -1  0000-00-00
61906     62358      -1     -1  0000-00-00
61913     62365      -1     -1  1912-01-01
61943     62396      -1     -1  0000-00-00
61949     62402      -1     -1  0000-00-00
61950     62403      -1     -1  0000-00-00
61952     62405      -1     -1  2012-08-14
62012     62467      -1     -1  1962-06-17
62014     62469      -1     -1  0000-00-00
62080     62536      -1     -1  2017-04-17
62108     62564      -1     -1  0000-00-00
62156     62612      -1     -1  1921-01-01
62162     62618      -1     -1  0000-00-00
62193     62649      -1     -1  0000-00-00
62317     62773      -1     -1  0000-00-00
62318     62774      -1     -1  1919-01-01
62326     62782      -1     -1  0000-00-00
62339     62795      -1     -1  0000-00-00
62512     62968      -1     -1  1909-01-01
62514     62970      -1     -1  1901-01-01
62521     62977      -1     -1  1919-01-01
62523     62979      -1     -1  1892-01-01
62524     62980      -1     -1  1891-01-01
62525     62981      -1     -1  1893-01-01
62526     62982      -1     -1  1895-01-01
62527     62983      -1     -1  1901-01-01
62530     62986      -1     -1  1894-01-01
62531     62987      -1     -1  1896-01-01
62532     62988      -1     -1  1895-01-01
62533     62989      -1     -1  1899-01-01
62536     62992      -1     -1  2017-01-03
62562     63018      -1     -1  1898-01-01
62570     63026      -1     -1  1922-01-01
62588     63044      -1     -1  1975-01-01
62603     63059      -1     -1  1899-01-01
62604     63060      -1     -1  1899-01-01
62637     63093      -1     -1  0000-00-00
62646     63102      -1     -1  0000-00-00
62653     63109      -1     -1  0000-00-00
62680     63136      -1     -1  1962-03-21
62720     63176      -1     -1  0000-00-00
62751     63207      -1     -1  0000-00-00
62761     63217      -1     -1  0000-00-00
62773     63229      -1     -1  0000-00-00
62810     63266      -1     -1  0000-00-00
62827     63283      -1     -1  0000-00-00
62862     63318      -1     -1  2011-02-18
62964     63422      -1     -1  0000-00-00
62965     63423      -1     -1  1979-01-01
62973     63431      -1     -1  1916-05-10
62981     63439      -1     -1  1912-01-01
62982     63440      -1     -1  0000-00-00
62985     63443      -1     -1  0000-00-00
62993     63452      -1     -1  0000-00-00
63002     63461      -1     -1  1902-01-01
63008     63467      -1     -1  0000-00-00
63020     63479      -1     -1  1921-01-01
63027     63486      -1     -1  1899-01-01
63046     63505      -1     -1  1898-01-01
63047     63506      -1     -1  1898-01-01
63053     63512      -1     -1  0000-00-00
63093     63552      -1     -1  1997-06-30
63117     63576      -1     -1  2004-03-18
63131     63590      -1     -1  1902-01-01
63147     63606      -1     -1  0000-00-00
63166     63625      -1     -1  1994-12-11
63171     63630      -1     -1  0000-00-00
63245     63704      -1     -1  1922-01-01
63248     63707      -1     -1  1907-01-01
63259     63718      -1     -1  0000-00-00
63260     63719      -1     -1  0000-00-00
63288     63747      -1     -1  0000-00-00
63290     63749      -1     -1  0000-00-00
63332     63791      -1     -1  0000-00-00
63333     63792      -1     -1  0000-00-00
63335     63794      -1     -1  0000-00-00
63374     63833      -1     -1  0000-00-00
63386     63845      -1     -1  0000-00-00
63397     63856      -1     -1  0000-00-00
63414     63873      -1     -1  0000-00-00
63454     63913      -1     -1  1917-01-01
63606     64066      -1     -1  1925-01-01
63607     64067      -1     -1  1900-01-02
63615     64075      -1     -1  1988-11-11
63641     64101      -1     -1  0000-00-00
63665     64125      -1     -1  2001-08-28
63770     64231      -1     -1  2001-08-29
63793     64254      -1     -1  1924-01-01
63805     64266      -1     -1  0000-00-00
63819     64280      -1     -1  1999-12-12
63832     64293      -1     -1  1924-01-01
63836     64297      -1     -1  0000-00-00
63854     64315      -1     -1  1930-01-01
63858     64319      -1     -1  0000-00-00
63869     64331      -1     -1  0000-00-00
63970     64432      -1     -1  0000-00-00
63981     64443      -1     -1  0000-00-00
63998     64460      -1     -1  0000-00-00
64030     64492      -1     -1  2018-06-02
64038     64500      -1     -1  1966-01-01
64040     64502      -1     -1  1966-01-01
64042     64504      -1     -1  0000-00-00
64043     64505      -1     -1  0000-00-00
64044     64506      -1     -1  1964-01-01
64047     64509      -1     -1  0000-00-00
64058     64520      -1     -1  0000-00-00
64061     64523      -1     -1  0000-00-00
64075     64537      -1     -1  0000-00-00
64112     64574      -1     -1  0000-00-00
64120     64582      -1     -1  0000-00-00
64128     64590      -1     -1  1964-01-01
64183     64645      -1     -1  0000-00-00
64186     64648      -1     -1  2015-10-01
64195     64658      -1     -1  0000-00-00
64197     64660      -1     -1  1978-12-02
64198     64661      -1     -1  1984-01-01
64202     64665      -1     -1  2019-01-01
64228     64691      -1     -1  0000-00-00
64238     64701      -1     -1  0000-00-00
64239     64702      -1     -1  1909-01-01
64374     64838      -1     -1  1960-01-01
64497     64961      -1     -1  0000-00-00
64498     64962      -1     -1  0000-00-00
64522     64987      -1     -1  0000-00-00
64523     64988      -1     -1  0000-00-00
64524     64989      -1     -1  0000-00-00
64525     64990      -1     -1  0000-00-00
64530     64995      -1     -1  0000-00-00
64531     64996      -1     -1  0000-00-00
64544     65009      -1     -1  0000-00-00
64576     65041      -1     -1  2018-03-24
64577     65042      -1     -1  2018-03-24
64578     65043      -1     -1  2018-03-24
64579     65044      -1     -1  2018-03-24
64580     65045      -1     -1  2018-10-28
64581     65046      -1     -1  2018-10-28
64582     65047      -1     -1  2018-10-28
64583     65048      -1     -1  2018-10-31
64584     65049      -1     -1  2018-10-31
64586     65051      -1     -1  2013-12-21
64688     65153      -1     -1  2008-04-05
64689     65154      -1     -1  0000-00-00
64703     65168      -1     -1  0000-00-00
64704     65169      -1     -1  1898-01-01
64753     65219      -1     -1  1912-01-01
64754     65220      -1     -1  1902-01-01
64757     65223      -1     -1  1908-01-01
64758     65224      -1     -1  1899-01-01
64764     65230      -1     -1  1899-01-01
64772     65238      -1     -1  0000-00-00
64799     65265      -1     -1  1965-03-01
64816     65282      -1     -1  1934-01-01
64840     65306      -1     -1  0000-00-00
64858     65324      -1     -1  0000-00-00
64874     65340      -1     -1  0000-00-00
64881     65347      -1     -1  0000-00-00
64937     65403      -1     -1  0000-00-00
64938     65404      -1     -1  1913-01-01
64939     65405      -1     -1  1921-01-01
64947     65413      -1     -1  0000-00-00
64996     65462      -1     -1  0000-00-00
65012     65478      -1     -1  0000-00-00
65119     65586      -1     -1  0000-00-00
65136     65603      -1     -1  0000-00-00
65169     65637      -1     -1  0000-00-00
65175     65643      -1     -1  1898-01-01
65199     65667      -1     -1  0000-00-00
65235     65703      -1     -1  0000-00-00
65297     65768      -1     -1  2018-11-17
65311     65782      -1     -1  0000-00-00
65348     65819      -1     -1  0000-00-00
65356     65827      -1     -1  2019-08-20
65382     65853      -1     -1  1919-01-01
65384     65855      -1     -1  0000-00-00
65385     65856      -1     -1  2018-02-24
65440     65912      -1     -1  0000-00-00
65519     65991      -1     -1  0000-00-00
65530     66002      -1     -1  2015-10-01
65548     66020      -1     -1  1980-07-26
65563     66035      -1     -1  0000-00-00
65570     66042      -1     -1  0000-00-00
65621     66093      -1     -1  0000-00-00
65652     66124      -1     -1  1961-01-01
65788     66260      -1     -1  1895-01-01
65790     66262      -1     -1  1983-01-01
65811     66284      -1     -1  0000-00-00
65857     66330      -1     -1  1901-01-01
65937     66410      -1     -1  1899-01-01
65938     66411      -1     -1  1902-01-01
65939     66412      -1     -1  1906-01-01
65940     66413      -1     -1  1906-01-01
65946     66419      -1     -1  0000-00-00
65967     66440      -1     -1  2001-01-01
66060     66535      -1     -1  1925-01-01
66068     66543      -1     -1  0000-00-00
66079     66555      -1     -1  0000-00-00
66096     66572      -1     -1  1915-01-01
66118     66594      -1     -1  0000-00-00
66131     66607      -1     -1  0000-00-00
66145     66621      -1     -1  0000-00-00
66150     66626      -1     -1  0000-00-00
66152     66628      -1     -1  0000-00-00
66204     66680      -1     -1  1910-01-01
66229     66705      -1     -1  0000-00-00
66242     66718      -1     -1  0000-00-00
66265     66741      -1     -1  0000-00-00
66356     66833      -1     -1  0000-00-00
66357     66834      -1     -1  0000-00-00
66370     66847      -1     -1  1970-01-01
66391     66868      -1     -1  2017-11-06
66422     66899      -1     -1  1926-01-01
66423     66900      -1     -1  1967-01-01
66434     66911      -1     -1  0000-00-00
66435     66912      -1     -1  0000-00-00
66441     66918      -1     -1  0000-00-00
66446     66923      -1     -1  2017-12-20
66454     66931      -1     -1  0000-00-00
66472     66949      -1     -1  0000-00-00
66473     66950      -1     -1  0000-00-00
66501     66978      -1     -1  0000-00-00
66506     66985      -1     -1  0000-00-00
66524     67003      -1     -1  1910-01-01
66548     67027      -1     -1  0000-00-00
66553     67032      -1     -1  0000-00-00
66561     67040      -1     -1  0000-00-00
66582     67061      -1     -1  0000-00-00
66585     67064      -1     -1  0000-00-00
66595     67074      -1     -1  2012-08-11
66602     67081      -1     -1  0000-00-00
66613     67092      -1     -1  0000-00-00
66619     67098      -1     -1  2018-01-01
66670     67149      -1     -1  0000-00-00
66701     67180      -1     -1  0000-00-00
66736     67215      -1     -1  0000-00-00
66766     67245      -1     -1  2018-01-01
66774     67253      -1     -1  0000-00-00
66775     67254      -1     -1  0000-00-00
66781     67260      -1     -1  0000-00-00
66789     67268      -1     -1  0000-00-00
66790     67269      -1     -1  0000-00-00
66791     67270      -1     -1  0000-00-00
66792     67271      -1     -1  0000-00-00
66794     67273      -1     -1  1908-01-01
66798     67277      -1     -1  0000-00-00
66801     67280      -1     -1  0000-00-00
66804     67283      -1     -1  0000-00-00
66812     67291      -1     -1  0000-00-00
66825     67304      -1     -1  1965-01-01
66831     67310      -1     -1  0000-00-00
66847     67326      -1     -1  0000-00-00
66863     67342      -1     -1  0000-00-00
66871     67350      -1     -1  0000-00-00
66881     67360      -1     -1  0000-00-00
66885     67364      -1     -1  0000-00-00
66894     67373      -1     -1  1940-01-01
66895     67374      -1     -1  1927-01-01
66903     67382      -1     -1  0000-00-00
66906     67385      -1     -1  0000-00-00
66907     67386      -1     -1  0000-00-00
66912     67391      -1     -1  0000-00-00
66917     67396      -1     -1  0000-00-00
66924     67403      -1     -1  0000-00-00
66942     67421      -1     -1  0000-00-00
66957     67437      -1     -1  0000-00-00
66959     67439      -1     -1  0000-00-00
66992     67472      -1     -1  0000-00-00
67001     67481      -1     -1  2012-11-03
67021     67501      -1     -1  0000-00-00
67037     67517      -1     -1  1912-01-01
67042     67522      -1     -1  1931-01-01
67055     67535      -1     -1  1931-01-01
67062     67542      -1     -1  1892-01-01
67067     67547      -1     -1  0000-00-00
67069     67549      -1     -1  0000-00-00
67099     67579      -1     -1  1914-01-01
67115     67595      -1     -1  1961-03-11
67116     67596      -1     -1  1935-01-01
67117     67597      -1     -1  1905-01-01
67122     67602      -1     -1  0000-00-00
67123     67603      -1     -1  1924-01-01
67131     67611      -1     -1  1917-01-01
67132     67612      -1     -1  0000-00-00
67139     67619      -1     -1  1910-01-01
67140     67620      -1     -1  1917-01-01
67141     67621      -1     -1  0000-00-00
67167     67648      -1     -1  1906-01-01
67180     67661      -1     -1  1905-01-01
67186     67667      -1     -1  0000-00-00
67187     67668      -1     -1  0000-00-00
67198     67679      -1     -1  0000-00-00
67205     67686      -1     -1  2013-08-31
67217     67698      -1     -1  1911-06-21
67226     67707      -1     -1  1948-01-01
67266     67747      -1     -1  0000-00-00
67286     67767      -1     -1  1913-01-01
67315     67796      -1     -1  0000-00-00
67339     67820      -1     -1  1964-05-01
67350     67831      -1     -1  1962-01-01
67355     67836      -1     -1  0000-00-00
67373     67855      -1     -1  0000-00-00
67377     67859      -1     -1  1943-01-01
67384     67866      -1     -1  1944-01-01
67388     67870      -1     -1  1943-01-01
67430     67912      -1     -1  1969-09-30
67446     67928      -1     -1  2013-02-23
67453     67935      -1     -1  2019-03-25
67490     67972      -1     -1  1966-05-06
67499     67981      -1     -1  0000-00-00
67512     67994      -1     -1  1964-05-03
67537     68019      -1     -1  0000-00-00
67542     68024      -1     -1  0000-00-00
67560     68042      -1     -1  0000-00-00
67578     68060      -1     -1  0000-00-00
67586     68068      -1     -1  1966-06-01
67625     68107      -1     -1  0000-00-00
67636     68118      -1     -1  1934-01-01
67644     68126      -1     -1  1993-07-04
67650     68132      -1     -1  1991-10-11
67665     68147      -1     -1  0000-00-00
67681     68163      -1     -1  0000-00-00
67689     68171      -1     -1  0000-00-00
67694     68176      -1     -1  2011-01-01
67697     68179      -1     -1  1969-01-01
67701     68183      -1     -1  1913-01-01
67752     68234      -1     -1  2019-05-30
67755     68237      -1     -1  2014-08-09
67760     68242      -1     -1  0000-00-00
67761     68243      -1     -1  0000-00-00
67762     68244      -1     -1  0000-00-00
67766     68248      -1     -1  0000-00-00
67792     68274      -1     -1  0000-00-00
67799     68281      -1     -1  0000-00-00
67807     68289      -1     -1  1921-08-01
67818     68300      -1     -1  1925-01-01
67823     68305      -1     -1  2020-01-01
67840     68322      -1     -1  1964-12-10
67846     68328      -1     -1  1963-03-05
67893     68375      -1     -1  2006-09-09
67906     68389      -1     -1  0000-00-00
67921     68404      -1     -1  0000-00-00
67942     68425      -1     -1  0000-00-00
67957     68440      -1     -1  1878-01-01
67961     68444      -1     -1  1905-01-01
67964     68447      -1     -1  1902-01-01
68058     68541      -1     -1  0000-00-00
68081     68564      -1     -1  1934-05-01
68092     68575      -1     -1  1908-01-01
68095     68578      -1     -1  1903-01-01
68097     68580      -1     -1  1953-01-01
68099     68582      -1     -1  1925-01-01
68113     68596      -1     -1  1926-01-01
68116     68599      -1     -1  1920-01-01
68117     68600      -1     -1  1923-04-07
68122     68605      -1     -1  1911-01-01
68125     68608      -1     -1  1928-01-01
68133     68616      -1     -1  1903-01-01
68147     68632      -1     -1  1913-01-01
68148     68633      -1     -1  1902-01-01
68149     68634      -1     -1  1892-01-01
68150     68635      -1     -1  1918-01-01
68161     68647      -1     -1  0000-00-00
68163     68649      -1     -1  1920-05-30
68165     68651      -1     -1  1931-01-01
68167     68653      -1     -1  1937-01-01
68177     68663      -1     -1  0000-00-00
68179     68665      -1     -1  0000-00-00
68188     68674      -1     -1  0000-00-00
68189     68675      -1     -1  0000-00-00
68191     68677      -1     -1  0000-00-00
68192     68678      -1     -1  0000-00-00
68201     68687      -1     -1  0000-00-00
68324     68810      -1     -1  0000-00-00
68325     68811      -1     -1  1940-01-01
68355     68841      -1     -1  0000-00-00
68377     68863      -1     -1  1991-06-16
68404     68891      -1     -1  1899-01-01
68412     68899      -1     -1  0000-00-00
68427     68914      -1     -1  0000-00-00
68429     68916      -1     -1  0000-00-00
68432     68919      -1     -1  0000-00-00
68452     68939      -1     -1  0000-00-00
68467     68954      -1     -1  0000-00-00
68483     68970      -1     -1  1944-01-01
68493     68980      -1     -1  1980-01-01
68503     68990      -1     -1  1913-01-01
68513     69000      -1     -1  1906-01-01
68514     69001      -1     -1  1906-01-01
68515     69002      -1     -1  1907-01-01
68516     69003      -1     -1  1911-01-01
68517     69004      -1     -1  1906-01-01
68530     69017      -1     -1  1950-01-01
68532     69019      -1     -1  1918-01-01
68535     69022      -1     -1  1907-01-01
68544     69031      -1     -1  1918-01-01
68554     69041      -1     -1  1917-01-01
68555     69042      -1     -1  1904-01-01
68556     69043      -1     -1  1899-01-01
68557     69044      -1     -1  1899-01-01
68558     69045      -1     -1  1904-01-01
68560     69047      -1     -1  1898-01-01
68564     69051      -1     -1  1923-01-01
68566     69053      -1     -1  1905-01-01
68568     69055      -1     -1  1905-01-01
68569     69056      -1     -1  1905-01-01
68570     69057      -1     -1  1931-01-01
68572     69059      -1     -1  1900-01-02
68610     69098      -1     -1  2010-05-12
68851     69339      -1     -1  0000-00-00
68854     69342      -1     -1  1895-01-01
68858     69346      -1     -1  0000-00-00
68860     69348      -1     -1  0000-00-00
68866     69354      -1     -1  1895-01-01
68868     69356      -1     -1  1892-01-01
68872     69360      -1     -1  1897-01-01
68878     69366      -1     -1  0000-00-00
68911     69399      -1     -1  0000-00-00
68921     69409      -1     -1  0000-00-00
68950     69438      -1     -1  2007-10-26
69046     69535      -1     -1  1967-01-01
69070     69560      -1     -1  0000-00-00
69075     69567      -1     -1  0000-00-00
69080     69572      -1     -1  0000-00-00
69081     69573      -1     -1  0000-00-00
69083     69575      -1     -1  0000-00-00
69085     69577      -1     -1  0000-00-00
69089     69581      -1     -1  0000-00-00
69090     69582      -1     -1  0000-00-00
69094     69586      -1     -1  0000-00-00
69096     69588      -1     -1  0000-00-00
69119     69611      -1     -1  1916-01-01
69120     69612      -1     -1  1899-01-01
69130     69622      -1     -1  0000-00-00
69142     69634      -1     -1  0000-00-00
69143     69635      -1     -1  1906-01-01
69164     69656      -1     -1  1903-01-01
69165     69657      -1     -1  1899-01-01
69166     69658      -1     -1  1903-01-01
69169     69661      -1     -1  0000-00-00
69173     69665      -1     -1  1910-01-01
69174     69666      -1     -1  1920-01-01
69192     69684      -1     -1  1897-01-01
69195     69687      -1     -1  1892-01-01
69202     69694      -1     -1  1927-01-01
69280     69772      -1     -1  1899-01-01
69281     69773      -1     -1  1896-01-01
69282     69774      -1     -1  1900-01-02
69284     69776      -1     -1  1920-01-01
69285     69777      -1     -1  1902-01-01
69286     69778      -1     -1  1919-01-01
69289     69781      -1     -1  1907-01-01
69291     69784      -1     -1  1923-01-01
69292     69785      -1     -1  1899-01-01
69294     69787      -1     -1  1924-01-01
69297     69790      -1     -1  1912-01-01
69299     69792      -1     -1  1889-01-01
69300     69793      -1     -1  1899-01-01
69301     69794      -1     -1  1900-01-02
69302     69795      -1     -1  1917-01-01
69303     69796      -1     -1  1909-01-01
69304     69797      -1     -1  1931-01-01
69313     69808      -1     -1  1897-01-01
69314     69809      -1     -1  1905-01-01
69327     69823      -1     -1  0000-00-00
69330     69826      -1     -1  1913-01-01
69340     69838      -1     -1  0000-00-00
69353     69851      -1     -1  0000-00-00
69356     69854      -1     -1  0000-00-00
69358     69856      -1     -1  0000-00-00
69369     69867      -1     -1  0000-00-00
69379     69877      -1     -1  0000-00-00
69416     69914      -1     -1  2007-01-03
69420     69918      -1     -1  0000-00-00
69432     69930      -1     -1  0000-00-00
69447     69945      -1     -1  1901-01-01
69448     69946      -1     -1  1899-01-01
69450     69948      -1     -1  1900-01-02
69466     69965      -1     -1  2002-01-01
69467     69966      -1     -1  2002-01-01
69483     69982      -1     -1  0000-00-00
69494     69993      -1     -1  1932-01-01
69511     70010      -1     -1  0000-00-00
69526     70025      -1     -1  0000-00-00
69569     70068      -1     -1  0000-00-00
69575     70074      -1     -1  1900-01-02
69582     70081      -1     -1  0000-00-00
69598     70097      -1     -1  0000-00-00
69599     70098      -1     -1  1925-01-01
69604     70103      -1     -1  0000-00-00
69609     70108      -1     -1  0000-00-00
69612     70111      -1     -1  0000-00-00
69622     70121      -1     -1  0000-00-00
69625     70124      -1     -1  0000-00-00
69636     70135      -1     -1  0000-00-00
69670     70170      -1     -1  1983-01-01
69676     70176      -1     -1  0000-00-00
69679     70179      -1     -1  1923-06-01
69681     70181      -1     -1  1918-01-01
69693     70194      -1     -1  0000-00-00
69694     70195      -1     -1  1924-01-01
69695     70196      -1     -1  1902-01-01
69696     70197      -1     -1  1900-01-02
69712     70213      -1     -1  1934-01-01
69728     70229      -1     -1  0000-00-00
69729     70230      -1     -1  0000-00-00
69742     70243      -1     -1  0000-00-00
69759     70260      -1     -1  0000-00-00
69771     70272      -1     -1  0000-00-00
69777     70278      -1     -1  0000-00-00
69781     70282      -1     -1  0000-00-00
69847     70348      -1     -1  0000-00-00
69852     70353      -1     -1  1887-01-01
69856     70357      -1     -1  1924-01-01
69891     70392      -1     -1  0000-00-00
69902     70403      -1     -1  0000-00-00
69923     70424      -1     -1  0000-00-00
69959     70460      -1     -1  0000-00-00
69960     70461      -1     -1  1909-01-01
69962     70463      -1     -1  1913-01-01
69963     70464      -1     -1  1920-01-01
69968     70470      -1     -1  1899-01-01
69972     70474      -1     -1  1926-01-01
69979     70481      -1     -1  1925-01-01
69981     70483      -1     -1  1922-02-01
69988     70490      -1     -1  1919-01-01
69992     70494      -1     -1  1925-01-01
69996     70499      -1     -1  1907-01-01
69997     70500      -1     -1  1886-01-01
69999     70502      -1     -1  1925-01-01
70000     70504      -1     -1  1899-01-01
70004     70508      -1     -1  1897-01-01
70041     70545      -1     -1  0000-00-00
70049     70553      -1     -1  0000-00-00
70056     70560      -1     -1  2016-07-17
70064     70568      -1     -1  1926-01-01
70073     70577      -1     -1  0000-00-00
70074     70578      -1     -1  0000-00-00
70076     70580      -1     -1  0000-00-00
70086     70590      -1     -1  0000-00-00
70090     70594      -1     -1  0000-00-00
70116     70620      -1     -1  0000-00-00
70120     70624      -1     -1  0000-00-00
70131     70635      -1     -1  1998-01-01
70140     70644      -1     -1  0000-00-00
70159     70663      -1     -1  1911-01-01
70168     70672      -1     -1  0000-00-00
70173     70677      -1     -1  1912-01-01
70174     70678      -1     -1  1897-01-01
70200     70705      -1     -1  1922-01-01
70202     70707      -1     -1  1940-01-01
70205     70710      -1     -1  1895-03-01
70231     70736      -1     -1  1895-01-01
70233     70738      -1     -1  0000-00-00
70240     70745      -1     -1  0000-00-00
70250     70755      -1     -1  2003-01-01
70251     70756      -1     -1  1920-01-01
70254     70759      -1     -1  1895-03-01
70257     70762      -1     -1  0000-00-00
70258     70763      -1     -1  0000-00-00
70263     70768      -1     -1  1898-01-01
70265     70770      -1     -1  0000-00-00
70269     70774      -1     -1  0000-00-00
70278     70783      -1     -1  1897-01-01
70285     70790      -1     -1  1900-01-02
70288     70793      -1     -1  1905-01-01
70294     70799      -1     -1  0000-00-00
70308     70813      -1     -1  1905-01-01
70311     70816      -1     -1  0000-00-00
70325     70830      -1     -1  0000-00-00
70328     70833      -1     -1  0000-00-00
70338     70843      -1     -1  1943-01-01
70354     70860      -1     -1  0000-00-00
70420     70926      -1     -1  0000-00-00
70439     70945      -1     -1  2018-11-20
70451     70957      -1     -1  2019-12-02
70464     70970      -1     -1  2018-11-18
70479     70985      -1     -1  0000-00-00
70517     71023      -1     -1  1934-01-01
70518     71024      -1     -1  0000-00-00
70520     71027      -1     -1  0000-00-00
70543     71050      -1     -1  1912-01-01
70544     71051      -1     -1  1916-01-01
70545     71052      -1     -1  1906-01-01
70590     71097      -1     -1  1901-01-01
70690     71197      -1     -1  1933-01-01
70707     71214      -1     -1  0000-00-00
70710     71217      -1     -1  1966-01-01
70712     71219      -1     -1  0000-00-00
70724     71231      -1     -1  0000-00-00
70833     71340      -1     -1  1958-01-01
70878     71385      -1     -1  0000-00-00
70883     71390      -1     -1  1963-08-18
70886     71393      -1     -1  1967-01-01
70895     71402      -1     -1  0000-00-00
70900     71407      -1     -1  0000-00-00
71018     71528      -1     -1  1974-01-01
71022     71533      -1     -1  1970-01-01
71023     71534      -1     -1  1973-01-01
71030     71541      -1     -1  0000-00-00
71033     71544      -1     -1  1916-01-01
71034     71545      -1     -1  1918-01-01
71037     71548      -1     -1  1893-01-01
71043     71554      -1     -1  1898-01-01
71067     71578      -1     -1  0000-00-00
71099     71611      -1     -1  0000-00-00
71103     71616      -1     -1  0000-00-00
71140     71653      -1     -1  0000-00-00
71175     71689      -1     -1  0000-00-00
71216     71730      -1     -1  0000-00-00
71217     71731      -1     -1  2020-03-18
71219     71733      -1     -1  1944-01-01
71229     71743      -1     -1  0000-00-00
71273     71787      -1     -1  0000-00-00
71285     71799      -1     -1  0000-00-00
71299     71813      -1     -1  0000-00-00
71364     71878      -1     -1  0000-00-00
71365     71879      -1     -1  0000-00-00
71403     71917      -1     -1  0000-00-00
71442     71956      -1     -1  0000-00-00
71475     71989      -1     -1  1930-01-01
71477     71991      -1     -1  0000-00-00
71478     71992      -1     -1  2017-01-01
71482     71996      -1     -1  1961-01-01
71501     72015      -1     -1  1931-01-01
71555     72069      -1     -1  0000-00-00
71563     72077      -1     -1  0000-00-00
71566     72080      -1     -1  0000-00-00
71567     72081      -1     -1  0000-00-00
71578     72092      -1     -1  1925-01-01
71595     72109      -1     -1  1919-01-01
71738     72252      -1     -1  1915-01-01
71778     72292      -1     -1  0000-00-00
71791     72305      -1     -1  1892-01-01
71793     72307      -1     -1  0000-00-00
71897     72411      -1     -1  0000-00-00
71902     72416      -1     -1  0000-00-00
71904     72418      -1     -1  0000-00-00
71907     72421      -1     -1  0000-00-00
71919     72433      -1     -1  0000-00-00
71922     72436      -1     -1  0000-00-00
71933     72447      -1     -1  0000-00-00
71937     72451      -1     -1  0000-00-00
72014     72528      -1     -1  1981-01-04
72030     72544      -1     -1  2015-02-20
72061     72575      -1     -1  0000-00-00
72087     72601      -1     -1  0000-00-00
72142     72656      -1     -1  0000-00-00
72167     72681      -1     -1  0000-00-00
72170     72684      -1     -1  1982-01-01
72173     72687      -1     -1  0000-00-00
72191     72705      -1     -1  0000-00-00
72204     72718      -1     -1  0000-00-00
72208     72722      -1     -1  0000-00-00
72219     72733      -1     -1  0000-00-00
72229     72743      -1     -1  0000-00-00
72234     72748      -1     -1  1962-05-30
72242     72756      -1     -1  1966-01-01
72278     72793      -1     -1  0000-00-00
72288     72803      -1     -1  0000-00-00
72290     72805      -1     -1  0000-00-00
72291     72806      -1     -1  0000-00-00
72293     72808      -1     -1  0000-00-00
72297     72812      -1     -1  0000-00-00
72298     72813      -1     -1  0000-00-00
72300     72815      -1     -1  0000-00-00
72301     72816      -1     -1  0000-00-00
72305     72820      -1     -1  0000-00-00
72307     72822      -1     -1  0000-00-00
72331     72846      -1     -1  1909-01-01
72339     72854      -1     -1  0000-00-00
72414     72931      -1     -1  0000-00-00
72467     72984      -1     -1  1978-01-01
72526     73043      -1     -1  0000-00-00
72537     73054      -1     -1  1908-05-26
72552     73069      -1     -1  0000-00-00
72555     73072      -1     -1  2015-03-18
72652     73169      -1     -1  0000-00-00
72657     73174      -1     -1  1911-01-01
72661     73178      -1     -1  1962-01-01
72703     73220      -1     -1  1903-01-01
72709     73226      -1     -1  1901-01-01
72714     73231      -1     -1  0000-00-00
72715     73232      -1     -1  0000-00-00
72721     73238      -1     -1  0000-00-00
72740     73257      -1     -1  0000-00-00
72799     73316      -1     -1  1901-01-01
72834     73351      -1     -1  1913-01-01
72837     73354      -1     -1  0000-00-00
72838     73355      -1     -1  1895-01-01
72839     73356      -1     -1  1922-01-01
72845     73362      -1     -1  0000-00-00
72879     73397      -1     -1  0000-00-00
72894     73412      -1     -1  1933-01-01
72895     73413      -1     -1  1905-01-01
72904     73422      -1     -1  0000-00-00
72924     73442      -1     -1  0000-00-00
72948     73466      -1     -1  0000-00-00
72956     73474      -1     -1  0000-00-00
72957     73475      -1     -1  0000-00-00
72975     73493      -1     -1  0000-00-00
72985     73503      -1     -1  0000-00-00
72988     73506      -1     -1  0000-00-00
72989     73507      -1     -1  0000-00-00
72993     73511      -1     -1  0000-00-00
73029     73547      -1     -1  0000-00-00
73067     73585      -1     -1  1972-01-01
73103     73621      -1     -1  2007-11-20
73124     73642      -1     -1  0000-00-00
73196     73714      -1     -1  1936-01-01
73207     73725      -1     -1  2012-04-30
73255     73773      -1     -1  0000-00-00
73262     73780      -1     -1  0000-00-00
73264     73782      -1     -1  1899-01-01
73265     73783      -1     -1  1931-01-01
73268     73786      -1     -1  1903-01-01
73280     73798      -1     -1  0000-00-00
73283     73801      -1     -1  2010-12-23
73288     73806      -1     -1  1907-01-01
73304     73822      -1     -1  0000-00-00
73323     73841      -1     -1  0000-00-00
73324     73842      -1     -1  0000-00-00
73332     73850      -1     -1  1995-05-23
73333     73851      -1     -1  0000-00-00
73338     73856      -1     -1  0000-00-00
73340     73858      -1     -1  1996-01-23
73347     73865      -1     -1  0000-00-00
73352     73870      -1     -1  0000-00-00
73355     73873      -1     -1  0000-00-00
73358     73876      -1     -1  2015-01-01
73359     73877      -1     -1  2015-01-01
73372     73890      -1     -1  0000-00-00
73404     73922      -1     -1  0000-00-00
73497     74015      -1     -1  1977-01-01
73517     74035      -1     -1  0000-00-00
73526     74044      -1     -1  0000-00-00
73527     74045      -1     -1  0000-00-00
73535     74053      -1     -1  0000-00-00
73557     74075      -1     -1  0000-00-00
73565     74083      -1     -1  0000-00-00
73599     74117      -1     -1  1919-01-01
73601     74120      -1     -1  1921-01-01
73617     74136      -1     -1  1907-01-01
73634     74153      -1     -1  0000-00-00
73650     74169      -1     -1  1943-12-19
73652     74171      -1     -1  1900-01-02
73681     74200      -1     -1  1899-02-01
73684     74203      -1     -1  1902-01-01
73685     74204      -1     -1  1893-01-01
73686     74205      -1     -1  1892-01-01
73687     74206      -1     -1  1922-01-01
73690     74209      -1     -1  1900-01-02
73691     74210      -1     -1  1901-01-01
73692     74212      -1     -1  1930-01-01
73695     74215      -1     -1  1917-01-01
73696     74216      -1     -1  1915-01-01
73697     74217      -1     -1  1894-01-01
73700     74220      -1     -1  1903-01-01
73702     74222      -1     -1  1907-01-01
73703     74223      -1     -1  1895-01-01
73705     74225      -1     -1  1899-01-01
73706     74226      -1     -1  1919-01-01
73707     74227      -1     -1  1904-01-01
73709     74229      -1     -1  1920-01-01
73711     74231      -1     -1  1901-01-01
73712     74232      -1     -1  1972-01-01
73713     74233      -1     -1  1903-01-01
73714     74234      -1     -1  1906-01-01
73715     74235      -1     -1  1921-01-01
73716     74236      -1     -1  0000-00-00
73720     74240      -1     -1  1924-01-01
73725     74245      -1     -1  1879-01-01
73726     74246      -1     -1  1944-01-01
73729     74249      -1     -1  1914-01-01
73732     74252      -1     -1  1913-01-01
73741     74261      -1     -1  1922-05-01
73747     74267      -1     -1  1930-01-01
73752     74273      -1     -1  1889-01-01
73789     74311      -1     -1  0000-00-00
73824     74346      -1     -1  0000-00-00
73831     74353      -1     -1  1903-01-01
73839     74362      -1     -1  1922-01-01
73866     74389      -1     -1  1988-01-10
73876     74399      -1     -1  1988-11-04
74062     74585      -1     -1  1930-01-01
74069     74592      -1     -1  0000-00-00
74081     74604      -1     -1  1911-01-01
74082     74605      -1     -1  1918-01-01
74083     74606      -1     -1  1944-01-01
74085     74608      -1     -1  1916-01-01
74086     74609      -1     -1  1904-01-01
74087     74610      -1     -1  1904-01-01
74100     74623      -1     -1  0000-00-00
74102     74625      -1     -1  1962-05-20
74110     74633      -1     -1  1917-01-01
74111     74634      -1     -1  0000-00-00
74120     74643      -1     -1  0000-00-00
74132     74655      -1     -1  0000-00-00
74134     74657      -1     -1  0000-00-00
74139     74662      -1     -1  0000-00-00
74141     74664      -1     -1  0000-00-00
74145     74668      -1     -1  0000-00-00
74148     74671      -1     -1  0000-00-00
74150     74673      -1     -1  1970-01-18
74151     74674      -1     -1  1972-01-01
74153     74676      -1     -1  0000-00-00
74154     74677      -1     -1  0000-00-00
74156     74679      -1     -1  0000-00-00
74157     74680      -1     -1  1970-01-01
74158     74681      -1     -1  0000-00-00
74458     74982      -1     -1  1919-01-01
74485     75010      -1     -1  1898-01-01
74489     75014      -1     -1  0000-00-00
74499     75024      -1     -1  0000-00-00
74500     75025      -1     -1  0000-00-00
74501     75026      -1     -1  0000-00-00
74503     75028      -1     -1  1990-01-01
74505     75030      -1     -1  1905-01-01
74527     75052      -1     -1  0000-00-00
74528     75053      -1     -1  1953-06-22
74534     75059      -1     -1  0000-00-00
74548     75073      -1     -1  0000-00-00
74558     75083      -1     -1  0000-00-00
74567     75092      -1     -1  1990-01-01
74572     75097      -1     -1  0000-00-00
74573     75098      -1     -1  1920-01-01
74575     75100      -1     -1  1905-01-01
74576     75101      -1     -1  1917-01-01
74578     75103      -1     -1  1917-01-01
74600     75125      -1     -1  0000-00-00
74609     75134      -1     -1  1931-01-01
74615     75140      -1     -1  1912-01-01
74621     75146      -1     -1  0000-00-00
74623     75148      -1     -1  0000-00-00
74624     75149      -1     -1  1991-04-15
74625     75150      -1     -1  1991-04-15
74629     75154      -1     -1  1906-01-01
74633     75158      -1     -1  1918-01-01
74636     75161      -1     -1  0000-00-00
74644     75169      -1     -1  1933-01-01
74670     75195      -1     -1  0000-00-00
74681     75206      -1     -1  0000-00-00
74683     75208      -1     -1  2020-02-02
74692     75217      -1     -1  0000-00-00
74727     75252      -1     -1  0000-00-00
74732     75257      -1     -1  0000-00-00
74745     75270      -1     -1  0000-00-00
74746     75271      -1     -1  0000-00-00
74747     75272      -1     -1  0000-00-00
74906     75431      -1     -1  0000-00-00
74908     75433      -1     -1  0000-00-00
74956     75481      -1     -1  0000-00-00
74976     75501      -1     -1  2018-10-02
74979     75504      -1     -1  0000-00-00
74992     75517      -1     -1  2017-12-15
74993     75518      -1     -1  2013-11-25
75001     75526      -1     -1  2014-12-15
75002     75527      -1     -1  0000-00-00
75026     75551      -1     -1  0000-00-00
75032     75557      -1     -1  2014-01-06
75035     75560      -1     -1  0000-00-00
75084     75609      -1     -1  0000-00-00
75086     75611      -1     -1  2018-03-17
75103     75628      -1     -1  2018-07-26
75142     75667      -1     -1  2014-08-01
75146     75671      -1     -1  0000-00-00
75165     75690      -1     -1  2019-01-14
75166     75691      -1     -1  0000-00-00
75308     75833      -1     -1  0000-00-00
75311     75836      -1     -1  0000-00-00
75359     75884      -1     -1  0000-00-00
75362     75887      -1     -1  0000-00-00
75364     75889      -1     -1  0000-00-00
75373     75898      -1     -1  1899-01-01
75375     75900      -1     -1  1903-01-01
75376     75902      -1     -1  1898-01-01
75377     75903      -1     -1  1920-01-01
75378     75904      -1     -1  1900-01-02
75483     76012      -1     -1  1930-01-01
75515     76045      -1     -1  0000-00-00
75573     76103      -1     -1  1993-04-13
75602     76132      -1     -1  2001-01-01
75606     76136      -1     -1  2020-10-03
75607     76137      -1     -1  2020-10-03
75608     76138      -1     -1  2020-10-03
75609     76139      -1     -1  2020-10-03
75610     76140      -1     -1  2020-10-03
75611     76141      -1     -1  2020-10-03
75612     76142      -1     -1  2020-10-03
75613     76143      -1     -1  0000-00-00
75614     76144      -1     -1  0000-00-00
75619     76149      -1     -1  1999-01-01
75626     76156      -1     -1  1902-01-01
75658     76188      -1     -1  0000-00-00
75662     76192      -1     -1  0000-00-00
75663     76193      -1     -1  0000-00-00
75763     76297      -1     -1  1900-01-02
75768     76302      -1     -1  0000-00-00
75769     76303      -1     -1  1910-01-01
75774     76308      -1     -1  1901-01-01
75777     76311      -1     -1  1905-01-01
75778     76312      -1     -1  1904-01-01
75781     76315      -1     -1  1900-01-02
75782     76316      -1     -1  1902-01-01
75783     76317      -1     -1  1894-01-01
75784     76318      -1     -1  1933-01-01
75785     76319      -1     -1  1887-01-01
75786     76320      -1     -1  1899-01-01
75787     76322      -1     -1  1897-01-01
75790     76325      -1     -1  0000-00-00
75794     76329      -1     -1  0000-00-00
75795     76330      -1     -1  1926-01-01
75813     76348      -1     -1  0000-00-00
75828     76363      -1     -1  0000-00-00
75829     76364      -1     -1  0000-00-00
75832     76367      -1     -1  1968-01-01
75837     76372      -1     -1  1900-01-01
75839     76374      -1     -1  1950-01-01
75850     76385      -1     -1  0000-00-00
75859     76394      -1     -1  2007-01-01
75861     76396      -1     -1  0000-00-00
75862     76397      -1     -1  0000-00-00
75894     76429      -1     -1  1936-01-01
75951     76486      -1     -1  0000-00-00
76006     76541      -1     -1  1998-03-16
76013     76548      -1     -1  2020-01-01
76105     76640      -1     -1  0000-00-00
76250     76785      -1     -1  0000-00-00
76251     76786      -1     -1  0000-00-00
76254     76789      -1     -1  1954-04-24
76263     76798      -1     -1  0000-00-00
76279     76814      -1     -1  0000-00-00
76289     76824      -1     -1  0000-00-00
76290     76825      -1     -1  0000-00-00
76297     76832      -1     -1  0000-00-00
76311     76846      -1     -1  0000-00-00
76405     76940      -1     -1  0000-00-00
76410     76945      -1     -1  2018-08-25
76528     77063      -1     -1  0000-00-00
76582     77117      -1     -1  2015-08-23
76722     77257      -1     -1  0000-00-00
76723     77258      -1     -1  0000-00-00
76725     77260      -1     -1  0000-00-00
76745     77280      -1     -1  0000-00-00
76761     77296      -1     -1  0000-00-00
76779     77314      -1     -1  0000-00-00
76780     77315      -1     -1  0000-00-00
76828     77363      -1     -1  0000-00-00
76829     77364      -1     -1  0000-00-00
76865     77401      -1     -1  0000-00-00
76875     77411      -1     -1  2017-12-30
76887     77423      -1     -1  0000-00-00
76901     77437      -1     -1  0000-00-00
76902     77438      -1     -1  0000-00-00
76939     77476      -1     -1  1907-01-01
76941     77478      -1     -1  0000-00-00
76950     77487      -1     -1  2007-08-08
76968     77507      -1     -1  1900-01-02
76969     77508      -1     -1  1933-01-01
76970     77509      -1     -1  1933-01-01
76971     77510      -1     -1  1899-01-01
76972     77511      -1     -1  1897-01-01
76975     77514      -1     -1  1907-01-01
77002     77541      -1     -1  1892-01-01
77003     77542      -1     -1  1903-01-01
77007     77546      -1     -1  0000-00-00
77008     77547      -1     -1  0000-00-00
77013     77552      -1     -1  2001-01-01
77014     77553      -1     -1  2001-01-01
77022     77561      -1     -1  0000-00-00
77024     77563      -1     -1  0000-00-00
77103     77642      -1     -1  0000-00-00
77116     77656      -1     -1  1934-07-28
77142     77682      -1     -1  1907-01-01
77230     77770      -1     -1  1918-01-01
77231     77771      -1     -1  1900-01-02
77232     77772      -1     -1  0000-00-00
77255     77795      -1     -1  0000-00-00
77263     77803      -1     -1  2014-12-03
77267     77807      -1     -1  0000-00-00
77274     77814      -1     -1  2014-12-03
77275     77815      -1     -1  2016-05-01
77318     77858      -1     -1  1918-01-01
77329     77869      -1     -1  2017-04-20
77349     77889      -1     -1  0000-00-00
77357     77897      -1     -1  0000-00-00
77398     77938      -1     -1  0000-00-00
77406     77946      -1     -1  0000-00-00
77423     77963      -1     -1  0000-00-00
77424     77964      -1     -1  0000-00-00
77490     78031      -1     -1  0000-00-00
77507     78048      -1     -1  1925-01-01
77534     78075      -1     -1  0000-00-00
77537     78079      -1     -1  2020-04-06
77550     78092      -1     -1  1904-01-01
77551     78093      -1     -1  1897-01-01
77553     78095      -1     -1  1905-01-01
77555     78097      -1     -1  1897-01-01
77557     78099      -1     -1  1915-01-01
77559     78101      -1     -1  1894-01-01
77560     78102      -1     -1  1918-01-01
77561     78103      -1     -1  1903-04-01
77562     78105      -1     -1  1899-01-01
77565     78108      -1     -1  1899-01-01
77581     78124      -1     -1  0000-00-00
77598     78141      -1     -1  1903-01-01
77599     78142      -1     -1  1905-01-01
77681     78224      -1     -1  2018-09-26
77682     78225      -1     -1  2018-09-26
77713     78256      -1     -1  0000-00-00
77721     78264      -1     -1  0000-00-00
77722     78265      -1     -1  0000-00-00
77734     78277      -1     -1  1922-01-01
77748     78291      -1     -1  1927-01-01
77750     78293      -1     -1  1924-01-01
77754     78297      -1     -1  0000-00-00
77774     78317      -1     -1  0000-00-00
77775     78318      -1     -1  0000-00-00
77851     78394      -1     -1  0000-00-00
77860     78403      -1     -1  1923-06-12
77862     78405      -1     -1  2006-01-01
77873     78416      -1     -1  0000-00-00
77896     78439      -1     -1  1887-01-01
77923     78466      -1     -1  0000-00-00
77934     78477      -1     -1  0000-00-00
77935     78478      -1     -1  0000-00-00
77944     78487      -1     -1  1972-01-01
77945     78488      -1     -1  1903-01-01
77954     78497      -1     -1  1958-01-01
77960     78504      -1     -1  0000-00-00
77978     78522      -1     -1  0000-00-00
77991     78535      -1     -1  1960-07-11
77992     78536      -1     -1  1960-07-11
77994     78538      -1     -1  1960-07-11
77996     78540      -1     -1  1960-07-11
77997     78541      -1     -1  1960-07-11
78005     78549      -1     -1  1954-01-01
78067     78611      -1     -1  1958-06-17
78096     78640      -1     -1  0000-00-00
78123     78667      -1     -1  0000-00-00
78124     78668      -1     -1  0000-00-00
78140     78684      -1     -1  0000-00-00
78145     78689      -1     -1  1875-01-01
78151     78695      -1     -1  0000-00-00
78154     78698      -1     -1  1947-01-01
78166     78710      -1     -1  1936-01-01
78180     78724      -1     -1  0000-00-00
78194     78738      -1     -1  1902-01-01
78195     78739      -1     -1  1897-01-01
78224     78768      -1     -1  0000-00-00
78226     78770      -1     -1  0000-00-00
78246     78790      -1     -1  1890-01-01
78247     78791      -1     -1  1906-01-01
78248     78792      -1     -1  1906-01-01
78269     78813      -1     -1  1926-01-01
78290     78834      -1     -1  0000-00-00
78318     78862      -1     -1  1924-01-01
78336     78880      -1     -1  2001-01-01
78434     78978      -1     -1  0000-00-00
78469     79013      -1     -1  0000-00-00
78473     79017      -1     -1  0000-00-00
78498     79042      -1     -1  0000-00-00
78500     79044      -1     -1  0000-00-00
78501     79045      -1     -1  2015-07-10
78507     79051      -1     -1  0000-00-00
78545     79089      -1     -1  0000-00-00
78549     79093      -1     -1  0000-00-00
78568     79112      -1     -1  1977-12-28
78580     79124      -1     -1  0000-00-00
78595     79139      -1     -1  0000-00-00
78606     79150      -1     -1  1988-05-22
78615     79159      -1     -1  2009-01-01
78616     79160      -1     -1  0000-00-00
78630     79174      -1     -1  2013-01-11
78633     79177      -1     -1  1990-10-18
78666     79210      -1     -1  1993-01-01
78674     79218      -1     -1  1984-01-14
78675     79219      -1     -1  0000-00-00
78680     79224      -1     -1  0000-00-00
78695     79239      -1     -1  1989-04-23
78701     79245      -1     -1  1994-06-07
78750     79294      -1     -1  0000-00-00
78752     79296      -1     -1  1933-07-31
78788     79332      -1     -1  1899-01-01
78819     79363      -1     -1  0000-00-00
78879     79423      -1     -1  0000-00-00
78885     79429      -1     -1  0000-00-00
78918     79462      -1     -1  0000-00-00
78924     79468      -1     -1  0000-00-00
78965     79509      -1     -1  1964-01-01
78978     79522      -1     -1  0000-00-00
78986     79530      -1     -1  1972-01-01
78991     79535      -1     -1  1964-05-13
79027     79571      -1     -1  0000-00-00
79060     79604      -1     -1  0000-00-00
79076     79620      -1     -1  0000-00-00
79087     79631      -1     -1  1970-01-18
79097     79641      -1     -1  0000-00-00
79108     79652      -1     -1  0000-00-00
79123     79667      -1     -1  1960-05-17
79177     79721      -1     -1  0000-00-00
79181     79725      -1     -1  0000-00-00
79183     79727      -1     -1  0000-00-00
79202     79747      -1     -1  1982-07-11
79206     79751      -1     -1  1964-01-01
79243     79788      -1     -1  0000-00-00
79257     79802      -1     -1  1992-06-17
79267     79812      -1     -1  0000-00-00
79282     79827      -1     -1  0000-00-00
79303     79848      -1     -1  0000-00-00
79320     79865      -1     -1  1995-02-06
79332     79877      -1     -1  0000-00-00
79340     79885      -1     -1  2017-12-12
79345     79890      -1     -1  1956-01-01
79353     79898      -1     -1  0000-00-00
79358     79903      -1     -1  0000-00-00
79389     79934      -1     -1  1911-01-01
79391     79936      -1     -1  0000-00-00
79402     79947      -1     -1  0000-00-00
79472     80018      -1     -1  0000-00-00
79558     80104      -1     -1  0000-00-00
79708     80254      -1     -1  1991-01-18
79709     80255      -1     -1  1992-07-12
79743     80289      -1     -1  0000-00-00
79804     80350      -1     -1  2020-05-02
79809     80355      -1     -1  0000-00-00
79822     80368      -1     -1  1912-01-01
79828     80375      -1     -1  0000-00-00
79889     80436      -1     -1  0000-00-00
79894     80441      -1     -1  1920-01-01
79906     80453      -1     -1  1910-01-01
79911     80458      -1     -1  0000-00-00
79935     80483      -1     -1  0000-00-00
79938     80486      -1     -1  0000-00-00
79939     80487      -1     -1  0000-00-00
79944     80492      -1     -1  0000-00-00
79955     80503      -1     -1  0000-00-00
80034     80582      -1     -1  1991-04-03
80046     80594      -1     -1  1896-01-01
80127     80676      -1     -1  0000-00-00
80135     80684      -1     -1  2020-03-12
80165     80714      -1     -1  1911-01-01
80167     80716      -1     -1  1975-05-06
80169     80718      -1     -1  0000-00-00
80191     80740      -1     -1  0000-00-00
80220     80769      -1     -1  0000-00-00
80245     80794      -1     -1  1927-01-01
80246     80795      -1     -1  1927-01-01
80275     80824      -1     -1  0000-00-00
80277     80826      -1     -1  0000-00-00
80280     80829      -1     -1  2006-01-01
80320     80869      -1     -1  1913-01-01
80327     80876      -1     -1  1905-01-01
80329     80878      -1     -1  0000-00-00
80333     80882      -1     -1  0000-00-00
80343     80892      -1     -1  1907-01-01
80351     80900      -1     -1  1983-01-01
80363     80912      -1     -1  0000-00-00
80367     80916      -1     -1  0000-00-00
80376     80925      -1     -1  1915-01-01
80389     80938      -1     -1  0000-00-00
80394     80943      -1     -1  0000-00-00
80516     81065      -1     -1  0000-00-00
80687     81236      -1     -1  2007-06-11
80760     81309      -1     -1  1914-01-01
80761     81310      -1     -1  0000-00-00
80774     81325      -1     -1  1951-09-22
80801     81352      -1     -1  0000-00-00
80806     81357      -1     -1  0000-00-00
80889     81440      -1     -1  0000-00-00
80989     81540      -1     -1  0000-00-00
81005     81556      -1     -1  0000-00-00
81040     81591      -1     -1  0000-00-00
81051     81602      -1     -1  0000-00-00
81054     81605      -1     -1  1965-12-29
81067     81618      -1     -1  0000-00-00
81077     81628      -1     -1  0000-00-00
81111     81662      -1     -1  0000-00-00
81117     81668      -1     -1  0000-00-00
81146     81697      -1     -1  0000-00-00
81147     81698      -1     -1  0000-00-00
81151     81702      -1     -1  1968-01-01
81152     81703      -1     -1  1971-01-01
81155     81706      -1     -1  1972-01-01
81161     81712      -1     -1  1925-01-01
81170     81721      -1     -1  1977-08-16
81171     81722      -1     -1  0000-00-00
81172     81723      -1     -1  0000-00-00
81175     81726      -1     -1  0000-00-00
81181     81732      -1     -1  1929-01-01
81189     81740      -1     -1  0000-00-00
81198     81749      -1     -1  0000-00-00
81203     81754      -1     -1  0000-00-00
81216     81767      -1     -1  0000-00-00
81220     81771      -1     -1  0000-00-00
81227     81778      -1     -1  0000-00-00
81234     81785      -1     -1  0000-00-00
81249     81800      -1     -1  0000-00-00
81252     81803      -1     -1  0000-00-00
81253     81804      -1     -1  0000-00-00
81255     81806      -1     -1  0000-00-00
81258     81809      -1     -1  0000-00-00
81264     81815      -1     -1  0000-00-00
81277     81828      -1     -1  0000-00-00
81330     81881      -1     -1  2003-03-25
81395     81946      -1     -1  2010-01-01
81411     81962      -1     -1  1924-01-01
81423     81975      -1     -1  1925-01-01
81425     81977      -1     -1  1893-01-01
81426     81978      -1     -1  1893-01-01
81444     81996      -1     -1  1920-01-01
81446     81998      -1     -1  1925-11-28
81457     82009      -1     -1  1935-01-01
81460     82012      -1     -1  1903-01-01
81464     82016      -1     -1  0000-00-00
81490     82042      -1     -1  1960-01-01
81530     82082      -1     -1  0000-00-00
81539     82091      -1     -1  0000-00-00
81543     82095      -1     -1  0000-00-00
81650     82203      -1     -1  0000-00-00
81656     82209      -1     -1  0000-00-00
81674     82227      -1     -1  0000-00-00
81676     82229      -1     -1  0000-00-00
81728     82281      -1     -1  2016-01-01
81760     82313      -1     -1  0000-00-00
81762     82315      -1     -1  0000-00-00
81780     82333      -1     -1  0000-00-00
81785     82338      -1     -1  0000-00-00
81790     82343      -1     -1  0000-00-00
81806     82359      -1     -1  1925-01-01
81809     82362      -1     -1  1945-01-01
81832     82386      -1     -1  1934-01-01
81842     82396      -1     -1  2002-01-01
81845     82399      -1     -1  0000-00-00
81861     82415      -1     -1  0000-00-00
81872     82426      -1     -1  2019-01-13
81873     82427      -1     -1  2019-01-13
81875     82429      -1     -1  0000-00-00
81893     82447      -1     -1  1900-01-02
81894     82448      -1     -1  1903-01-01
81895     82449      -1     -1  1887-01-01
81911     82465      -1     -1  0000-00-00
81932     82486      -1     -1  0000-00-00
81952     82506      -1     -1  0000-00-00
81956     82510      -1     -1  0000-00-00
82002     82556      -1     -1  0000-00-00
82005     82559      -1     -1  1974-01-01
82019     82573      -1     -1  0000-00-00
82021     82575      -1     -1  0000-00-00
82035     82589      -1     -1  0000-00-00
82036     82590      -1     -1  0000-00-00
82037     82591      -1     -1  0000-00-00
82046     82600      -1     -1  0000-00-00
82059     82613      -1     -1  0000-00-00
82075     82629      -1     -1  1893-01-01
82135     82689      -1     -1  0000-00-00
82177     82732      -1     -1  1922-01-01
82178     82733      -1     -1  1922-01-01
82179     82734      -1     -1  1922-01-01
82206     82761      -1     -1  0000-00-00
82217     82772      -1     -1  0000-00-00
82218     82773      -1     -1  0000-00-00
82220     82775      -1     -1  0000-00-00
82241     82796      -1     -1  1910-01-01
82255     82810      -1     -1  0000-00-00
82268     82823      -1     -1  0000-00-00
82420     82976      -1     -1  0000-00-00
82468     83024      -1     -1  0000-00-00
82470     83026      -1     -1  0000-00-00
82495     83051      -1     -1  2013-01-01
82600     83157      -1     -1  0000-00-00
82605     83162      -1     -1  0000-00-00
82647     83204      -1     -1  0000-00-00
82674     83231      -1     -1  1908-01-01
82678     83235      -1     -1  1892-01-01
82739     83298      -1     -1  0000-00-00
82741     83300      -1     -1  0000-00-00
82754     83313      -1     -1  0000-00-00
82852     83411      -1     -1  0000-00-00
82863     83422      -1     -1  0000-00-00
82870     83429      -1     -1  0000-00-00
82909     83468      -1     -1  1985-09-11
82944     83503      -1     -1  0000-00-00
82964     83523      -1     -1  1986-09-05
82965     83524      -1     -1  0000-00-00
82980     83539      -1     -1  0000-00-00
83022     83581      -1     -1  1975-01-01
83023     83582      -1     -1  0000-00-00
83030     83589      -1     -1  0000-00-00
83044     83603      -1     -1  0000-00-00
83110     83669      -1     -1  0000-00-00
83181     83740      -1     -1  1961-07-14
83206     83765      -1     -1  0000-00-00
83223     83782      -1     -1  0000-00-00
83229     83788      -1     -1  1978-01-21
83231     83790      -1     -1  1974-01-01
83236     83795      -1     -1  1965-05-02
83246     83805      -1     -1  1980-01-01
83247     83806      -1     -1  1980-01-01
83261     83820      -1     -1  0000-00-00
83271     83830      -1     -1  1971-06-17
83283     83842      -1     -1  0000-00-00
83299     83858      -1     -1  1974-01-09
83315     83874      -1     -1  1975-07-09
83418     83977      -1     -1  2011-04-04
83507     84066      -1     -1  1924-01-01
83509     84068      -1     -1  1923-01-01
83513     84073      -1     -1  1902-01-01
83568     84129      -1     -1  0000-00-00
83717     84278      -1     -1  1992-05-26
83723     84284      -1     -1  0000-00-00
83736     84297      -1     -1  0000-00-00
83751     84312      -1     -1  1922-01-01
83831     84397      -1     -1  1959-07-20
83839     84405      -1     -1  0000-00-00
83843     84409      -1     -1  0000-00-00
83844     84410      -1     -1  0000-00-00
83855     84421      -1     -1  0000-00-00
83858     84424      -1     -1  0000-00-00
83860     84426      -1     -1  0000-00-00
83866     84432      -1     -1  1995-08-15
83913     84479      -1     -1  1995-04-25
83924     84490      -1     -1  0000-00-00
83937     84503      -1     -1  0000-00-00
83962     84528      -1     -1  0000-00-00
83963     84529      -1     -1  0000-00-00
84019     84585      -1     -1  0000-00-00
84020     84586      -1     -1  0000-00-00
84084     84660      -1     -1  0000-00-00
84096     84672      -1     -1  0000-00-00
84098     84674      -1     -1  0000-00-00
84100     84676      -1     -1  0000-00-00
84101     84677      -1     -1  0000-00-00
84118     84695      -1     -1  1948-01-01
84137     84714      -1     -1  0000-00-00
84140     84717      -1     -1  1964-10-17
84149     84726      -1     -1  0000-00-00
84161     84738      -1     -1  0000-00-00
84166     84743      -1     -1  1974-10-19
84171     84748      -1     -1  0000-00-00
84181     84758      -1     -1  0000-00-00
84182     84759      -1     -1  0000-00-00
84219     84796      -1     -1  1920-01-01
84223     84800      -1     -1  0000-00-00
84237     84814      -1     -1  0000-00-00
84245     84822      -1     -1  0000-00-00
84267     84844      -1     -1  1988-01-21
84268     84845      -1     -1  0000-00-00
84303     84880      -1     -1  1983-10-06
84307     84884      -1     -1  1985-04-10
84309     84886      -1     -1  0000-00-00
84325     84902      -1     -1  0000-00-00
84397     84974      -1     -1  0000-00-00
84412     84989      -1     -1  0000-00-00
84417     84994      -1     -1  0000-00-00
84421     84998      -1     -1  1955-08-30
84423     85000      -1     -1  0000-00-00
84455     85032      -1     -1  0000-00-00
84461     85038      -1     -1  0000-00-00
84464     85041      -1     -1  0000-00-00
84476     85053      -1     -1  0000-00-00
84480     85057      -1     -1  1925-01-01
84484     85061      -1     -1  1989-07-09
84523     85100      -1     -1  1902-01-01
84525     85102      -1     -1  1910-01-01
84535     85112      -1     -1  0000-00-00
84537     85114      -1     -1  1911-01-01
84542     85119      -1     -1  1909-01-01
84552     85129      -1     -1  0000-00-00
84557     85134      -1     -1  1918-01-01
84589     85166      -1     -1  0000-00-00
84604     85181      -1     -1  0000-00-00
84610     85187      -1     -1  0000-00-00
84633     85210      -1     -1  0000-00-00
84647     85224      -1     -1  2002-01-01
84654     85231      -1     -1  0000-00-00
84655     85232      -1     -1  0000-00-00
84656     85233      -1     -1  2017-03-19
84666     85243      -1     -1  0000-00-00
84676     85253      -1     -1  0000-00-00
84683     85260      -1     -1  0000-00-00
84686     85263      -1     -1  0000-00-00
84723     85300      -1     -1  0000-00-00
84783     85360      -1     -1  2009-12-19
84791     85368      -1     -1  0000-00-00
84852     85430      -1     -1  1950-01-01
84854     85432      -1     -1  0000-00-00
84859     85437      -1     -1  1894-01-01
84863     85441      -1     -1  1922-01-01
84866     85444      -1     -1  0000-00-00
84876     85454      -1     -1  1942-01-01
84912     85490      -1     -1  1903-01-01
84913     85491      -1     -1  0000-00-00
84916     85494      -1     -1  0000-00-00
84918     85496      -1     -1  1919-01-01
84919     85497      -1     -1  1919-01-01
84921     85499      -1     -1  1917-01-01
84925     85503      -1     -1  1962-01-01
84932     85510      -1     -1  1918-01-01
84939     85517      -1     -1  0000-00-00
84971     85549      -1     -1  0000-00-00
85048     85627      -1     -1  0000-00-00
85064     85643      -1     -1  0000-00-00
85069     85648      -1     -1  0000-00-00
85078     85657      -1     -1  0000-00-00
85090     85669      -1     -1  0000-00-00
85091     85670      -1     -1  1914-01-01
85151     85730      -1     -1  0000-00-00
85152     85731      -1     -1  0000-00-00
85153     85732      -1     -1  1968-01-01
85169     85748      -1     -1  1936-01-01
85195     85774      -1     -1  0000-00-00
85207     85786      -1     -1  0000-00-00
85437     86016      -1     -1  0000-00-00
85480     86059      -1     -1  1913-01-01
85482     86061      -1     -1  2001-01-01
85483     86062      -1     -1  2001-01-01
85488     86067      -1     -1  0000-00-00
85535     86114      -1     -1  0000-00-00
85557     86136      -1     -1  0000-00-00
85559     86138      -1     -1  0000-00-00
85563     86142      -1     -1  0000-00-00
85578     86157      -1     -1  1910-01-01
85603     86182      -1     -1  1892-01-01
85616     86195      -1     -1  0000-00-00
85670     86249      -1     -1  0000-00-00
85682     86261      -1     -1  0000-00-00
85684     86263      -1     -1  1917-01-01
85709     86288      -1     -1  1976-01-01
85752     86331      -1     -1  0000-00-00
85753     86332      -1     -1  0000-00-00
85758     86337      -1     -1  0000-00-00
85769     86348      -1     -1  0000-00-00
85776     86355      -1     -1  1903-01-01
85834     86413      -1     -1  0000-00-00
85839     86418      -1     -1  2019-05-26
85840     86419      -1     -1  2019-05-26
85841     86420      -1     -1  2019-05-26
85842     86421      -1     -1  2019-05-26
85843     86422      -1     -1  2020-01-01
85844     86423      -1     -1  2020-08-29
85845     86424      -1     -1  2020-08-29
85846     86425      -1     -1  2020-12-11
85847     86426      -1     -1  2020-12-11
85848     86427      -1     -1  0000-00-00
85863     86442      -1     -1  0000-00-00
85923     86502      -1     -1  0000-00-00
85927     86506      -1     -1  0000-00-00
85939     86518      -1     -1  0000-00-00
85968     86547      -1     -1  0000-00-00
85970     86549      -1     -1  0000-00-00
85974     86553      -1     -1  0000-00-00
85986     86565      -1     -1  1918-01-01
86005     86584      -1     -1  1897-01-01
86018     86597      -1     -1  0000-00-00
86037     86616      -1     -1  1918-01-01
86042     86621      -1     -1  0000-00-00
86096     86675      -1     -1  0000-00-00
86105     86684      -1     -1  0000-00-00
86112     86691      -1     -1  0000-00-00
86116     86695      -1     -1  0000-00-00
86120     86699      -1     -1  0000-00-00
86127     86706      -1     -1  0000-00-00
86133     86712      -1     -1  0000-00-00
86144     86723      -1     -1  1920-01-01
86146     86725      -1     -1  1899-01-01
86222     86802      -1     -1  1903-01-01
86223     86803      -1     -1  1903-01-01
86228     86808      -1     -1  1926-01-01
86229     86809      -1     -1  1934-01-01
86244     86825      -1     -1  0000-00-00
86254     86835      -1     -1  1919-01-01
86257     86838      -1     -1  0000-00-00
86258     86839      -1     -1  2001-01-01
86262     86843      -1     -1  1900-01-02
86269     86850      -1     -1  1924-01-01
86271     86852      -1     -1  2013-02-02
86287     86868      -1     -1  0000-00-00
86303     86884      -1     -1  2014-01-23
86307     86888      -1     -1  0000-00-00
86316     86897      -1     -1  1932-01-01
86371     86952      -1     -1  1924-01-01
86380     86961      -1     -1  0000-00-00
86387     86968      -1     -1  1901-01-01
86389     86970      -1     -1  0000-00-00
86397     86978      -1     -1  1899-01-01
86406     86987      -1     -1  0000-00-00
86407     86988      -1     -1  0000-00-00
86422     87003      -1     -1  1952-03-25
86446     87027      -1     -1  1968-01-01
86450     87031      -1     -1  1943-01-01
86475     87056      -1     -1  0000-00-00
86479     87060      -1     -1  0000-00-00
86492     87073      -1     -1  0000-00-00
86493     87074      -1     -1  0000-00-00
86494     87075      -1     -1  0000-00-00
86495     87076      -1     -1  0000-00-00
86510     87091      -1     -1  0000-00-00
86525     87106      -1     -1  0000-00-00
86529     87110      -1     -1  0000-00-00
86563     87144      -1     -1  1915-07-04
86568     87149      -1     -1  0000-00-00
86582     87163      -1     -1  0000-00-00
86583     87164      -1     -1  0000-00-00
86588     87169      -1     -1  0000-00-00
86595     87176      -1     -1  1938-01-01
86615     87196      -1     -1  0000-00-00
86623     87204      -1     -1  0000-00-00
86644     87225      -1     -1  0000-00-00
86652     87233      -1     -1  0000-00-00
86653     87234      -1     -1  0000-00-00
86654     87235      -1     -1  0000-00-00
86673     87255      -1     -1  1920-01-01
86674     87256      -1     -1  0000-00-00
86691     87273      -1     -1  0000-00-00
86693     87275      -1     -1  0000-00-00
86695     87277      -1     -1  0000-00-00
86710     87292      -1     -1  0000-00-00
86711     87293      -1     -1  0000-00-00
86712     87294      -1     -1  0000-00-00
86713     87295      -1     -1  0000-00-00
86726     87308      -1     -1  1895-01-01
86739     87321      -1     -1  1875-01-01
86741     87323      -1     -1  1898-01-01
86746     87328      -1     -1  2001-01-01
86749     87331      -1     -1  0000-00-00
86766     87350      -1     -1  0000-00-00
86788     87372      -1     -1  0000-00-00
86796     87380      -1     -1  0000-00-00
86803     87387      -1     -1  1949-01-01
86804     87388      -1     -1  0000-00-00
86805     87389      -1     -1  1902-01-01
86833     87417      -1     -1  0000-00-00
86836     87420      -1     -1  0000-00-00
86871     87455      -1     -1  1924-01-01
86880     87464      -1     -1  2008-01-01
86894     87478      -1     -1  1968-07-07
86905     87489      -1     -1  1910-01-01
86908     87492      -1     -1  1925-03-01
86909     87493      -1     -1  1969-01-01
86914     87498      -1     -1  1905-01-01
86915     87500      -1     -1  0000-00-00
86928     87513      -1     -1  1915-01-01
86977     87562      -1     -1  1906-01-01
86979     87564      -1     -1  0000-00-00
86981     87566      -1     -1  0000-00-00
86983     87568      -1     -1  1890-01-01
86996     87581      -1     -1  1895-01-01
87028     87613      -1     -1  1932-01-01
87029     87614      -1     -1  1889-01-01
87030     87615      -1     -1  1899-01-01
87038     87623      -1     -1  1904-01-01
87061     87647      -1     -1  0000-00-00
87063     87649      -1     -1  0000-00-00
87072     87658      -1     -1  1896-01-01
87083     87669      -1     -1  0000-00-00
87094     87680      -1     -1  0000-00-00
87114     87700      -1     -1  2013-11-04
87118     87705      -1     -1  1951-08-30
87122     87709      -1     -1  1896-01-01
87125     87712      -1     -1  1904-01-01
87132     87719      -1     -1  1904-01-01
87137     87724      -1     -1  1917-01-01
87143     87731      -1     -1  0000-00-00
87144     87732      -1     -1  1901-01-01
87145     87734      -1     -1  1900-01-01
87146     87735      -1     -1  1922-01-01
87210     87800      -1     -1  1929-01-01
87275     87865      -1     -1  1901-01-01
87283     87875      -1     -1  1901-01-01
87284     87876      -1     -1  1917-01-01
87285     87877      -1     -1  1919-01-01
87286     87878      -1     -1  1907-01-01
87287     87879      -1     -1  1913-01-01
87288     87881      -1     -1  1897-01-01
87290     87883      -1     -1  1924-01-01
87293     87886      -1     -1  0000-00-00
87294     87887      -1     -1  0000-00-00
87296     87889      -1     -1  1919-01-01
87297     87890      -1     -1  1919-01-01
87302     87895      -1     -1  1895-01-01
87303     87896      -1     -1  1903-01-01
87305     87898      -1     -1  1928-01-01
87308     87902      -1     -1  0000-00-00
87311     87905      -1     -1  1897-01-01
87318     87912      -1     -1  1887-01-01
87328     87922      -1     -1  2011-06-29
87332     87926      -1     -1  0000-00-00
87342     87936      -1     -1  0000-00-00
87343     87937      -1     -1  1903-01-01
87348     87942      -1     -1  1958-01-01
87349     87943      -1     -1  1952-01-01
87351     87945      -1     -1  1960-01-01
87352     87946      -1     -1  1959-01-01
87364     87958      -1     -1  0000-00-00
87373     87967      -1     -1  0000-00-00
87379     87973      -1     -1  1923-04-01
87386     87980      -1     -1  1915-01-01
87398     87992      -1     -1  1900-01-02
87404     87998      -1     -1  0000-00-00
87405     87999      -1     -1  1897-01-01
87433     88030      -1     -1  0000-00-00
87434     88031      -1     -1  0000-00-00
87437     88034      -1     -1  0000-00-00
87535     88132      -1     -1  0000-00-00
87580     88177      -1     -1  0000-00-00
87647     88244      -1     -1  1922-01-01
87652     88249      -1     -1  1913-01-01
87654     88251      -1     -1  1888-01-01
87655     88252      -1     -1  1892-01-01
87656     88253      -1     -1  1885-01-01
87658     88255      -1     -1  1887-12-20
87660     88257      -1     -1  1878-01-01
87661     88258      -1     -1  1893-01-01
87663     88260      -1     -1  1890-01-01
87664     88261      -1     -1  1890-01-01
87665     88262      -1     -1  1899-01-01
87666     88263      -1     -1  1885-01-01
87667     88264      -1     -1  1892-01-01
87668     88265      -1     -1  1890-01-01
87669     88266      -1     -1  1878-01-01
87670     88267      -1     -1  1893-01-01
87671     88268      -1     -1  1895-01-01
87672     88269      -1     -1  1900-01-02
87673     88270      -1     -1  1895-01-01
87674     88271      -1     -1  1911-01-01
87675     88273      -1     -1  1895-01-01
87676     88274      -1     -1  1888-01-01
87680     88279      -1     -1  1891-01-01
87687     88287      -1     -1  0000-00-00
87695     88295      -1     -1  0000-00-00
87714     88315      -1     -1  1897-01-01
87715     88316      -1     -1  1901-01-01
87725     88326      -1     -1  1888-01-01
87728     88329      -1     -1  1897-01-01
87729     88330      -1     -1  1905-01-01
87735     88336      -1     -1  1901-01-01
87751     88352      -1     -1  1923-01-01
87756     88358      -1     -1  1903-01-01
87757     88359      -1     -1  1899-01-01
87759     88361      -1     -1  1897-01-01
87760     88362      -1     -1  1906-01-01
87763     88365      -1     -1  1903-01-01
87766     88368      -1     -1  1917-01-01
87767     88369      -1     -1  1899-01-01
87780     88383      -1     -1  0000-00-00
87797     88400      -1     -1  0000-00-00
87825     88428      -1     -1  1996-08-11
87841     88444      -1     -1  1994-01-07
87846     88449      -1     -1  0000-00-00
87856     88459      -1     -1  0000-00-00
87874     88477      -1     -1  0000-00-00
87892     88496      -1     -1  1903-01-01
87897     88501      -1     -1  1879-01-01
87899     88503      -1     -1  1895-01-01
87900     88504      -1     -1  1882-01-01
87901     88505      -1     -1  1895-01-01
87902     88506      -1     -1  1896-01-01
87903     88507      -1     -1  1895-01-01
87904     88508      -1     -1  1899-01-01
87905     88509      -1     -1  1898-01-01
87906     88510      -1     -1  1892-01-01
87907     88511      -1     -1  1901-01-01
87910     88516      -1     -1  0000-00-00
87914     88520      -1     -1  1964-05-13
87916     88522      -1     -1  0000-00-00
87922     88529      -1     -1  1899-01-01
87943     88550      -1     -1  0000-00-00
87953     88560      -1     -1  1926-01-01
87954     88561      -1     -1  1912-01-01
87955     88563      -1     -1  1905-01-01
87956     88564      -1     -1  1902-01-01
87959     88567      -1     -1  1902-01-01
87964     88572      -1     -1  1903-01-01
87980     88588      -1     -1  2011-01-25
87996     88604      -1     -1  1921-10-01
87997     88605      -1     -1  1896-01-01
87998     88606      -1     -1  1905-01-01
87999     88607      -1     -1  1926-01-01
88011     88619      -1     -1  1898-01-01
88022     88630      -1     -1  0000-00-00
88026     88634      -1     -1  1915-01-01
88031     88639      -1     -1  1905-01-01
88036     88644      -1     -1  1888-05-01
88076     88685      -1     -1  0000-00-00
88105     88714      -1     -1  1958-05-14
88163     88772      -1     -1  0000-00-00
88256     88865      -1     -1  1946-01-01
88270     88879      -1     -1  1931-02-01
88279     88888      -1     -1  1902-01-01
88283     88892      -1     -1  0000-00-00
88303     88912      -1     -1  0000-00-00
88308     88917      -1     -1  0000-00-00
88311     88920      -1     -1  0000-00-00
88321     88930      -1     -1  0000-00-00
88349     88958      -1     -1  0000-00-00
88368     88977      -1     -1  0000-00-00
88370     88979      -1     -1  1888-01-01
88418     89027      -1     -1  1918-01-01
88423     89032      -1     -1  0000-00-00
88441     89050      -1     -1  0000-00-00
88505     89114      -1     -1  0000-00-00
88532     89141      -1     -1  0000-00-00
88540     89149      -1     -1  0000-00-00
88551     89160      -1     -1  0000-00-00
88600     89209      -1     -1  0000-00-00
88605     89214      -1     -1  1903-01-01
88618     89227      -1     -1  1903-01-01
88620     89229      -1     -1  1944-01-01
88631     89242      -1     -1  1897-01-01
88649     89260      -1     -1  1929-02-19
88652     89263      -1     -1  1933-01-01
88696     89309      -1     -1  1919-01-01
88742     89355      -1     -1  0000-00-00
88744     89357      -1     -1  2016-05-08
88745     89358      -1     -1  2016-05-08
88746     89359      -1     -1  2016-05-08
88748     89361      -1     -1  2016-02-16
88749     89362      -1     -1  2014-01-24
88750     89363      -1     -1  2014-01-24
88751     89364      -1     -1  2014-01-24
88752     89365      -1     -1  2014-07-05
88753     89366      -1     -1  2014-07-05
88754     89367      -1     -1  2014-07-05
88755     89368      -1     -1  2014-07-05
88756     89369      -1     -1  2016-05-08
88758     89371      -1     -1  2014-07-05
88759     89372      -1     -1  2015-07-30
88760     89373      -1     -1  2015-07-30
88761     89374      -1     -1  2015-07-30
88762     89375      -1     -1  2015-07-30
88763     89376      -1     -1  2013-06-30
88764     89377      -1     -1  2013-06-30
88765     89378      -1     -1  2013-06-30
88766     89379      -1     -1  2013-06-30
88767     89380      -1     -1  2013-06-30
88768     89381      -1     -1  2013-06-30
88769     89382      -1     -1  2013-06-30
88784     89397      -1     -1  0000-00-00
88789     89402      -1     -1  1968-01-01
88790     89403      -1     -1  0000-00-00
88873     89486      -1     -1  1974-08-26
88890     89503      -1     -1  0000-00-00
88892     89505      -1     -1  0000-00-00
88899     89512      -1     -1  0000-00-00
88975     89588      -1     -1  0000-00-00
89010     89623      -1     -1  0000-00-00
89020     89633      -1     -1  2019-01-17
89032     89645      -1     -1  2019-01-17
89055     89668      -1     -1  0000-00-00
89079     89692      -1     -1  0000-00-00
89081     89694      -1     -1  0000-00-00
89124     89737      -1     -1  0000-00-00
89125     89738      -1     -1  0000-00-00
89126     89739      -1     -1  1923-06-01
89145     89758      -1     -1  0000-00-00
89216     89829      -1     -1  2013-01-04
89217     89830      -1     -1  2013-01-04
89218     89831      -1     -1  2013-01-04
89264     89878      -1     -1  1970-03-01
89286     89900      -1     -1  0000-00-00
89306     89920      -1     -1  0000-00-00
89307     89921      -1     -1  0000-00-00
89470     90085      -1     -1  2007-07-17
89497     90112      -1     -1  1951-01-01
89498     90113      -1     -1  1951-01-01
89518     90133      -1     -1  1966-07-31
89520     90135      -1     -1  0000-00-00
89529     90144      -1     -1  0000-00-00
89536     90151      -1     -1  0000-00-00
89537     90152      -1     -1  2010-05-23
89539     90154      -1     -1  0000-00-00
89540     90155      -1     -1  0000-00-00
89541     90156      -1     -1  2002-01-01
89543     90158      -1     -1  0000-00-00
89547     90162      -1     -1  0000-00-00
89549     90164      -1     -1  0000-00-00
89552     90167      -1     -1  0000-00-00
89554     90169      -1     -1  0000-00-00
89555     90170      -1     -1  0000-00-00
89556     90171      -1     -1  0000-00-00
89557     90172      -1     -1  0000-00-00
89559     90174      -1     -1  0000-00-00
89560     90175      -1     -1  0000-00-00
89561     90176      -1     -1  0000-00-00
89562     90177      -1     -1  0000-00-00
89565     90180      -1     -1  0000-00-00
89566     90181      -1     -1  0000-00-00
89577     90192      -1     -1  0000-00-00
89580     90195      -1     -1  0000-00-00
89589     90204      -1     -1  1892-01-01
89604     90219      -1     -1  0000-00-00
89607     90223      -1     -1  1897-01-01
89608     90225      -1     -1  1902-01-01
89609     90226      -1     -1  1896-01-01
89612     90229      -1     -1  1898-01-01
89760     90377      -1     -1  0000-00-00
89787     90405      -1     -1  0000-00-00
89802     90420      -1     -1  0000-00-00
89814     90432      -1     -1  0000-00-00
89870     90488      -1     -1  0000-00-00
89912     90530      -1     -1  0000-00-00
90006     90624      -1     -1  0000-00-00
90010     90628      -1     -1  0000-00-00
90015     90633      -1     -1  0000-00-00
90016     90634      -1     -1  0000-00-00
90022     90640      -1     -1  1970-10-27
90026     90644      -1     -1  0000-00-00
90044     90662      -1     -1  0000-00-00
90203     90822      -1     -1  0000-00-00
90250     90870      -1     -1  0000-00-00
90288     90908      -1     -1  0000-00-00
90314     90934      -1     -1  0000-00-00
90350     90971      -1     -1  0000-00-00
90363     90985      -1     -1  0000-00-00
90365     90987      -1     -1  0000-00-00
90427     91049      -1     -1  0000-00-00
90568     91190      -1     -1  0000-00-00
90584     91206      -1     -1  2018-07-25
90591     91213      -1     -1  0000-00-00
90617     91239      -1     -1  0000-00-00
90648     91270      -1     -1  2012-12-05
90667     91289      -1     -1  0000-00-00
90675     91297      -1     -1  0000-00-00
90684     91306      -1     -1  1972-01-01
90705     91327      -1     -1  1970-12-10
90711     91333      -1     -1  1974-01-01
90731     91353      -1     -1  1974-01-01
90739     91361      -1     -1  0000-00-00
90746     91368      -1     -1  0000-00-00
90782     91404      -1     -1  2018-02-05
90867     91491      -1     -1  1986-04-08
90936     91560      -1     -1  1946-01-01
90938     91562      -1     -1  2011-03-03
90943     91567      -1     -1  0000-00-00
91021     91646      -1     -1  1951-01-01
91024     91649      -1     -1  1951-01-01
91029     91654      -1     -1  0000-00-00
91074     91700      -1     -1  0000-00-00
91081     91707      -1     -1  0000-00-00
91086     91712      -1     -1  0000-00-00
91088     91714      -1     -1  0000-00-00
91096     91722      -1     -1  0000-00-00
91100     91726      -1     -1  0000-00-00
91113     91739      -1     -1  0000-00-00
91139     91765      -1     -1  1912-01-07
91140     91766      -1     -1  1899-01-01
91148     91774      -1     -1  1924-01-01
91153     91779      -1     -1  0000-00-00
91202     91828      -1     -1  1982-01-01
91213     91839      -1     -1  0000-00-00
91237     91863      -1     -1  2001-01-15
91316     91942      -1     -1  0000-00-00
91321     91947      -1     -1  0000-00-00
91353     91979      -1     -1  0000-00-00
91371     91997      -1     -1  0000-00-00
91374     92000      -1     -1  0000-00-00
91485     92111      -1     -1  1933-01-01
91488     92114      -1     -1  1903-01-01
91496     92122      -1     -1  0000-00-00
91500     92126      -1     -1  2018-01-01
91504     92130      -1     -1  0000-00-00
91514     92140      -1     -1  0000-00-00
91530     92156      -1     -1  0000-00-00
91573     92199      -1     -1  0000-00-00
91578     92204      -1     -1  0000-00-00
91582     92208      -1     -1  1948-01-01
91597     92223      -1     -1  1987-01-01
91602     92228      -1     -1  0000-00-00
91603     92229      -1     -1  1890-01-01
91621     92247      -1     -1  0000-00-00
91625     92251      -1     -1  0000-00-00
91630     92256      -1     -1  2012-04-13
91671     92297      -1     -1  0000-00-00
91672     92298      -1     -1  0000-00-00
91700     92326      -1     -1  0000-00-00
91711     92337      -1     -1  1911-01-01
91799     92425      -1     -1  0000-00-00
91826     92452      -1     -1  1922-10-25
91862     92488      -1     -1  0000-00-00
91863     92489      -1     -1  0000-00-00
91870     92496      -1     -1  1909-01-01
91874     92500      -1     -1  0000-00-00
91921     92547      -1     -1  0000-00-00
91947     92573      -1     -1  0000-00-00
91958     92584      -1     -1  0000-00-00
92013     92639      -1     -1  2011-01-01
92060     92686      -1     -1  0000-00-00
92107     92733      -1     -1  0000-00-00
92127     92753      -1     -1  0000-00-00
92128     92754      -1     -1  0000-00-00
92135     92761      -1     -1  2004-01-22
92175     92801      -1     -1  0000-00-00
92251     92877      -1     -1  0000-00-00
92309     92935      -1     -1  0000-00-00
92407     93033      -1     -1  0000-00-00
92410     93036      -1     -1  1897-01-01
92416     93042      -1     -1  1928-01-01
92430     93056      -1     -1  0000-00-00
92431     93057      -1     -1  0000-00-00
92432     93058      -1     -1  0000-00-00
92433     93059      -1     -1  0000-00-00
92434     93060      -1     -1  1950-01-01
92435     93061      -1     -1  0000-00-00
92436     93062      -1     -1  0000-00-00
92440     93066      -1     -1  1932-01-01
92441     93067      -1     -1  1932-01-01
92442     93069      -1     -1  0000-00-00
92444     93071      -1     -1  0000-00-00
92446     93073      -1     -1  1924-01-01
92449     93076      -1     -1  0000-00-00
92450     93077      -1     -1  0000-00-00
92451     93078      -1     -1  0000-00-00
92452     93079      -1     -1  0000-00-00
92455     93082      -1     -1  0000-00-00
92456     93083      -1     -1  0000-00-00
92457     93084      -1     -1  0000-00-00
92468     93096      -1     -1  0000-00-00
92469     93097      -1     -1  1940-01-01
92482     93110      -1     -1  0000-00-00
92485     93113      -1     -1  0000-00-00
92490     93118      -1     -1  0000-00-00
92493     93121      -1     -1  0000-00-00
92502     93130      -1     -1  0000-00-00
92506     93134      -1     -1  0000-00-00
92508     93136      -1     -1  0000-00-00
92510     93138      -1     -1  0000-00-00
92511     93139      -1     -1  0000-00-00
92512     93140      -1     -1  0000-00-00
92513     93141      -1     -1  1939-01-01
92522     93150      -1     -1  2007-09-07
92534     93162      -1     -1  2012-01-01
92553     93181      -1     -1  0000-00-00
92557     93185      -1     -1  0000-00-00
92588     93216      -1     -1  0000-00-00
92605     93233      -1     -1  1915-01-01
92705     93333      -1     -1  2008-01-01
92706     93334      -1     -1  0000-00-00
92709     93337      -1     -1  0000-00-00
92719     93347      -1     -1  0000-00-00
92742     93370      -1     -1  0000-00-00
92750     93378      -1     -1  0000-00-00
93014     93643      -1     -1  1965-10-08
93111     93740      -1     -1  1922-01-01
93159     93788      -1     -1  0000-00-00
93160     93789      -1     -1  0000-00-00
93161     93790      -1     -1  0000-00-00
93177     93806      -1     -1  0000-00-00
93178     93807      -1     -1  0000-00-00
93315     93944      -1     -1  0000-00-00
93349     93979      -1     -1  0000-00-00
93383     94013      -1     -1  0000-00-00
93390     94020      -1     -1  0000-00-00
93405     94035      -1     -1  0000-00-00
93421     94051      -1     -1  0000-00-00
93432     94062      -1     -1  0000-00-00
93467     94097      -1     -1  1985-05-16
93482     94112      -1     -1  0000-00-00
93524     94154      -1     -1  1913-01-01
93534     94164      -1     -1  1944-01-01
93536     94166      -1     -1  0000-00-00
93598     94228      -1     -1  0000-00-00
93628     94258      -1     -1  0000-00-00
93663     94293      -1     -1  0000-00-00
93664     94294      -1     -1  0000-00-00
93684     94314      -1     -1  1896-01-01
93685     94315      -1     -1  0000-00-00
93705     94335      -1     -1  0000-00-00
93708     94338      -1     -1  0000-00-00
93709     94339      -1     -1  0000-00-00
93710     94340      -1     -1  0000-00-00
93718     94348      -1     -1  1988-08-02
93726     94356      -1     -1  1993-04-16
93734     94364      -1     -1  1990-12-14
93803     94433      -1     -1  1965-06-27
93832     94463      -1     -1  1918-01-01
93836     94467      -1     -1  1918-01-01
93840     94471      -1     -1  0000-00-00
93841     94472      -1     -1  0000-00-00
93882     94513      -1     -1  0000-00-00
93919     94550      -1     -1  0000-00-00
93922     94553      -1     -1  0000-00-00
93934     94565      -1     -1  0000-00-00
93938     94569      -1     -1  0000-00-00
93943     94574      -1     -1  1967-06-20
93966     94597      -1     -1  1971-12-04
93967     94598      -1     -1  0000-00-00
93968     94599      -1     -1  0000-00-00
93969     94600      -1     -1  1963-01-01
93972     94603      -1     -1  1984-01-01
93973     94604      -1     -1  2017-12-03
93983     94614      -1     -1  1918-01-01
94002     94634      -1     -1  0000-00-00
94004     94636      -1     -1  0000-00-00
94005     94637      -1     -1  0000-00-00
94009     94641      -1     -1  0000-00-00
94027     94659      -1     -1  1987-05-27
94053     94685      -1     -1  1989-08-07
94058     94690      -1     -1  0000-00-00
94061     94693      -1     -1  0000-00-00
94080     94712      -1     -1  0000-00-00
94081     94713      -1     -1  0000-00-00
94092     94724      -1     -1  0000-00-00
94094     94726      -1     -1  0000-00-00
94112     94744      -1     -1  0000-00-00
94127     94759      -1     -1  0000-00-00
94141     94773      -1     -1  0000-00-00
94195     94827      -1     -1  1967-05-06
94201     94833      -1     -1  0000-00-00
94208     94840      -1     -1  0000-00-00
94211     94843      -1     -1  0000-00-00
94213     94845      -1     -1  1976-02-26
94248     94880      -1     -1  0000-00-00
94280     94912      -1     -1  1964-01-01
94307     94939      -1     -1  1960-04-05
94319     94951      -1     -1  1956-10-22
94343     94975      -1     -1  1917-01-01
94344     94976      -1     -1  1917-01-01
94390     95023      -1     -1  1915-01-01
94391     95024      -1     -1  0000-00-00
94392     95025      -1     -1  1919-01-01
94394     95027      -1     -1  0000-00-00
94442     95076      -1     -1  0000-00-00
94458     95092      -1     -1  1927-01-01
94502     95136      -1     -1  0000-00-00
94523     95157      -1     -1  1923-01-01
94540     95174      -1     -1  0000-00-00
94545     95179      -1     -1  0000-00-00
94565     95199      -1     -1  0000-00-00
94572     95207      -1     -1  0000-00-00
94610     95246      -1     -1  1908-01-01
94615     95251      -1     -1  0000-00-00
94625     95261      -1     -1  2016-02-08
94631     95267      -1     -1  0000-00-00
94642     95278      -1     -1  1940-01-01
94648     95284      -1     -1  2016-02-08
94667     95303      -1     -1  1964-01-01
94705     95341      -1     -1  0000-00-00
94706     95342      -1     -1  0000-00-00
94714     95350      -1     -1  0000-00-00
94742     95378      -1     -1  0000-00-00
94756     95392      -1     -1  0000-00-00
94782     95418      -1     -1  0000-00-00
94791     95427      -1     -1  0000-00-00
94796     95432      -1     -1  1995-04-27
94807     95443      -1     -1  0000-00-00
94811     95447      -1     -1  0000-00-00
94820     95456      -1     -1  0000-00-00
94837     95473      -1     -1  0000-00-00
94848     95484      -1     -1  0000-00-00
94849     95485      -1     -1  0000-00-00
94863     95499      -1     -1  0000-00-00
94878     95514      -1     -1  0000-00-00
94880     95516      -1     -1  0000-00-00
94887     95523      -1     -1  0000-00-00
94892     95528      -1     -1  1984-01-10
94931     95567      -1     -1  0000-00-00
94933     95569      -1     -1  2001-01-01
94936     95572      -1     -1  0000-00-00
94937     95573      -1     -1  2001-01-01
94938     95574      -1     -1  2000-01-01
94961     95597      -1     -1  0000-00-00
94991     95628      -1     -1  0000-00-00
94998     95635      -1     -1  0000-00-00
95014     95651      -1     -1  1973-01-01
95037     95674      -1     -1  0000-00-00
95041     95678      -1     -1  2002-01-01
95043     95680      -1     -1  2000-01-01
95046     95683      -1     -1  0000-00-00
95047     95684      -1     -1  1896-01-01
95062     95699      -1     -1  0000-00-00
95064     95701      -1     -1  1968-04-02
95076     95713      -1     -1  0000-00-00
95080     95717      -1     -1  0000-00-00
95088     95725      -1     -1  1992-01-01
95099     95736      -1     -1  0000-00-00
95101     95738      -1     -1  0000-00-00
95102     95739      -1     -1  0000-00-00
95123     95760      -1     -1  1983-05-16
95128     95765      -1     -1  0000-00-00
95132     95769      -1     -1  1981-04-24
95153     95790      -1     -1  0000-00-00
95175     95812      -1     -1  0000-00-00
95187     95824      -1     -1  0000-00-00
95229     95866      -1     -1  0000-00-00
95232     95869      -1     -1  0000-00-00
95234     95871      -1     -1  1970-01-01
95236     95873      -1     -1  0000-00-00
95262     95899      -1     -1  1915-01-01
95263     95900      -1     -1  1915-01-01
95395     96032      -1     -1  0000-00-00
95418     96055      -1     -1  0000-00-00
95421     96058      -1     -1  0000-00-00
95431     96068      -1     -1  0000-00-00
95433     96070      -1     -1  0000-00-00
95438     96075      -1     -1  0000-00-00
95446     96083      -1     -1  0000-00-00
95449     96086      -1     -1  0000-00-00
95460     96097      -1     -1  0000-00-00
95464     96101      -1     -1  1890-01-01
95465     96102      -1     -1  1891-01-01
95466     96103      -1     -1  1895-01-01
95467     96104      -1     -1  1889-01-01
95468     96105      -1     -1  0000-00-00
95488     96125      -1     -1  0000-00-00
95492     96129      -1     -1  1948-01-01
95527     96164      -1     -1  0000-00-00
95535     96172      -1     -1  0000-00-00
95547     96184      -1     -1  0000-00-00
95590     96227      -1     -1  0000-00-00
95598     96235      -1     -1  0000-00-00
95627     96265      -1     -1  0000-00-00
95654     96292      -1     -1  0000-00-00
95677     96315      -1     -1  0000-00-00
95683     96321      -1     -1  0000-00-00
95722     96360      -1     -1  0000-00-00
95724     96362      -1     -1  0000-00-00
95732     96370      -1     -1  1924-01-01
95762     96400      -1     -1  0000-00-00
95800     96438      -1     -1  2020-06-14
95803     96441      -1     -1  1903-01-01
95886     96524      -1     -1  0000-00-00
95926     96564      -1     -1  2012-03-04
95971     96609      -1     -1  2020-06-14
95981     96619      -1     -1  0000-00-00
95994     96632      -1     -1  2020-06-14
95997     96635      -1     -1  2020-06-14
96006     96644      -1     -1  1955-01-01
96017     96655      -1     -1  0000-00-00
96050     96689      -1     -1  1950-01-01
96074     96713      -1     -1  0000-00-00
96076     96715      -1     -1  0000-00-00
96088     96727      -1     -1  1956-12-31
96132     96771      -1     -1  1898-01-01
96166     96805      -1     -1  1925-01-01
96184     96823      -1     -1  2007-06-08
96187     96826      -1     -1  1919-01-01
96272     96911      -1     -1  0000-00-00
96274     96913      -1     -1  0000-00-00
96295     96934      -1     -1  0000-00-00
96309     96948      -1     -1  0000-00-00
96312     96951      -1     -1  0000-00-00
96316     96955      -1     -1  1900-01-02
96320     96959      -1     -1  1899-01-01
96323     96962      -1     -1  2020-01-01
96330     96969      -1     -1  1915-01-01
96340     96979      -1     -1  1911-01-01
96342     96981      -1     -1  1925-01-01
96344     96983      -1     -1  1914-01-01
96382     97025      -1     -1  0000-00-00
96400     97043      -1     -1  0000-00-00
96431     97074      -1     -1  1902-01-01
96432     97075      -1     -1  0000-00-00
96441     97084      -1     -1  0000-00-00
96470     97113      -1     -1  1974-07-29
96471     97114      -1     -1  1906-01-01
96473     97116      -1     -1  0000-00-00
96490     97133      -1     -1  0000-00-00
96512     97155      -1     -1  1900-01-02
96518     97161      -1     -1  2018-01-01
96547     97190      -1     -1  0000-00-00
96551     97194      -1     -1  1896-01-01
96565     97208      -1     -1  1903-01-01
96566     97209      -1     -1  1902-01-01
96567     97210      -1     -1  1902-01-01
96568     97211      -1     -1  1907-01-01
96747     97390      -1     -1  1904-01-01
96749     97392      -1     -1  0000-00-00
96754     97397      -1     -1  0000-00-00
96755     97398      -1     -1  2015-11-06
96767     97410      -1     -1  0000-00-00
96777     97420      -1     -1  0000-00-00
96783     97426      -1     -1  1913-01-01
96785     97429      -1     -1  1898-01-01
96786     97430      -1     -1  2020-09-17
96924     97568      -1     -1  1899-01-01
96926     97570      -1     -1  0000-00-00
96929     97573      -1     -1  1919-01-01
96952     97596      -1     -1  0000-00-00
96994     97638      -1     -1  0000-00-00
96999     97643      -1     -1  2020-01-01
97000     97644      -1     -1  0000-00-00
97017     97661      -1     -1  0000-00-00
97025     97669      -1     -1  0000-00-00
97028     97672      -1     -1  0000-00-00
97031     97675      -1     -1  0000-00-00
97032     97676      -1     -1  2020-05-11
97033     97677      -1     -1  2020-05-11
97036     97680      -1     -1  0000-00-00
97037     97681      -1     -1  0000-00-00
97039     97683      -1     -1  0000-00-00
97041     97685      -1     -1  0000-00-00
97052     97696      -1     -1  1924-07-01
97054     97698      -1     -1  1920-01-01
97061     97705      -1     -1  2019-06-28
97068     97712      -1     -1  2018-09-29
97070     97714      -1     -1  1905-01-01
97071     97715      -1     -1  1931-01-01
97072     97716      -1     -1  1938-08-01
97185     97829      -1     -1  0000-00-00
97219     97863      -1     -1  2009-07-02
97220     97864      -1     -1  0000-00-00
97224     97868      -1     -1  0000-00-00
97250     97894      -1     -1  0000-00-00
97257     97901      -1     -1  0000-00-00
97268     97912      -1     -1  2014-04-17
97302     97946      -1     -1  0000-00-00
97366     98010      -1     -1  1973-01-01
97410     98054      -1     -1  2006-01-01
97416     98060      -1     -1  2000-01-01
97438     98083      -1     -1  0000-00-00
97475     98120      -1     -1  1942-01-01
97490     98136      -1     -1  1885-06-01
97491     98137      -1     -1  1899-01-01
97493     98139      -1     -1  1897-01-01
97494     98140      -1     -1  1904-01-01
97495     98141      -1     -1  1893-01-01
97497     98144      -1     -1  1904-01-01
97498     98145      -1     -1  0000-00-00
97698     98345      -1     -1  1996-01-01
97706     98353      -1     -1  0000-00-00
97710     98357      -1     -1  1945-01-01
97730     98377      -1     -1  1895-01-01
97731     98378      -1     -1  1897-01-01
97733     98380      -1     -1  1898-01-01
97734     98381      -1     -1  1898-01-01
97743     98390      -1     -1  0000-00-00
97770     98417      -1     -1  0000-00-00
97775     98422      -1     -1  0000-00-00
97783     98430      -1     -1  1999-11-07
97829     98476      -1     -1  2003-02-18
97849     98497      -1     -1  1921-01-01
97853     98501      -1     -1  2019-12-23
97854     98502      -1     -1  1953-07-03
97884     98532      -1     -1  1900-01-02
97929     98577      -1     -1  1950-01-01
97972     98620      -1     -1  1916-01-01
97973     98621      -1     -1  1914-01-01
97974     98622      -1     -1  1918-01-01
97976     98624      -1     -1  1916-01-01
97982     98630      -1     -1  1921-01-01
97983     98631      -1     -1  1920-01-01
97984     98632      -1     -1  1918-01-01
97988     98636      -1     -1  1931-01-01
97989     98637      -1     -1  1949-01-01
97990     98638      -1     -1  1912-01-01
97991     98639      -1     -1  1905-01-01
97992     98640      -1     -1  1905-01-01
97994     98642      -1     -1  1888-01-01
97995     98643      -1     -1  1913-01-01
97996     98644      -1     -1  1906-01-01
97997     98645      -1     -1  1905-01-01
97998     98646      -1     -1  1895-01-01
98003     98652      -1     -1  1931-01-01

=== Founders with Offspring ===
       animalid  sireid  damid   birthdate
52           53      -1     -1  0000-00-00
189         190      -1     -1  0000-00-00
219         220      -1     -1  0000-00-00
507         508      -1     -1  1923-01-01
541         542      -1     -1  0000-00-00
612         613      -1     -1  1986-02-16
654         656      -1     -1  1936-01-01
658         660      -1     -1  0000-00-00
662         664      -1     -1  1932-01-01
677         679      -1     -1  1926-01-01
743         745      -1     -1  1921-01-01
747         749      -1     -1  0000-00-00
755         757      -1     -1  1916-01-01
768         770      -1     -1  0000-00-00
861         864      -1     -1  1978-01-01
862         865      -1     -1  0000-00-00
863         866      -1     -1  0000-00-00
962         965      -1     -1  1891-01-01
1037       1040      -1     -1  0000-00-00
1404       1407      -1     -1  0000-00-00
1501       1504      -1     -1  1913-01-01
1562       1565      -1     -1  0000-00-00
1636       1639      -1     -1  0000-00-00
1990       1993      -1     -1  0000-00-00
2119       2122      -1     -1  1890-05-30
2224       2227      -1     -1  1950-01-01
2283       2286      -1     -1  1947-10-03
2312       2315      -1     -1  1948-01-12
2313       2316      -1     -1  0000-00-00
2321       2324      -1     -1  1945-12-18
2345       2348      -1     -1  1944-07-05
2348       2351      -1     -1  0000-00-00
2410       2413      -1     -1  2006-01-01
2421       2424      -1     -1  0000-00-00
2446       2449      -1     -1  1957-03-19
2874       2877      -1     -1  0000-00-00
2974       2978      -1     -1  0000-00-00
3059       3064      -1     -1  0000-00-00
3067       3072      -1     -1  0000-00-00
3099       3104      -1     -1  0000-00-00
3116       3121      -1     -1  1941-01-01
3120       3125      -1     -1  1897-01-01
3155       3160      -1     -1  1899-01-01
3315       3320      -1     -1  0000-00-00
3385       3390      -1     -1  0000-00-00
3386       3391      -1     -1  0000-00-00
3408       3413      -1     -1  0000-00-00
3469       3474      -1     -1  1973-01-01
3474       3479      -1     -1  1973-01-01
3564       3569      -1     -1  0000-00-00
3793       3798      -1     -1  0000-00-00
3807       3812      -1     -1  0000-00-00
4028       4033      -1     -1  0000-00-00
4101       4106      -1     -1  0000-00-00
4112       4117      -1     -1  2014-01-01
4186       4191      -1     -1  1992-05-15
4229       4234      -1     -1  0000-00-00
4284       4289      -1     -1  0000-00-00
4343       4348      -1     -1  0000-00-00
4349       4354      -1     -1  0000-00-00
4351       4356      -1     -1  0000-00-00
4354       4359      -1     -1  0000-00-00
4356       4361      -1     -1  0000-00-00
4360       4365      -1     -1  0000-00-00
4365       4370      -1     -1  0000-00-00
4583       4588      -1     -1  0000-00-00
4586       4591      -1     -1  0000-00-00
4601       4606      -1     -1  0000-00-00
4612       4617      -1     -1  0000-00-00
4686       4691      -1     -1  0000-00-00
4936       4941      -1     -1  0000-00-00
4942       4947      -1     -1  0000-00-00
4947       4952      -1     -1  0000-00-00
4949       4954      -1     -1  0000-00-00
4956       4961      -1     -1  1977-03-07
5000       5005      -1     -1  0000-00-00
5029       5034      -1     -1  0000-00-00
5046       5051      -1     -1  1959-06-19
5047       5052      -1     -1  1962-01-01
5050       5055      -1     -1  0000-00-00
5285       5291      -1     -1  0000-00-00
5329       5335      -1     -1  1905-01-01
5330       5337      -1     -1  1909-01-01
5343       5350      -1     -1  1971-06-11
5385       5392      -1     -1  0000-00-00
5487       5494      -1     -1  0000-00-00
5636       5643      -1     -1  0000-00-00
5676       5683      -1     -1  0000-00-00
5683       5690      -1     -1  0000-00-00
5736       5743      -1     -1  1960-01-01
5744       5751      -1     -1  1999-01-01
5803       5810      -1     -1  1924-01-01
5832       5839      -1     -1  0000-00-00
5833       5840      -1     -1  0000-00-00
5843       5850      -1     -1  1926-01-01
5844       5851      -1     -1  1954-01-01
5962       5969      -1     -1  1970-06-17
5964       5971      -1     -1  1968-10-17
5994       6001      -1     -1  0000-00-00
5995       6002      -1     -1  0000-00-00
6003       6010      -1     -1  0000-00-00
6011       6018      -1     -1  0000-00-00
6012       6019      -1     -1  0000-00-00
6070       6077      -1     -1  0000-00-00
6071       6078      -1     -1  1926-01-01
6096       6103      -1     -1  0000-00-00
6101       6108      -1     -1  0000-00-00
6356       6363      -1     -1  1986-04-06
6375       6382      -1     -1  1990-02-14
6381       6388      -1     -1  0000-00-00
6409       6416      -1     -1  1996-03-07
6420       6427      -1     -1  0000-00-00
6441       6448      -1     -1  1892-01-01
6481       6491      -1     -1  1906-01-01
6486       6497      -1     -1  0000-00-00
6503       6514      -1     -1  0000-00-00
6504       6515      -1     -1  1911-01-01
6528       6541      -1     -1  0000-00-00
6539       6552      -1     -1  1959-01-01
6556       6569      -1     -1  0000-00-00
6563       6576      -1     -1  2006-08-08
6574       6587      -1     -1  0000-00-00
6589       6602      -1     -1  1900-01-01
6894       6907      -1     -1  0000-00-00
6911       6924      -1     -1  0000-00-00
6924       6937      -1     -1  2018-01-01
6978       6991      -1     -1  1988-10-22
6984       6997      -1     -1  1989-11-24
7203       7216      -1     -1  0000-00-00
7288       7301      -1     -1  0000-00-00
7313       7326      -1     -1  1971-01-01
7316       7329      -1     -1  0000-00-00
7321       7334      -1     -1  1961-08-12
7368       7381      -1     -1  1990-01-01
7389       7402      -1     -1  1968-03-23
7404       7417      -1     -1  0000-00-00
7419       7432      -1     -1  0000-00-00
7481       7494      -1     -1  1957-03-19
7533       7546      -1     -1  0000-00-00
7535       7548      -1     -1  0000-00-00
7540       7553      -1     -1  0000-00-00
7562       7575      -1     -1  0000-00-00
7573       7586      -1     -1  1958-12-01
7577       7590      -1     -1  0000-00-00
7621       7634      -1     -1  1918-01-01
7665       7678      -1     -1  0000-00-00
7695       7708      -1     -1  1950-09-13
7705       7718      -1     -1  0000-00-00
7718       7731      -1     -1  0000-00-00
7727       7740      -1     -1  0000-00-00
7769       7782      -1     -1  1973-04-01
7789       7802      -1     -1  1955-10-22
7823       7836      -1     -1  1959-01-08
7827       7840      -1     -1  1967-02-11
7870       7883      -1     -1  1957-03-07
7876       7889      -1     -1  1962-04-05
7878       7891      -1     -1  0000-00-00
7886       7899      -1     -1  1953-07-22
7950       7963      -1     -1  0000-00-00
7980       7993      -1     -1  0000-00-00
7994       8007      -1     -1  0000-00-00
7995       8008      -1     -1  0000-00-00
8052       8065      -1     -1  1921-01-01
8060       8073      -1     -1  0000-00-00
8079       8092      -1     -1  1946-01-01
8087       8100      -1     -1  1909-01-01
8094       8107      -1     -1  0000-00-00
8122       8135      -1     -1  1999-05-27
8200       8213      -1     -1  0000-00-00
8232       8245      -1     -1  0000-00-00
8329       8342      -1     -1  1992-09-03
8341       8354      -1     -1  1994-10-14
8577       8590      -1     -1  0000-00-00
8594       8607      -1     -1  0000-00-00
8631       8644      -1     -1  1911-01-01
8652       8665      -1     -1  1895-01-01
8735       8749      -1     -1  0000-00-00
8771       8785      -1     -1  0000-00-00
8772       8786      -1     -1  0000-00-00
8855       8869      -1     -1  1994-01-12
8980       8994      -1     -1  1888-01-01
8985       8999      -1     -1  1915-01-01
8993       9007      -1     -1  1921-01-01
9037       9051      -1     -1  0000-00-00
9041       9055      -1     -1  0000-00-00
9045       9059      -1     -1  1966-08-30
9047       9061      -1     -1  1960-01-08
9054       9068      -1     -1  1943-01-01
9089       9103      -1     -1  1920-01-01
9095       9109      -1     -1  0000-00-00
9138       9152      -1     -1  0000-00-00
9149       9163      -1     -1  0000-00-00
9204       9218      -1     -1  0000-00-00
9233       9247      -1     -1  1908-01-01
9240       9254      -1     -1  0000-00-00
9262       9276      -1     -1  0000-00-00
9267       9281      -1     -1  1922-01-01
9280       9294      -1     -1  0000-00-00
9293       9307      -1     -1  1950-07-16
9319       9333      -1     -1  1924-01-01
9325       9339      -1     -1  1923-01-01
9327       9341      -1     -1  1922-01-01
9331       9345      -1     -1  1924-01-01
9335       9349      -1     -1  1918-01-01
9341       9355      -1     -1  1924-01-01
9342       9356      -1     -1  1906-01-01
9344       9358      -1     -1  1895-01-01
9345       9359      -1     -1  1916-01-01
9352       9367      -1     -1  1924-01-01
9354       9369      -1     -1  1922-01-01
9358       9373      -1     -1  1927-01-01
9401       9416      -1     -1  1962-01-12
9415       9430      -1     -1  0000-00-00
9438       9455      -1     -1  1924-01-01
9440       9458      -1     -1  1885-01-01
9445       9464      -1     -1  1909-01-01
9448       9467      -1     -1  0000-00-00
9490       9509      -1     -1  1978-01-01
9593       9612      -1     -1  0000-00-00
9786       9806      -1     -1  0000-00-00
9813       9833      -1     -1  0000-00-00
9819       9839      -1     -1  1982-11-28
9881       9901      -1     -1  1971-01-01
10007     10027      -1     -1  2000-05-01
10015     10035      -1     -1  0000-00-00
10086     10106      -1     -1  1971-01-01
10094     10114      -1     -1  1956-01-01
10111     10131      -1     -1  1961-01-01
10167     10187      -1     -1  1959-01-01
10170     10190      -1     -1  1971-01-01
10173     10193      -1     -1  1968-01-01
10185     10205      -1     -1  1971-01-01
10319     10339      -1     -1  0000-00-00
10340     10360      -1     -1  0000-00-00
10353     10373      -1     -1  0000-00-00
10369     10389      -1     -1  0000-00-00
10373     10393      -1     -1  0000-00-00
10375     10395      -1     -1  0000-00-00
10393     10413      -1     -1  0000-00-00
10407     10427      -1     -1  1972-03-01
10468     10488      -1     -1  0000-00-00
10657     10677      -1     -1  1913-01-01
10673     10693      -1     -1  0000-00-00
10680     10700      -1     -1  1895-01-01
10681     10701      -1     -1  1895-01-01
10685     10706      -1     -1  1888-01-01
10686     10707      -1     -1  1923-01-01
10711     10733      -1     -1  1927-01-01
10738     10760      -1     -1  1922-01-01
10835     10857      -1     -1  2018-01-01
10839     10861      -1     -1  0000-00-00
10921     10949      -1     -1  1926-01-01
10922     10950      -1     -1  1897-01-01
10923     10952      -1     -1  1913-01-01
10927     10956      -1     -1  1914-01-01
10942     10972      -1     -1  0000-00-00
10948     10978      -1     -1  1924-01-01
11026     11056      -1     -1  1901-01-01
11035     11065      -1     -1  1901-01-01
11069     11100      -1     -1  0000-00-00
11074     11105      -1     -1  1897-01-01
11108     11140      -1     -1  1991-12-20
11132     11164      -1     -1  1995-01-08
11140     11172      -1     -1  1965-01-01
11147     11179      -1     -1  0000-00-00
11179     11211      -1     -1  0000-00-00
11216     11248      -1     -1  1910-01-01
11236     11268      -1     -1  0000-00-00
11327     11359      -1     -1  0000-00-00
11332     11364      -1     -1  0000-00-00
11400     11433      -1     -1  1909-01-01
11420     11454      -1     -1  0000-00-00
11439     11473      -1     -1  1888-01-01
11455     11489      -1     -1  2002-01-01
11464     11498      -1     -1  2008-01-01
11471     11505      -1     -1  0000-00-00
11502     11536      -1     -1  0000-00-00
11536     11570      -1     -1  0000-00-00
11631     11665      -1     -1  0000-00-00
11657     11691      -1     -1  1952-05-16
11668     11702      -1     -1  1969-01-30
11699     11733      -1     -1  1952-01-01
11756     11791      -1     -1  0000-00-00
11814     11849      -1     -1  1976-09-04
11854     11889      -1     -1  1979-10-27
12001     12036      -1     -1  0000-00-00
12027     12062      -1     -1  1898-01-01
12037     12072      -1     -1  0000-00-00
12038     12073      -1     -1  0000-00-00
12039     12074      -1     -1  0000-00-00
12048     12083      -1     -1  0000-00-00
12065     12101      -1     -1  1912-01-01
12067     12103      -1     -1  0000-00-00
12278     12314      -1     -1  1912-01-01
12285     12321      -1     -1  1905-01-01
12286     12322      -1     -1  1914-01-01
12287     12323      -1     -1  0000-00-00
12289     12325      -1     -1  1918-01-01
12292     12329      -1     -1  1917-01-01
12293     12330      -1     -1  1917-01-01
12298     12336      -1     -1  1909-01-01
12316     12354      -1     -1  1920-08-21
12319     12357      -1     -1  1911-01-01
12325     12363      -1     -1  0000-00-00
12335     12373      -1     -1  0000-00-00
12396     12434      -1     -1  1953-01-01
12405     12443      -1     -1  1917-01-01
12411     12451      -1     -1  1925-01-01
12424     12467      -1     -1  1906-01-01
12432     12475      -1     -1  1914-01-01
12433     12476      -1     -1  1919-01-01
12434     12477      -1     -1  1917-01-01
12436     12479      -1     -1  1936-01-01
12437     12480      -1     -1  1917-01-01
12438     12481      -1     -1  1905-01-01
12442     12486      -1     -1  1930-01-01
12511     12557      -1     -1  0000-00-00
12569     12615      -1     -1  0000-00-00
12572     12618      -1     -1  0000-00-00
12713     12759      -1     -1  1983-05-29
12724     12770      -1     -1  1920-01-01
12866     12912      -1     -1  0000-00-00
12878     12924      -1     -1  1952-01-01
12968     13017      -1     -1  1933-01-01
12995     13044      -1     -1  1994-11-27
13046     13095      -1     -1  1995-05-04
13112     13161      -1     -1  1919-01-01
13126     13175      -1     -1  1899-01-01
13187     13236      -1     -1  1919-01-01
13205     13254      -1     -1  1989-03-12
13227     13276      -1     -1  1916-01-01
13228     13277      -1     -1  0000-00-00
13236     13286      -1     -1  1890-01-01
13238     13288      -1     -1  1916-01-01
13240     13290      -1     -1  1919-01-01
13243     13294      -1     -1  1899-01-01
13244     13295      -1     -1  1890-01-01
13246     13298      -1     -1  1900-01-01
13247     13299      -1     -1  1911-01-01
13264     13317      -1     -1  1922-01-01
13265     13318      -1     -1  2006-03-13
13291     13344      -1     -1  1963-03-01
13297     13350      -1     -1  0000-00-00
13367     13420      -1     -1  1949-05-21
13381     13434      -1     -1  0000-00-00
13404     13457      -1     -1  1940-01-01
13411     13464      -1     -1  0000-00-00
13432     13486      -1     -1  1975-11-07
13438     13492      -1     -1  1920-01-01
13473     13527      -1     -1  1963-09-15
13664     13718      -1     -1  0000-00-00
13682     13736      -1     -1  0000-00-00
13756     13810      -1     -1  0000-00-00
13804     13858      -1     -1  0000-00-00
13810     13864      -1     -1  0000-00-00
13826     13880      -1     -1  1959-01-20
13835     13889      -1     -1  1959-09-19
13897     13951      -1     -1  1996-07-28
13899     13953      -1     -1  1997-07-04
13917     13971      -1     -1  0000-00-00
14097     14152      -1     -1  1923-01-01
14099     14154      -1     -1  0000-00-00
14101     14156      -1     -1  1913-01-01
14198     14253      -1     -1  1963-01-01
14200     14255      -1     -1  0000-00-00
14249     14304      -1     -1  0000-00-00
14250     14305      -1     -1  0000-00-00
14265     14320      -1     -1  1948-01-01
14291     14346      -1     -1  1934-01-01
14297     14352      -1     -1  0000-00-00
14325     14380      -1     -1  0000-00-00
14330     14385      -1     -1  0000-00-00
14334     14389      -1     -1  0000-00-00
14343     14398      -1     -1  1922-01-01
14357     14412      -1     -1  1898-01-01
14365     14420      -1     -1  0000-00-00
14429     14484      -1     -1  0000-00-00
14436     14491      -1     -1  0000-00-00
14441     14496      -1     -1  0000-00-00
14452     14507      -1     -1  2006-01-01
14455     14510      -1     -1  2005-12-08
14459     14514      -1     -1  1926-01-01
14543     14599      -1     -1  0000-00-00
14551     14607      -1     -1  1925-01-01
14552     14608      -1     -1  0000-00-00
14567     14623      -1     -1  1918-01-01
14604     14660      -1     -1  0000-00-00
14667     14723      -1     -1  0000-00-00
14763     14819      -1     -1  0000-00-00
14771     14827      -1     -1  1918-01-01
14775     14831      -1     -1  1917-01-01
14783     14839      -1     -1  1941-01-01
14788     14844      -1     -1  0000-00-00
14883     14939      -1     -1  0000-00-00
14942     14999      -1     -1  1944-04-07
14967     15025      -1     -1  1966-01-05
15049     15107      -1     -1  1957-02-25
15060     15118      -1     -1  0000-00-00
15104     15162      -1     -1  1905-01-01
15107     15165      -1     -1  0000-00-00
15390     15449      -1     -1  1917-01-01
15405     15464      -1     -1  1892-01-01
15421     15480      -1     -1  0000-00-00
15423     15482      -1     -1  0000-00-00
15842     15901      -1     -1  1968-01-01
15852     15911      -1     -1  0000-00-00
15865     15924      -1     -1  1928-04-01
15974     16033      -1     -1  1917-01-01
16043     16102      -1     -1  0000-00-00
16060     16120      -1     -1  1954-01-01
16066     16126      -1     -1  1954-01-01
16106     16167      -1     -1  1943-01-01
16124     16185      -1     -1  1994-09-19
16174     16235      -1     -1  0000-00-00
16194     16255      -1     -1  0000-00-00
16243     16304      -1     -1  1965-09-21
16245     16306      -1     -1  1953-01-01
16266     16327      -1     -1  0000-00-00
16294     16355      -1     -1  0000-00-00
16324     16385      -1     -1  0000-00-00
16329     16390      -1     -1  0000-00-00
16344     16407      -1     -1  1905-01-01
16383     16448      -1     -1  1929-01-01
16404     16469      -1     -1  1916-01-01
16431     16496      -1     -1  0000-00-00
16433     16498      -1     -1  0000-00-00
16439     16504      -1     -1  0000-00-00
16460     16525      -1     -1  0000-00-00
16480     16546      -1     -1  1889-01-01
16481     16547      -1     -1  1892-01-01
16484     16550      -1     -1  1917-01-01
16496     16562      -1     -1  1914-01-01
16497     16563      -1     -1  1915-01-01
16498     16564      -1     -1  1932-01-01
16499     16565      -1     -1  1893-01-01
16505     16572      -1     -1  1932-01-01
16506     16573      -1     -1  1902-01-01
16519     16586      -1     -1  1921-01-01
16521     16588      -1     -1  1955-01-01
16525     16592      -1     -1  1922-01-01
16530     16597      -1     -1  1899-01-01
16611     16679      -1     -1  1925-01-01
16612     16680      -1     -1  1919-01-01
16613     16681      -1     -1  1917-01-01
16614     16682      -1     -1  1919-01-01
16617     16685      -1     -1  1922-01-01
16654     16722      -1     -1  0000-00-00
16687     16755      -1     -1  1973-05-21
16755     16823      -1     -1  0000-00-00
16915     16984      -1     -1  0000-00-00
16917     16986      -1     -1  0000-00-00
16930     17000      -1     -1  0000-00-00
16936     17006      -1     -1  1919-01-01
16973     17043      -1     -1  1973-03-11
16996     17066      -1     -1  0000-00-00
17047     17117      -1     -1  0000-00-00
17049     17119      -1     -1  1962-06-05
17221     17291      -1     -1  0000-00-00
17276     17346      -1     -1  0000-00-00
17288     17358      -1     -1  0000-00-00
17304     17374      -1     -1  0000-00-00
17311     17381      -1     -1  1922-01-01
17313     17383      -1     -1  0000-00-00
17342     17412      -1     -1  0000-00-00
17345     17415      -1     -1  0000-00-00
17383     17453      -1     -1  1959-01-01
17400     17470      -1     -1  0000-00-00
17567     17637      -1     -1  1880-01-01
17605     17676      -1     -1  1925-01-01
17688     17759      -1     -1  1982-09-10
17902     17974      -1     -1  1894-12-17
17918     17992      -1     -1  1883-01-01
17921     17995      -1     -1  1931-01-01
17925     17999      -1     -1  0000-00-00
17929     18003      -1     -1  0000-00-00
17934     18008      -1     -1  0000-00-00
17967     18041      -1     -1  1965-01-01
17969     18043      -1     -1  1935-01-01
17970     18044      -1     -1  1886-01-01
18003     18078      -1     -1  1932-01-01
18008     18083      -1     -1  0000-00-00
18031     18106      -1     -1  0000-00-00
18044     18119      -1     -1  0000-00-00
18058     18133      -1     -1  0000-00-00
18060     18135      -1     -1  0000-00-00
18116     18191      -1     -1  0000-00-00
18123     18198      -1     -1  0000-00-00
18170     18246      -1     -1  0000-00-00
18178     18254      -1     -1  0000-00-00
18187     18263      -1     -1  0000-00-00
18193     18269      -1     -1  0000-00-00
18199     18275      -1     -1  1932-01-01
18237     18313      -1     -1  1912-01-01
18268     18344      -1     -1  1994-10-27
18285     18361      -1     -1  0000-00-00
18293     18369      -1     -1  0000-00-00
18309     18385      -1     -1  0000-00-00
18314     18390      -1     -1  0000-00-00
18324     18400      -1     -1  0000-00-00
18344     18420      -1     -1  0000-00-00
18352     18428      -1     -1  0000-00-00
18355     18431      -1     -1  0000-00-00
18376     18452      -1     -1  0000-00-00
18393     18469      -1     -1  0000-00-00
18404     18480      -1     -1  0000-00-00
18411     18487      -1     -1  0000-00-00
18431     18507      -1     -1  0000-00-00
18520     18596      -1     -1  0000-00-00
18557     18633      -1     -1  1911-01-01
18698     18775      -1     -1  0000-00-00
18721     18798      -1     -1  1922-01-01
18749     18826      -1     -1  0000-00-00
18808     18885      -1     -1  1943-01-01
18841     18927      -1     -1  2005-01-01
18936     19024      -1     -1  1972-06-10
18949     19037      -1     -1  0000-00-00
18975     19063      -1     -1  1968-01-01
18981     19069      -1     -1  1969-01-01
19031     19119      -1     -1  1950-07-13
19039     19127      -1     -1  0000-00-00
19041     19129      -1     -1  1921-01-01
19042     19130      -1     -1  1922-01-01
19231     19319      -1     -1  0000-00-00
19232     19320      -1     -1  0000-00-00
19240     19328      -1     -1  2007-07-25
19274     19363      -1     -1  0000-00-00
19315     19404      -1     -1  0000-00-00
19319     19408      -1     -1  0000-00-00
19439     19528      -1     -1  0000-00-00
19447     19536      -1     -1  0000-00-00
19582     19671      -1     -1  1900-01-01
19592     19681      -1     -1  1896-01-01
19766     19857      -1     -1  0000-00-00
19832     19923      -1     -1  1933-01-01
19838     19929      -1     -1  0000-00-00
19867     19958      -1     -1  1919-01-01
19876     19968      -1     -1  0000-00-00
19897     19989      -1     -1  0000-00-00
19956     20048      -1     -1  0000-00-00
19958     20050      -1     -1  1952-01-01
19977     20069      -1     -1  0000-00-00
19981     20073      -1     -1  1952-10-10
20027     20119      -1     -1  1900-01-02
20046     20139      -1     -1  0000-00-00
20050     20143      -1     -1  1955-01-01
20086     20179      -1     -1  1913-01-01
20091     20185      -1     -1  1970-01-01
20092     20186      -1     -1  0000-00-00
20102     20196      -1     -1  1899-01-01
20104     20198      -1     -1  1885-01-01
20169     20263      -1     -1  1933-01-01
20198     20292      -1     -1  0000-00-00
20218     20312      -1     -1  0000-00-00
20239     20333      -1     -1  0000-00-00
20308     20402      -1     -1  1972-05-17
20315     20409      -1     -1  1973-01-01
20316     20410      -1     -1  0000-00-00
20362     20456      -1     -1  0000-00-00
20413     20507      -1     -1  0000-00-00
20475     20569      -1     -1  1925-05-22
20496     20590      -1     -1  1919-01-01
20567     20661      -1     -1  0000-00-00
20578     20673      -1     -1  0000-00-00
20581     20676      -1     -1  1903-01-01
20585     20680      -1     -1  1911-01-01
20586     20681      -1     -1  0000-00-00
20592     20687      -1     -1  0000-00-00
20594     20689      -1     -1  0000-00-00
20601     20696      -1     -1  0000-00-00
20603     20698      -1     -1  1906-01-01
20613     20710      -1     -1  1909-01-01
20631     20728      -1     -1  0000-00-00
20634     20731      -1     -1  1904-01-01
20639     20736      -1     -1  0000-00-00
20653     20750      -1     -1  0000-00-00
20661     20758      -1     -1  0000-00-00
20663     20760      -1     -1  0000-00-00
20665     20762      -1     -1  0000-00-00
20677     20776      -1     -1  1915-01-01
20683     20782      -1     -1  1905-01-01
20685     20784      -1     -1  0000-00-00
20705     20804      -1     -1  0000-00-00
20706     20805      -1     -1  0000-00-00
20720     20822      -1     -1  1888-01-01
20723     20825      -1     -1  1926-01-01
20730     20832      -1     -1  1952-01-01
20742     20844      -1     -1  1904-01-01
20743     20845      -1     -1  1908-01-01
20747     20850      -1     -1  1910-01-01
20757     20861      -1     -1  1897-01-01
20761     20866      -1     -1  1924-01-01
20762     20867      -1     -1  1908-01-01
20763     20868      -1     -1  1915-01-01
20764     20869      -1     -1  1914-01-01
20768     20873      -1     -1  1901-01-01
20769     20874      -1     -1  1899-01-01
20770     20875      -1     -1  1915-01-01
20771     20876      -1     -1  1893-01-01
20772     20877      -1     -1  1911-01-01
20773     20878      -1     -1  1895-01-01
20775     20880      -1     -1  1928-01-01
20776     20881      -1     -1  1911-01-01
20777     20882      -1     -1  1917-01-01
20778     20883      -1     -1  1913-01-01
20781     20886      -1     -1  1915-01-01
20784     20889      -1     -1  1893-01-01
20785     20890      -1     -1  1927-01-01
20787     20892      -1     -1  1913-01-01
20788     20893      -1     -1  1909-01-01
20791     20897      -1     -1  1918-01-01
20792     20898      -1     -1  1895-01-01
20797     20903      -1     -1  1918-01-01
20798     20904      -1     -1  1908-01-01
20799     20905      -1     -1  1897-01-01
20801     20907      -1     -1  1898-01-01
20803     20909      -1     -1  1917-01-01
20812     20919      -1     -1  1917-01-01
20835     20942      -1     -1  1919-01-01
20859     20966      -1     -1  0000-00-00
20860     20967      -1     -1  0000-00-00
20872     20979      -1     -1  1926-01-01
20875     20982      -1     -1  1926-01-01
20978     21087      -1     -1  0000-00-00
20985     21094      -1     -1  0000-00-00
21019     21128      -1     -1  1985-01-01
21056     21165      -1     -1  1957-05-04
21146     21255      -1     -1  0000-00-00
21201     21310      -1     -1  1929-01-01
21202     21311      -1     -1  0000-00-00
21297     21408      -1     -1  0000-00-00
21340     21451      -1     -1  1884-01-01
21355     21466      -1     -1  1928-01-01
21397     21509      -1     -1  0000-00-00
21417     21529      -1     -1  2014-11-15
21426     21538      -1     -1  1992-02-02
21488     21600      -1     -1  0000-00-00
21495     21607      -1     -1  0000-00-00
21528     21640      -1     -1  1980-10-07
21561     21673      -1     -1  0000-00-00
21571     21683      -1     -1  0000-00-00
21645     21758      -1     -1  0000-00-00
21710     21823      -1     -1  2008-03-25
21714     21828      -1     -1  1915-01-01
21740     21854      -1     -1  0000-00-00
21758     21873      -1     -1  0000-00-00
21772     21887      -1     -1  0000-00-00
21784     21899      -1     -1  0000-00-00
21815     21930      -1     -1  0000-00-00
21839     21954      -1     -1  0000-00-00
21841     21956      -1     -1  1931-01-01
21882     21997      -1     -1  0000-00-00
21914     22029      -1     -1  0000-00-00
21938     22054      -1     -1  1990-09-18
21946     22062      -1     -1  1992-06-09
21980     22096      -1     -1  1980-02-06
21981     22097      -1     -1  1979-01-01
21986     22102      -1     -1  0000-00-00
21988     22104      -1     -1  0000-00-00
22065     22181      -1     -1  0000-00-00
22087     22203      -1     -1  0000-00-00
22106     22222      -1     -1  0000-00-00
22242     22359      -1     -1  1934-01-01
22286     22403      -1     -1  0000-00-00
22299     22416      -1     -1  0000-00-00
22301     22418      -1     -1  0000-00-00
22316     22433      -1     -1  0000-00-00
22520     22638      -1     -1  0000-00-00
22533     22651      -1     -1  1919-01-01
22553     22671      -1     -1  0000-00-00
22558     22676      -1     -1  0000-00-00
22587     22705      -1     -1  1923-01-01
22633     22752      -1     -1  1895-01-01
22645     22764      -1     -1  0000-00-00
22653     22772      -1     -1  0000-00-00
22676     22795      -1     -1  0000-00-00
22685     22804      -1     -1  0000-00-00
22699     22818      -1     -1  0000-00-00
22700     22819      -1     -1  0000-00-00
22704     22823      -1     -1  0000-00-00
22711     22830      -1     -1  0000-00-00
22721     22840      -1     -1  1962-07-20
22727     22846      -1     -1  0000-00-00
22729     22848      -1     -1  0000-00-00
22743     22862      -1     -1  0000-00-00
22858     22977      -1     -1  1950-01-01
22874     22993      -1     -1  0000-00-00
22876     22995      -1     -1  1990-02-09
22895     23014      -1     -1  1972-01-01
22900     23019      -1     -1  0000-00-00
22904     23023      -1     -1  1913-01-01
22919     23038      -1     -1  0000-00-00
22980     23099      -1     -1  0000-00-00
22985     23104      -1     -1  0000-00-00
22989     23108      -1     -1  0000-00-00
22990     23109      -1     -1  1958-01-01
22995     23114      -1     -1  0000-00-00
23044     23166      -1     -1  1907-01-01
23045     23168      -1     -1  1907-01-01
23127     23250      -1     -1  0000-00-00
23177     23300      -1     -1  0000-00-00
23253     23376      -1     -1  2005-01-01
23255     23378      -1     -1  0000-00-00
23260     23383      -1     -1  0000-00-00
23275     23398      -1     -1  0000-00-00
23368     23491      -1     -1  0000-00-00
23371     23494      -1     -1  0000-00-00
23372     23495      -1     -1  0000-00-00
23423     23546      -1     -1  0000-00-00
23449     23572      -1     -1  1922-01-01
23452     23575      -1     -1  1927-01-01
23456     23579      -1     -1  1903-01-01
23459     23582      -1     -1  1923-01-01
23469     23592      -1     -1  0000-00-00
23475     23598      -1     -1  1912-01-01
23524     23647      -1     -1  0000-00-00
23528     23651      -1     -1  0000-00-00
23533     23656      -1     -1  1920-01-01
23536     23659      -1     -1  1899-01-01
23546     23669      -1     -1  0000-00-00
23596     23719      -1     -1  0000-00-00
23659     23782      -1     -1  0000-00-00
23660     23783      -1     -1  0000-00-00
23671     23794      -1     -1  0000-00-00
23711     23834      -1     -1  1920-01-01
23769     23892      -1     -1  0000-00-00
23772     23895      -1     -1  0000-00-00
23778     23901      -1     -1  1958-01-01
23791     23914      -1     -1  0000-00-00
23831     23954      -1     -1  0000-00-00
23835     23959      -1     -1  1931-01-01
23850     23974      -1     -1  0000-00-00
23889     24013      -1     -1  1949-01-01
23896     24020      -1     -1  0000-00-00
24077     24201      -1     -1  1927-01-01
24080     24204      -1     -1  1907-01-01
24110     24234      -1     -1  1923-01-01
24112     24236      -1     -1  1927-01-01
24115     24239      -1     -1  1923-01-01
24117     24241      -1     -1  1928-01-01
24118     24242      -1     -1  1919-01-01
24164     24291      -1     -1  0000-00-00
24218     24345      -1     -1  1931-01-01
24221     24348      -1     -1  1895-01-01
24231     24358      -1     -1  0000-00-00
24233     24360      -1     -1  0000-00-00
24244     24371      -1     -1  2006-01-01
24261     24388      -1     -1  0000-00-00
24282     24409      -1     -1  0000-00-00
24299     24426      -1     -1  0000-00-00
24325     24452      -1     -1  0000-00-00
24395     24522      -1     -1  2003-07-16
24509     24636      -1     -1  1896-01-01
24518     24645      -1     -1  1895-01-01
24520     24647      -1     -1  1892-01-01
24524     24651      -1     -1  1899-01-01
24527     24655      -1     -1  1922-01-01
24528     24656      -1     -1  1891-01-01
24530     24658      -1     -1  1904-01-01
24532     24660      -1     -1  1928-01-01
24544     24672      -1     -1  1890-01-01
24598     24727      -1     -1  0000-00-00
24605     24734      -1     -1  0000-00-00
24611     24740      -1     -1  1927-01-01
24613     24742      -1     -1  0000-00-00
24621     24750      -1     -1  0000-00-00
24622     24751      -1     -1  0000-00-00
24663     24792      -1     -1  1917-01-01
24679     24808      -1     -1  0000-00-00
24699     24828      -1     -1  0000-00-00
24732     24861      -1     -1  1938-01-01
24750     24879      -1     -1  0000-00-00
24770     24899      -1     -1  1998-01-06
24777     24906      -1     -1  1996-02-26
24870     24999      -1     -1  0000-00-00
24947     25076      -1     -1  1967-03-26
25005     25134      -1     -1  0000-00-00
25145     25275      -1     -1  1979-07-22
25155     25285      -1     -1  1980-11-01
25197     25327      -1     -1  1987-05-28
25210     25340      -1     -1  1988-05-07
25239     25369      -1     -1  1926-01-01
25252     25382      -1     -1  1924-01-01
25306     25436      -1     -1  1963-07-01
25367     25499      -1     -1  1905-01-01
25370     25502      -1     -1  1899-01-01
25378     25512      -1     -1  1923-01-01
25387     25521      -1     -1  1897-01-01
25397     25531      -1     -1  1903-01-01
25403     25537      -1     -1  0000-00-00
25409     25543      -1     -1  2009-06-10
25412     25546      -1     -1  0000-00-00
25437     25573      -1     -1  0000-00-00
25469     25605      -1     -1  0000-00-00
25471     25607      -1     -1  1980-04-07
25490     25626      -1     -1  1975-01-01
25524     25660      -1     -1  0000-00-00
25544     25680      -1     -1  0000-00-00
25623     25759      -1     -1  0000-00-00
25624     25760      -1     -1  0000-00-00
25668     25804      -1     -1  0000-00-00
25857     25994      -1     -1  0000-00-00
26016     26154      -1     -1  0000-00-00
26054     26192      -1     -1  1964-01-01
26059     26197      -1     -1  1911-01-01
26207     26345      -1     -1  0000-00-00
26242     26380      -1     -1  1932-01-01
26246     26384      -1     -1  0000-00-00
26283     26421      -1     -1  0000-00-00
26319     26458      -1     -1  1980-01-01
26338     26477      -1     -1  1961-01-01
26529     26669      -1     -1  0000-00-00
26531     26671      -1     -1  0000-00-00
26536     26676      -1     -1  1904-01-01
26539     26679      -1     -1  0000-00-00
26708     26848      -1     -1  0000-00-00
26730     26870      -1     -1  0000-00-00
26828     26968      -1     -1  2009-08-14
26830     26971      -1     -1  0000-00-00
26873     27014      -1     -1  0000-00-00
26875     27016      -1     -1  0000-00-00
26880     27021      -1     -1  0000-00-00
26901     27042      -1     -1  0000-00-00
26908     27049      -1     -1  1988-01-17
26914     27055      -1     -1  1960-01-01
26953     27094      -1     -1  0000-00-00
26983     27124      -1     -1  1908-01-01
27054     27195      -1     -1  0000-00-00
27085     27226      -1     -1  1987-01-01
27205     27347      -1     -1  0000-00-00
27243     27385      -1     -1  0000-00-00
27310     27452      -1     -1  1922-01-01
27382     27525      -1     -1  1977-10-04
27387     27530      -1     -1  1980-10-06
27476     27621      -1     -1  1981-01-01
27480     27625      -1     -1  1910-01-01
27537     27682      -1     -1  1969-05-30
27548     27693      -1     -1  1957-01-01
27590     27735      -1     -1  0000-00-00
27596     27741      -1     -1  1958-01-01
27647     27794      -1     -1  0000-00-00
27827     27975      -1     -1  0000-00-00
27835     27983      -1     -1  0000-00-00
27868     28016      -1     -1  1983-01-11
27895     28043      -1     -1  2009-10-29
27948     28097      -1     -1  1920-01-01
27975     28124      -1     -1  2015-01-17
28006     28155      -1     -1  0000-00-00
28050     28199      -1     -1  0000-00-00
28093     28242      -1     -1  0000-00-00
28104     28253      -1     -1  2008-01-01
28155     28305      -1     -1  0000-00-00
28170     28320      -1     -1  0000-00-00
28201     28351      -1     -1  0000-00-00
28229     28379      -1     -1  0000-00-00
28231     28381      -1     -1  1910-01-01
28253     28403      -1     -1  2009-01-04
28269     28419      -1     -1  0000-00-00
28322     28472      -1     -1  0000-00-00
28355     28505      -1     -1  1973-05-04
28361     28511      -1     -1  1973-07-26
28413     28564      -1     -1  0000-00-00
28430     28581      -1     -1  0000-00-00
28442     28593      -1     -1  1923-01-01
28443     28595      -1     -1  0000-00-00
28671     28823      -1     -1  0000-00-00
28675     28827      -1     -1  1920-01-01
28707     28859      -1     -1  1885-01-01
28735     28887      -1     -1  1905-01-01
28742     28897      -1     -1  1916-01-01
28744     28899      -1     -1  1916-01-01
28745     28900      -1     -1  1921-01-01
28746     28901      -1     -1  1890-01-01
28747     28902      -1     -1  1903-01-01
28748     28903      -1     -1  1883-01-01
28749     28904      -1     -1  1908-01-01
28754     28910      -1     -1  1888-01-01
28762     28919      -1     -1  1912-01-01
28765     28922      -1     -1  1906-01-01
28876     29033      -1     -1  1886-01-01
28887     29045      -1     -1  0000-00-00
28904     29062      -1     -1  0000-00-00
28905     29063      -1     -1  0000-00-00
29027     29186      -1     -1  1921-01-01
29034     29193      -1     -1  0000-00-00
29039     29198      -1     -1  0000-00-00
29056     29229      -1     -1  0000-00-00
29071     29244      -1     -1  1985-01-29
29149     29322      -1     -1  1957-01-01
29280     29453      -1     -1  1986-02-14
29300     29473      -1     -1  1989-11-14
29365     29538      -1     -1  0000-00-00
29523     29696      -1     -1  0000-00-00
29534     29707      -1     -1  1936-01-01
29535     29708      -1     -1  1936-01-01
29576     29749      -1     -1  1926-01-01
29592     29765      -1     -1  0000-00-00
29593     29766      -1     -1  1975-01-01
29594     29767      -1     -1  0000-00-00
29598     29771      -1     -1  0000-00-00
29643     29816      -1     -1  1956-01-01
29730     29903      -1     -1  1958-01-01
29826     30000      -1     -1  2007-07-07
29878     30053      -1     -1  1916-01-01
29881     30056      -1     -1  1934-01-01
29908     30083      -1     -1  1890-01-01
29951     30126      -1     -1  1908-01-01
29986     30163      -1     -1  1922-01-01
29987     30164      -1     -1  1918-01-01
30002     30179      -1     -1  0000-00-00
30003     30180      -1     -1  0000-00-00
30021     30198      -1     -1  1902-01-01
30022     30199      -1     -1  1908-01-01
30024     30201      -1     -1  1917-01-01
30027     30204      -1     -1  1901-01-01
30028     30205      -1     -1  1908-01-01
30030     30207      -1     -1  1917-01-01
30031     30208      -1     -1  1917-01-01
30035     30212      -1     -1  1919-01-01
30036     30213      -1     -1  1927-01-01
30037     30214      -1     -1  1920-01-01
30039     30217      -1     -1  1900-01-01
30040     30218      -1     -1  1920-01-01
30073     30251      -1     -1  0000-00-00
30090     30268      -1     -1  0000-00-00
30121     30299      -1     -1  1917-01-01
30151     30329      -1     -1  0000-00-00
30279     30458      -1     -1  0000-00-00
30293     30472      -1     -1  0000-00-00
30309     30488      -1     -1  0000-00-00
30312     30491      -1     -1  1952-08-31
30331     30510      -1     -1  1925-01-01
30405     30584      -1     -1  1885-01-01
30451     30631      -1     -1  0000-00-00
30537     30717      -1     -1  1918-01-01
30539     30719      -1     -1  1923-01-01
30543     30723      -1     -1  1898-01-01
30567     30748      -1     -1  1903-01-01
30614     30795      -1     -1  1975-01-01
30633     30814      -1     -1  0000-00-00
30663     30844      -1     -1  2006-01-01
30673     30854      -1     -1  0000-00-00
30708     30889      -1     -1  1929-01-01
30711     30892      -1     -1  1926-01-01
30712     30893      -1     -1  1918-01-01
30714     30895      -1     -1  1926-01-01
30715     30896      -1     -1  1926-01-01
30716     30897      -1     -1  1918-01-01
30718     30899      -1     -1  1921-01-01
30719     30900      -1     -1  1933-01-01
30720     30901      -1     -1  1925-01-01
30721     30902      -1     -1  1919-01-01
30722     30903      -1     -1  1921-01-01
30726     30907      -1     -1  1910-01-01
30727     30908      -1     -1  1922-01-01
30728     30909      -1     -1  1905-01-01
30732     30913      -1     -1  1896-01-01
30733     30914      -1     -1  1906-01-01
30734     30915      -1     -1  1895-01-01
30736     30917      -1     -1  1917-01-01
30737     30918      -1     -1  1919-01-01
30740     30921      -1     -1  1912-01-01
30741     30922      -1     -1  1924-01-01
30742     30923      -1     -1  1917-01-01
30743     30924      -1     -1  1916-01-01
30747     30928      -1     -1  1913-01-01
30749     30930      -1     -1  1915-01-01
30750     30931      -1     -1  1919-01-01
30751     30933      -1     -1  1925-01-01
30754     30938      -1     -1  1923-01-01
30755     30939      -1     -1  1933-01-01
30761     30945      -1     -1  1921-01-01
30762     30946      -1     -1  1936-01-01
30763     30947      -1     -1  1923-01-01
30764     30948      -1     -1  1923-01-01
30765     30949      -1     -1  1925-01-01
30786     30971      -1     -1  1917-01-01
30791     30976      -1     -1  1920-01-01
30794     30979      -1     -1  1910-01-01
30796     30981      -1     -1  1918-01-01
30797     30983      -1     -1  1924-01-01
30801     30987      -1     -1  1933-01-01
30818     31005      -1     -1  0000-00-00
30867     31054      -1     -1  0000-00-00
30890     31077      -1     -1  1976-01-01
30891     31078      -1     -1  0000-00-00
30908     31095      -1     -1  0000-00-00
30911     31098      -1     -1  0000-00-00
30935     31122      -1     -1  1924-01-01
30957     31144      -1     -1  0000-00-00
30973     31160      -1     -1  1881-01-01
30974     31161      -1     -1  1890-01-01
30977     31164      -1     -1  1890-01-01
30978     31165      -1     -1  1888-01-01
30984     31172      -1     -1  1892-01-01
30988     31176      -1     -1  1891-01-01
31001     31189      -1     -1  1985-06-21
31090     31278      -1     -1  0000-00-00
31109     31297      -1     -1  0000-00-00
31138     31327      -1     -1  1915-01-01
31164     31353      -1     -1  0000-00-00
31174     31363      -1     -1  1916-01-01
31241     31430      -1     -1  1900-01-01
31244     31433      -1     -1  1922-01-01
31245     31434      -1     -1  1917-01-01
31246     31435      -1     -1  1914-01-01
31247     31436      -1     -1  1917-01-01
31248     31437      -1     -1  1927-01-01
31249     31438      -1     -1  1930-01-01
31253     31442      -1     -1  1910-01-01
31261     31450      -1     -1  1912-01-01
31262     31451      -1     -1  1912-01-01
31304     31495      -1     -1  0000-00-00
31316     31507      -1     -1  1908-01-01
31321     31512      -1     -1  1900-01-02
31322     31513      -1     -1  0000-00-00
31398     31589      -1     -1  1948-01-01
31433     31624      -1     -1  1974-01-01
31434     31625      -1     -1  0000-00-00
31435     31626      -1     -1  0000-00-00
31513     31704      -1     -1  0000-00-00
31521     31712      -1     -1  0000-00-00
31529     31720      -1     -1  0000-00-00
31643     31834      -1     -1  1926-01-01
31683     31874      -1     -1  1976-06-14
31687     31879      -1     -1  0000-00-00
31707     31899      -1     -1  1994-04-11
31728     31920      -1     -1  0000-00-00
31747     31939      -1     -1  0000-00-00
31753     31945      -1     -1  2013-01-06
31770     31962      -1     -1  1995-01-11
31788     31980      -1     -1  0000-00-00
31789     31981      -1     -1  0000-00-00
31802     31994      -1     -1  0000-00-00
31811     32003      -1     -1  0000-00-00
31822     32014      -1     -1  0000-00-00
31841     32033      -1     -1  1922-01-01
31855     32047      -1     -1  1989-02-24
31882     32074      -1     -1  0000-00-00
32011     32203      -1     -1  0000-00-00
32049     32242      -1     -1  1916-01-01
32052     32245      -1     -1  1889-01-01
32061     32255      -1     -1  1925-01-01
32067     32261      -1     -1  1907-01-01
32068     32262      -1     -1  1916-01-01
32070     32264      -1     -1  1916-01-01
32071     32265      -1     -1  1917-01-01
32073     32267      -1     -1  1928-01-01
32074     32268      -1     -1  1915-01-01
32075     32269      -1     -1  1917-01-01
32077     32271      -1     -1  1915-01-01
32095     32290      -1     -1  1924-01-01
32100     32295      -1     -1  0000-00-00
32115     32310      -1     -1  1897-01-01
32116     32311      -1     -1  1930-01-01
32122     32318      -1     -1  1919-01-01
32124     32323      -1     -1  1917-01-01
32125     32324      -1     -1  1904-01-01
32126     32325      -1     -1  1924-01-01
32128     32327      -1     -1  1916-01-01
32130     32329      -1     -1  1932-01-01
32132     32331      -1     -1  1920-01-01
32133     32332      -1     -1  1917-01-01
32134     32333      -1     -1  1907-01-01
32135     32334      -1     -1  1897-01-01
32140     32340      -1     -1  1926-01-01
32141     32342      -1     -1  1922-01-01
32142     32343      -1     -1  1924-01-01
32143     32344      -1     -1  0000-00-00
32154     32355      -1     -1  1919-01-01
32170     32373      -1     -1  1922-01-01
32193     32396      -1     -1  0000-00-00
32201     32404      -1     -1  1910-01-01
32206     32410      -1     -1  1914-01-01
32210     32414      -1     -1  1925-01-01
32249     32458      -1     -1  0000-00-00
32303     32512      -1     -1  0000-00-00
32387     32596      -1     -1  0000-00-00
32420     32629      -1     -1  0000-00-00
32457     32666      -1     -1  0000-00-00
32467     32676      -1     -1  0000-00-00
32503     32712      -1     -1  0000-00-00
32569     32778      -1     -1  0000-00-00
32592     32801      -1     -1  1970-01-01
32630     32839      -1     -1  0000-00-00
32631     32840      -1     -1  1959-05-09
32640     32849      -1     -1  0000-00-00
32683     32892      -1     -1  1997-08-25
32723     32932      -1     -1  1984-08-04
32726     32935      -1     -1  0000-00-00
32908     33117      -1     -1  2010-05-31
32979     33188      -1     -1  1910-01-01
33183     33396      -1     -1  1968-01-01
33217     33430      -1     -1  0000-00-00
33291     33504      -1     -1  1968-06-01
33343     33556      -1     -1  0000-00-00
33348     33561      -1     -1  1976-07-13
33350     33563      -1     -1  1966-01-01
33353     33566      -1     -1  0000-00-00
33361     33574      -1     -1  1971-02-15
33397     33610      -1     -1  0000-00-00
33408     33621      -1     -1  1930-01-01
33413     33626      -1     -1  0000-00-00
33416     33629      -1     -1  0000-00-00
33454     33667      -1     -1  1986-08-04
33463     33676      -1     -1  2011-05-28
33468     33681      -1     -1  1942-01-01
33473     33686      -1     -1  1929-01-01
33481     33694      -1     -1  2007-01-01
33508     33721      -1     -1  0000-00-00
33509     33722      -1     -1  1917-07-14
33510     33723      -1     -1  1942-01-01
33544     33757      -1     -1  0000-00-00
33545     33758      -1     -1  1917-07-14
33556     33769      -1     -1  1973-01-01
33557     33770      -1     -1  1957-01-01
33563     33776      -1     -1  0000-00-00
33619     33832      -1     -1  0000-00-00
33631     33844      -1     -1  1935-01-01
33650     33864      -1     -1  0000-00-00
33660     33874      -1     -1  0000-00-00
33665     33879      -1     -1  1919-01-01
33685     33899      -1     -1  0000-00-00
33705     33919      -1     -1  0000-00-00
33879     34097      -1     -1  2006-09-01
33898     34116      -1     -1  0000-00-00
33938     34156      -1     -1  0000-00-00
33964     34182      -1     -1  0000-00-00
33986     34204      -1     -1  1977-06-23
33990     34208      -1     -1  0000-00-00
34020     34238      -1     -1  1995-06-24
34033     34251      -1     -1  1968-01-01
34070     34288      -1     -1  0000-00-00
34073     34291      -1     -1  0000-00-00
34074     34292      -1     -1  0000-00-00
34077     34295      -1     -1  1919-01-01
34086     34304      -1     -1  0000-00-00
34091     34309      -1     -1  0000-00-00
34093     34311      -1     -1  0000-00-00
34107     34325      -1     -1  0000-00-00
34108     34326      -1     -1  0000-00-00
34137     34355      -1     -1  0000-00-00
34145     34363      -1     -1  0000-00-00
34147     34365      -1     -1  0000-00-00
34165     34383      -1     -1  0000-00-00
34171     34389      -1     -1  0000-00-00
34174     34392      -1     -1  1933-01-01
34176     34394      -1     -1  0000-00-00
34180     34398      -1     -1  0000-00-00
34183     34401      -1     -1  0000-00-00
34188     34406      -1     -1  0000-00-00
34235     34453      -1     -1  0000-00-00
34275     34493      -1     -1  0000-00-00
34276     34494      -1     -1  0000-00-00
34292     34510      -1     -1  0000-00-00
34294     34512      -1     -1  0000-00-00
34313     34531      -1     -1  1968-01-16
34316     34534      -1     -1  1964-08-02
34331     34549      -1     -1  0000-00-00
34339     34557      -1     -1  1972-01-01
34341     34559      -1     -1  1960-01-01
34419     34637      -1     -1  0000-00-00
34552     34770      -1     -1  0000-00-00
34567     34785      -1     -1  0000-00-00
34607     34825      -1     -1  0000-00-00
34636     34854      -1     -1  1984-01-11
34651     34869      -1     -1  2017-06-11
34825     35043      -1     -1  0000-00-00
34839     35057      -1     -1  1905-01-01
34856     35076      -1     -1  1958-01-01
34934     35154      -1     -1  0000-00-00
34937     35157      -1     -1  0000-00-00
34940     35160      -1     -1  0000-00-00
34955     35175      -1     -1  0000-00-00
34991     35211      -1     -1  0000-00-00
35011     35231      -1     -1  1966-05-30
35038     35258      -1     -1  2007-08-28
35048     35268      -1     -1  0000-00-00
35051     35271      -1     -1  1975-01-01
35280     35500      -1     -1  0000-00-00
35309     35529      -1     -1  0000-00-00
35310     35530      -1     -1  0000-00-00
35325     35545      -1     -1  0000-00-00
35364     35584      -1     -1  1875-01-01
35368     35588      -1     -1  1870-01-01
35370     35590      -1     -1  1870-01-01
35404     35624      -1     -1  0000-00-00
35414     35634      -1     -1  0000-00-00
35455     35676      -1     -1  0000-00-00
35484     35705      -1     -1  0000-00-00
35530     35752      -1     -1  0000-00-00
35638     35863      -1     -1  0000-00-00
35643     35868      -1     -1  0000-00-00
35803     36028      -1     -1  1991-04-20
35816     36041      -1     -1  1961-01-01
35821     36046      -1     -1  1968-07-20
35824     36049      -1     -1  1966-10-14
36068     36293      -1     -1  0000-00-00
36203     36428      -1     -1  0000-00-00
36229     36454      -1     -1  0000-00-00
36359     36584      -1     -1  1989-09-16
36413     36638      -1     -1  1928-01-01
36430     36656      -1     -1  1905-01-01
36455     36682      -1     -1  1916-01-01
36456     36683      -1     -1  0000-00-00
36466     36693      -1     -1  0000-00-00
36480     36707      -1     -1  1914-01-01
36762     36990      -1     -1  1999-02-04
36780     37008      -1     -1  0000-00-00
36781     37009      -1     -1  1999-02-04
36831     37059      -1     -1  0000-00-00
36864     37092      -1     -1  2011-06-29
36941     37169      -1     -1  1912-01-01
36942     37170      -1     -1  1912-01-01
36955     37183      -1     -1  2011-01-21
36991     37220      -1     -1  0000-00-00
37033     37262      -1     -1  0000-00-00
37045     37274      -1     -1  1922-01-01
37047     37276      -1     -1  1915-01-01
37065     37295      -1     -1  0000-00-00
37066     37296      -1     -1  0000-00-00
37107     37337      -1     -1  0000-00-00
37184     37414      -1     -1  1973-01-01
37340     37570      -1     -1  0000-00-00
37343     37573      -1     -1  0000-00-00
37345     37575      -1     -1  0000-00-00
37392     37622      -1     -1  0000-00-00
37431     37663      -1     -1  0000-00-00
37433     37665      -1     -1  1995-01-01
37670     37903      -1     -1  2012-06-25
37685     37918      -1     -1  1950-01-01
37687     37920      -1     -1  1928-07-09
37702     37935      -1     -1  0000-00-00
37800     38033      -1     -1  0000-00-00
37844     38077      -1     -1  0000-00-00
38172     38405      -1     -1  0000-00-00
38195     38428      -1     -1  0000-00-00
38224     38457      -1     -1  2000-12-16
38232     38465      -1     -1  1960-10-24
38270     38503      -1     -1  1966-01-01
38295     38528      -1     -1  1966-08-31
38311     38544      -1     -1  0000-00-00
38374     38607      -1     -1  1979-09-08
38449     38682      -1     -1  0000-00-00
38489     38722      -1     -1  1990-09-27
38499     38732      -1     -1  0000-00-00
38513     38746      -1     -1  0000-00-00
38558     38791      -1     -1  1948-01-01
38581     38815      -1     -1  1932-07-01
38591     38825      -1     -1  1957-01-01
38650     38884      -1     -1  0000-00-00
38652     38886      -1     -1  0000-00-00
38653     38887      -1     -1  0000-00-00
38690     38924      -1     -1  1995-01-01
38753     38987      -1     -1  1984-01-01
38849     39083      -1     -1  2012-01-14
38908     39144      -1     -1  0000-00-00
38967     39204      -1     -1  0000-00-00
39086     39323      -1     -1  0000-00-00
39089     39326      -1     -1  0000-00-00
39090     39327      -1     -1  0000-00-00
39095     39332      -1     -1  1904-01-01
39100     39337      -1     -1  0000-00-00
39105     39342      -1     -1  1958-05-15
39144     39381      -1     -1  0000-00-00
39149     39386      -1     -1  0000-00-00
39152     39389      -1     -1  0000-00-00
39154     39391      -1     -1  0000-00-00
39160     39397      -1     -1  0000-00-00
39168     39405      -1     -1  0000-00-00
39207     39444      -1     -1  0000-00-00
39218     39455      -1     -1  1959-05-20
39235     39472      -1     -1  2012-05-27
39295     39532      -1     -1  0000-00-00
39302     39539      -1     -1  0000-00-00
39368     39605      -1     -1  0000-00-00
39384     39621      -1     -1  0000-00-00
39390     39627      -1     -1  1926-01-01
39392     39629      -1     -1  0000-00-00
39405     39642      -1     -1  0000-00-00
39407     39644      -1     -1  2007-12-30
39439     39676      -1     -1  0000-00-00
39465     39702      -1     -1  0000-00-00
39572     39809      -1     -1  0000-00-00
39626     39863      -1     -1  0000-00-00
39628     39865      -1     -1  1959-04-05
39659     39896      -1     -1  1956-02-29
39660     39897      -1     -1  0000-00-00
39676     39914      -1     -1  0000-00-00
39719     39958      -1     -1  1915-01-01
39721     39960      -1     -1  1915-01-01
39722     39961      -1     -1  1901-01-01
39782     40021      -1     -1  0000-00-00
39783     40022      -1     -1  0000-00-00
39789     40028      -1     -1  0000-00-00
39799     40038      -1     -1  0000-00-00
39800     40039      -1     -1  0000-00-00
39817     40056      -1     -1  0000-00-00
39851     40091      -1     -1  1981-10-11
39984     40225      -1     -1  0000-00-00
40031     40272      -1     -1  1936-01-01
40795     41038      -1     -1  1965-01-01
40797     41040      -1     -1  1961-06-29
40905     41148      -1     -1  1950-08-09
40927     41170      -1     -1  0000-00-00
40928     41171      -1     -1  0000-00-00
40932     41175      -1     -1  1953-07-10
40973     41216      -1     -1  0000-00-00
40980     41223      -1     -1  0000-00-00
41001     41244      -1     -1  1948-10-03
41204     41449      -1     -1  1973-01-25
41383     41629      -1     -1  0000-00-00
41385     41631      -1     -1  0000-00-00
41388     41634      -1     -1  0000-00-00
41475     41721      -1     -1  0000-00-00
41479     41725      -1     -1  0000-00-00
41493     41739      -1     -1  0000-00-00
41517     41763      -1     -1  2013-11-06
41525     41771      -1     -1  0000-00-00
41629     41875      -1     -1  0000-00-00
42006     42252      -1     -1  2018-01-01
42016     42262      -1     -1  0000-00-00
42039     42285      -1     -1  1934-12-01
42049     42295      -1     -1  0000-00-00
42063     42309      -1     -1  0000-00-00
42067     42313      -1     -1  1914-01-01
42081     42327      -1     -1  1985-01-01
42089     42335      -1     -1  0000-00-00
42137     42383      -1     -1  2015-01-01
42173     42419      -1     -1  0000-00-00
42370     42616      -1     -1  0000-00-00
42598     42844      -1     -1  2013-02-26
42610     42857      -1     -1  1963-01-01
42642     42889      -1     -1  0000-00-00
42727     42974      -1     -1  1913-01-01
42728     42975      -1     -1  1913-01-01
42762     43009      -1     -1  0000-00-00
42777     43024      -1     -1  0000-00-00
42781     43028      -1     -1  0000-00-00
42814     43061      -1     -1  0000-00-00
42823     43070      -1     -1  0000-00-00
42837     43085      -1     -1  1990-01-01
43044     43292      -1     -1  2013-03-14
43225     43476      -1     -1  0000-00-00
43252     43503      -1     -1  0000-00-00
43263     43514      -1     -1  2014-05-17
43264     43515      -1     -1  2017-01-01
43265     43516      -1     -1  2016-01-01
43266     43517      -1     -1  2016-01-01
43267     43518      -1     -1  2017-01-01
43268     43519      -1     -1  2016-01-01
43269     43520      -1     -1  2011-01-01
43270     43521      -1     -1  2017-01-01
43271     43522      -1     -1  2018-01-01
43272     43523      -1     -1  2014-01-01
43273     43524      -1     -1  2016-01-01
43274     43525      -1     -1  2016-01-01
43275     43526      -1     -1  2016-01-01
43276     43527      -1     -1  2012-01-01
43359     43610      -1     -1  0000-00-00
43411     43662      -1     -1  1968-08-25
43495     43746      -1     -1  1880-01-01
43573     43826      -1     -1  0000-00-00
43574     43827      -1     -1  1935-01-01
43581     43834      -1     -1  0000-00-00
43601     43856      -1     -1  0000-00-00
43605     43860      -1     -1  0000-00-00
43612     43867      -1     -1  0000-00-00
43620     43875      -1     -1  1932-07-01
43638     43893      -1     -1  1939-01-01
43650     43905      -1     -1  0000-00-00
43724     43979      -1     -1  0000-00-00
43766     44021      -1     -1  1980-03-10
43804     44060      -1     -1  1921-01-01
43904     44161      -1     -1  1993-01-01
43913     44170      -1     -1  1906-01-01
43939     44196      -1     -1  1912-01-01
43944     44201      -1     -1  0000-00-00
44020     44278      -1     -1  1904-01-01
44105     44363      -1     -1  0000-00-00
44125     44383      -1     -1  1941-01-01
44127     44385      -1     -1  0000-00-00
44128     44386      -1     -1  1943-01-01
44173     44431      -1     -1  0000-00-00
44306     44564      -1     -1  0000-00-00
44326     44584      -1     -1  0000-00-00
44327     44585      -1     -1  0000-00-00
44353     44611      -1     -1  0000-00-00
44362     44620      -1     -1  1918-01-01
44363     44621      -1     -1  1910-01-01
44364     44622      -1     -1  1929-01-01
44373     44631      -1     -1  1926-01-01
44408     44666      -1     -1  1936-01-01
44440     44698      -1     -1  2014-03-15
44523     44783      -1     -1  1935-01-01
44543     44804      -1     -1  2005-12-23
44567     44828      -1     -1  0000-00-00
44603     44864      -1     -1  1967-01-01
44696     44957      -1     -1  1924-01-01
44724     44985      -1     -1  0000-00-00
44731     44992      -1     -1  1930-01-01
44738     44999      -1     -1  1929-07-03
44759     45020      -1     -1  0000-00-00
44764     45025      -1     -1  0000-00-00
44815     45077      -1     -1  0000-00-00
44817     45079      -1     -1  1935-02-01
44834     45096      -1     -1  0000-00-00
44846     45108      -1     -1  2014-01-01
44856     45118      -1     -1  1959-01-01
44937     45199      -1     -1  0000-00-00
45050     45312      -1     -1  1927-01-01
45075     45337      -1     -1  1901-01-01
45077     45340      -1     -1  0000-00-00
45097     45360      -1     -1  0000-00-00
45100     45363      -1     -1  1930-01-01
45101     45364      -1     -1  1932-01-01
45106     45369      -1     -1  1953-01-01
45111     45374      -1     -1  0000-00-00
45146     45409      -1     -1  1922-01-01
45147     45410      -1     -1  1901-01-01
45158     45421      -1     -1  0000-00-00
45166     45429      -1     -1  1974-04-04
45169     45432      -1     -1  1936-01-01
45275     45539      -1     -1  1963-09-13
45279     45543      -1     -1  0000-00-00
45285     45549      -1     -1  0000-00-00
45352     45616      -1     -1  0000-00-00
45394     45658      -1     -1  0000-00-00
45464     45729      -1     -1  0000-00-00
45500     45765      -1     -1  0000-00-00
45510     45775      -1     -1  1940-01-01
45512     45777      -1     -1  0000-00-00
45519     45784      -1     -1  0000-00-00
45527     45792      -1     -1  0000-00-00
45718     45983      -1     -1  0000-00-00
45720     45986      -1     -1  1943-01-01
45742     46009      -1     -1  1912-01-01
45746     46013      -1     -1  0000-00-00
45785     46052      -1     -1  0000-00-00
45862     46129      -1     -1  0000-00-00
45882     46149      -1     -1  0000-00-00
45907     46179      -1     -1  1921-04-01
46000     46272      -1     -1  0000-00-00
46002     46274      -1     -1  0000-00-00
46005     46277      -1     -1  1970-03-13
46083     46355      -1     -1  2012-01-01
46084     46356      -1     -1  0000-00-00
46504     46776      -1     -1  0000-00-00
46598     46870      -1     -1  1990-11-26
46637     46913      -1     -1  0000-00-00
46674     46950      -1     -1  0000-00-00
46676     46952      -1     -1  0000-00-00
46736     47012      -1     -1  0000-00-00
46751     47027      -1     -1  0000-00-00
46763     47039      -1     -1  1972-01-01
46771     47047      -1     -1  0000-00-00
46821     47097      -1     -1  0000-00-00
46901     47177      -1     -1  1983-06-12
46939     47215      -1     -1  0000-00-00
46982     47258      -1     -1  1971-01-01
47053     47329      -1     -1  1986-11-06
47055     47331      -1     -1  0000-00-00
47177     47453      -1     -1  2014-10-19
47182     47458      -1     -1  0000-00-00
47195     47471      -1     -1  1922-03-01
47298     47575      -1     -1  0000-00-00
47333     47611      -1     -1  1917-01-01
47342     47620      -1     -1  0000-00-00
47357     47635      -1     -1  1981-06-08
47412     47690      -1     -1  0000-00-00
47462     47740      -1     -1  0000-00-00
47475     47753      -1     -1  2018-01-01
47489     47767      -1     -1  0000-00-00
47543     47823      -1     -1  1917-01-01
47544     47824      -1     -1  1894-01-01
47545     47825      -1     -1  1917-01-01
47546     47826      -1     -1  1911-01-01
47550     47830      -1     -1  1918-01-01
47612     47892      -1     -1  0000-00-00
47614     47894      -1     -1  0000-00-00
47698     47978      -1     -1  1939-01-01
47706     47986      -1     -1  0000-00-00
47718     47998      -1     -1  0000-00-00
47845     48125      -1     -1  1903-01-01
47847     48127      -1     -1  0000-00-00
47848     48128      -1     -1  1910-01-01
47849     48129      -1     -1  1903-01-01
47892     48173      -1     -1  0000-00-00
47899     48180      -1     -1  0000-00-00
47900     48181      -1     -1  0000-00-00
47912     48193      -1     -1  0000-00-00
47923     48204      -1     -1  0000-00-00
47924     48205      -1     -1  0000-00-00
47925     48206      -1     -1  1918-01-01
47956     48237      -1     -1  0000-00-00
47973     48254      -1     -1  1927-01-01
47997     48278      -1     -1  0000-00-00
48106     48387      -1     -1  0000-00-00
48108     48389      -1     -1  0000-00-00
48120     48401      -1     -1  0000-00-00
48132     48413      -1     -1  1971-05-04
48147     48428      -1     -1  0000-00-00
48165     48446      -1     -1  0000-00-00
48179     48460      -1     -1  1985-01-01
48259     48540      -1     -1  2004-01-01
48286     48567      -1     -1  1948-01-01
48356     48638      -1     -1  0000-00-00
48473     48755      -1     -1  1974-01-01
48491     48774      -1     -1  1974-09-01
48513     48797      -1     -1  1971-01-01
48517     48801      -1     -1  1973-01-01
48596     48880      -1     -1  0000-00-00
48684     48968      -1     -1  1971-04-04
48781     49065      -1     -1  0000-00-00
48787     49071      -1     -1  2018-01-01
48835     49120      -1     -1  1893-01-01
48842     49128      -1     -1  1904-01-01
48849     49135      -1     -1  1916-01-01
48863     49149      -1     -1  0000-00-00
48871     49157      -1     -1  1959-11-20
48896     49182      -1     -1  2018-02-03
48905     49191      -1     -1  0000-00-00
48906     49192      -1     -1  0000-00-00
48933     49219      -1     -1  0000-00-00
48939     49225      -1     -1  1903-01-01
48941     49227      -1     -1  1896-01-01
48980     49267      -1     -1  1889-01-01
48983     49270      -1     -1  0000-00-00
48990     49277      -1     -1  0000-00-00
49010     49297      -1     -1  0000-00-00
49022     49309      -1     -1  2006-01-01
49031     49318      -1     -1  1942-01-30
49075     49363      -1     -1  1906-01-01
49077     49365      -1     -1  0000-00-00
49085     49373      -1     -1  0000-00-00
49169     49457      -1     -1  0000-00-00
49189     49479      -1     -1  0000-00-00
49277     49569      -1     -1  1950-03-21
49331     49623      -1     -1  0000-00-00
49352     49644      -1     -1  0000-00-00
49369     49662      -1     -1  0000-00-00
49384     49677      -1     -1  0000-00-00
49432     49726      -1     -1  1964-01-01
49437     49731      -1     -1  0000-00-00
49447     49741      -1     -1  0000-00-00
49451     49745      -1     -1  0000-00-00
49461     49755      -1     -1  0000-00-00
49606     49903      -1     -1  0000-00-00
49619     49916      -1     -1  0000-00-00
49629     49926      -1     -1  1992-01-01
49639     49936      -1     -1  1985-01-28
49654     49951      -1     -1  2009-01-01
49673     49971      -1     -1  2009-05-19
49717     50015      -1     -1  2015-03-21
49746     50044      -1     -1  2012-01-01
49838     50136      -1     -1  1975-01-01
49862     50160      -1     -1  0000-00-00
49880     50178      -1     -1  0000-00-00
49884     50182      -1     -1  0000-00-00
49903     50201      -1     -1  2012-01-01
49905     50203      -1     -1  1905-01-01
50034     50334      -1     -1  0000-00-00
50046     50346      -1     -1  1913-01-01
50053     50353      -1     -1  0000-00-00
50156     50456      -1     -1  0000-00-00
50191     50491      -1     -1  0000-00-00
50275     50575      -1     -1  0000-00-00
50698     50999      -1     -1  1961-09-07
50777     51078      -1     -1  0000-00-00
50781     51082      -1     -1  1971-12-07
50861     51162      -1     -1  0000-00-00
50881     51182      -1     -1  0000-00-00
50888     51189      -1     -1  1928-01-01
50918     51219      -1     -1  0000-00-00
50939     51240      -1     -1  1910-01-01
50946     51247      -1     -1  1918-01-01
50951     51252      -1     -1  1927-01-01
50952     51253      -1     -1  1926-01-01
50959     51260      -1     -1  1906-01-01
51148     51451      -1     -1  0000-00-00
51179     51482      -1     -1  1903-01-01
51189     51493      -1     -1  1939-01-01
51190     51494      -1     -1  1898-01-01
51191     51496      -1     -1  1913-01-01
51192     51497      -1     -1  1918-01-01
51193     51498      -1     -1  1908-01-01
51215     51521      -1     -1  1919-07-01
51273     51580      -1     -1  0000-00-00
51295     51602      -1     -1  1913-01-01
51297     51604      -1     -1  1910-01-01
51301     51608      -1     -1  1903-01-01
51304     51611      -1     -1  1923-01-01
51306     51613      -1     -1  1913-01-01
51310     51617      -1     -1  1916-01-01
51311     51618      -1     -1  1919-01-01
51312     51619      -1     -1  1913-01-01
51313     51620      -1     -1  1914-01-01
51314     51621      -1     -1  1901-01-01
51317     51625      -1     -1  1922-01-01
51329     51637      -1     -1  1898-01-01
51332     51640      -1     -1  1909-01-01
51339     51647      -1     -1  1905-01-01
51342     51650      -1     -1  1918-01-01
51345     51653      -1     -1  1918-01-01
51349     51657      -1     -1  1917-01-01
51350     51658      -1     -1  1910-01-01
51351     51659      -1     -1  1909-01-01
51352     51660      -1     -1  1897-01-01
51369     51678      -1     -1  1898-01-01
51374     51683      -1     -1  0000-00-00
51388     51697      -1     -1  1909-01-01
51402     51711      -1     -1  0000-00-00
51407     51716      -1     -1  0000-00-00
51415     51724      -1     -1  0000-00-00
51424     51733      -1     -1  0000-00-00
51428     51737      -1     -1  0000-00-00
51435     51744      -1     -1  0000-00-00
51530     51839      -1     -1  1920-01-01
51532     51841      -1     -1  1923-01-01
51533     51842      -1     -1  1944-01-01
51536     51845      -1     -1  1904-01-01
51538     51847      -1     -1  1921-01-01
51540     51849      -1     -1  1916-01-01
51550     51860      -1     -1  1919-01-01
51553     51863      -1     -1  1907-01-01
51657     51967      -1     -1  1986-07-23
51703     52013      -1     -1  1952-03-04
51817     52127      -1     -1  1960-01-01
51903     52213      -1     -1  0000-00-00
51950     52260      -1     -1  0000-00-00
51955     52265      -1     -1  0000-00-00
51987     52297      -1     -1  0000-00-00
52022     52332      -1     -1  1970-06-17
52031     52341      -1     -1  0000-00-00
52048     52358      -1     -1  0000-00-00
52054     52364      -1     -1  0000-00-00
52080     52390      -1     -1  0000-00-00
52091     52401      -1     -1  1922-01-01
52125     52435      -1     -1  2012-01-01
52210     52520      -1     -1  0000-00-00
52242     52552      -1     -1  1911-01-01
52243     52553      -1     -1  1921-01-01
52257     52567      -1     -1  1898-01-01
52286     52597      -1     -1  0000-00-00
52291     52602      -1     -1  0000-00-00
52292     52603      -1     -1  0000-00-00
52299     52610      -1     -1  1961-01-01
52387     52698      -1     -1  1919-01-01
52390     52701      -1     -1  0000-00-00
52422     52733      -1     -1  1973-01-01
52434     52745      -1     -1  1985-01-20
52435     52746      -1     -1  1985-11-07
52484     52795      -1     -1  1997-06-29
52542     52853      -1     -1  1920-01-01
52546     52857      -1     -1  1898-01-01
52607     52918      -1     -1  0000-00-00
52611     52922      -1     -1  1965-07-14
52626     52937      -1     -1  1902-01-01
52627     52938      -1     -1  1915-01-01
52628     52939      -1     -1  1908-01-01
52632     52943      -1     -1  0000-00-00
52634     52945      -1     -1  1967-01-01
52666     52977      -1     -1  0000-00-00
52672     52983      -1     -1  1918-01-01
52673     52984      -1     -1  1917-01-01
52674     52985      -1     -1  1919-01-01
52681     52992      -1     -1  1916-01-01
52688     53000      -1     -1  1917-01-01
52698     53011      -1     -1  0000-00-00
52701     53014      -1     -1  1898-01-01
52702     53015      -1     -1  0000-00-00
52703     53016      -1     -1  0000-00-00
52754     53067      -1     -1  1969-01-01
52756     53069      -1     -1  0000-00-00
52762     53075      -1     -1  1909-01-01
52775     53088      -1     -1  1967-01-01
52781     53094      -1     -1  1995-02-26
52817     53130      -1     -1  0000-00-00
52821     53134      -1     -1  0000-00-00
52822     53135      -1     -1  2007-09-01
52837     53150      -1     -1  0000-00-00
52845     53159      -1     -1  1929-01-01
52847     53161      -1     -1  0000-00-00
52848     53162      -1     -1  1910-01-01
52849     53163      -1     -1  0000-00-00
52869     53184      -1     -1  0000-00-00
52872     53187      -1     -1  1965-01-01
52913     53229      -1     -1  0000-00-00
52969     53285      -1     -1  1951-01-01
52988     53304      -1     -1  0000-00-00
52992     53308      -1     -1  1922-01-01
53031     53347      -1     -1  1908-01-01
53110     53426      -1     -1  1917-01-01
53134     53450      -1     -1  1895-01-01
53143     53459      -1     -1  0000-00-00
53146     53462      -1     -1  0000-00-00
53156     53472      -1     -1  0000-00-00
53189     53505      -1     -1  1924-01-01
53195     53511      -1     -1  1912-01-01
53204     53521      -1     -1  0000-00-00
53218     53535      -1     -1  0000-00-00
53250     53567      -1     -1  1900-01-02
53272     53589      -1     -1  0000-00-00
53278     53595      -1     -1  0000-00-00
53280     53597      -1     -1  0000-00-00
53334     53651      -1     -1  1919-01-01
53348     53665      -1     -1  1925-01-01
53352     53669      -1     -1  1919-01-01
53363     53680      -1     -1  1930-01-01
53377     53694      -1     -1  0000-00-00
53436     53753      -1     -1  0000-00-00
53472     53789      -1     -1  0000-00-00
53533     53850      -1     -1  0000-00-00
53597     53914      -1     -1  0000-00-00
53598     53915      -1     -1  0000-00-00
53599     53916      -1     -1  0000-00-00
53636     53953      -1     -1  0000-00-00
53824     54142      -1     -1  0000-00-00
53870     54188      -1     -1  0000-00-00
53899     54217      -1     -1  0000-00-00
53911     54229      -1     -1  0000-00-00
53950     54268      -1     -1  0000-00-00
53954     54272      -1     -1  1918-01-01
54007     54329      -1     -1  1916-07-01
54010     54332      -1     -1  2001-03-31
54164     54486      -1     -1  1973-10-27
54222     54544      -1     -1  1895-01-01
54225     54547      -1     -1  1924-01-01
54229     54551      -1     -1  1905-01-01
54241     54564      -1     -1  1927-01-01
54244     54567      -1     -1  0000-00-00
54346     54670      -1     -1  0000-00-00
54405     54729      -1     -1  0000-00-00
54434     54758      -1     -1  0000-00-00
54454     54780      -1     -1  1926-01-01
54461     54787      -1     -1  1971-02-24
54466     54793      -1     -1  0000-00-00
54470     54797      -1     -1  1973-01-01
54471     54798      -1     -1  0000-00-00
54472     54799      -1     -1  1950-01-01
54481     54808      -1     -1  1899-01-01
54485     54812      -1     -1  1929-01-01
54489     54816      -1     -1  1913-01-01
54492     54819      -1     -1  1908-01-01
54497     54826      -1     -1  1926-01-01
54499     54828      -1     -1  1908-01-01
54507     54837      -1     -1  1890-01-01
54611     54941      -1     -1  1960-01-01
54634     54964      -1     -1  0000-00-00
54666     54996      -1     -1  0000-00-00
54698     55028      -1     -1  0000-00-00
54732     55063      -1     -1  1912-07-21
54737     55068      -1     -1  0000-00-00
54743     55074      -1     -1  1968-08-21
54770     55101      -1     -1  0000-00-00
54786     55117      -1     -1  0000-00-00
54794     55125      -1     -1  1983-01-10
55018     55350      -1     -1  1891-01-01
55037     55372      -1     -1  1912-01-01
55038     55373      -1     -1  1893-01-01
55039     55374      -1     -1  1895-01-01
55040     55375      -1     -1  1904-01-01
55041     55376      -1     -1  1889-01-01
55042     55377      -1     -1  1906-01-01
55043     55378      -1     -1  1911-01-01
55044     55379      -1     -1  1891-01-01
55045     55380      -1     -1  1888-01-01
55058     55395      -1     -1  1888-01-01
55062     55402      -1     -1  1901-01-01
55065     55405      -1     -1  1897-02-28
55066     55406      -1     -1  1883-01-01
55073     55413      -1     -1  1895-01-01
55093     55433      -1     -1  1890-01-01
55098     55444      -1     -1  1905-01-01
55099     55445      -1     -1  1915-01-01
55100     55446      -1     -1  1890-01-01
55101     55447      -1     -1  1898-01-01
55102     55448      -1     -1  1895-01-01
55103     55449      -1     -1  1905-01-01
55104     55450      -1     -1  1915-01-01
55105     55458      -1     -1  1913-01-01
55118     55475      -1     -1  0000-00-00
55168     55525      -1     -1  1928-01-01
55239     55596      -1     -1  1900-01-02
55261     55618      -1     -1  0000-00-00
55263     55620      -1     -1  0000-00-00
55264     55621      -1     -1  0000-00-00
55266     55623      -1     -1  0000-00-00
55285     55643      -1     -1  1933-01-01
55286     55644      -1     -1  1928-01-01
55287     55645      -1     -1  1920-01-01
55292     55650      -1     -1  0000-00-00
55293     55651      -1     -1  1925-01-01
55303     55661      -1     -1  1975-01-01
55310     55668      -1     -1  1913-01-01
55316     55674      -1     -1  0000-00-00
55344     55702      -1     -1  1899-01-01
55597     55955      -1     -1  1993-08-12
55666     56024      -1     -1  1906-01-01
55683     56041      -1     -1  1895-01-01
55684     56042      -1     -1  1895-01-01
55685     56043      -1     -1  1896-01-01
55689     56047      -1     -1  1897-01-01
55692     56050      -1     -1  1922-01-01
55696     56054      -1     -1  0000-00-00
55712     56070      -1     -1  2000-01-01
55717     56075      -1     -1  0000-00-00
55728     56086      -1     -1  0000-00-00
55740     56098      -1     -1  0000-00-00
55812     56170      -1     -1  1909-01-01
55841     56199      -1     -1  0000-00-00
55844     56202      -1     -1  0000-00-00
55852     56210      -1     -1  1910-01-01
55860     56218      -1     -1  0000-00-00
55867     56225      -1     -1  0000-00-00
55868     56226      -1     -1  0000-00-00
55870     56228      -1     -1  0000-00-00
55878     56236      -1     -1  1962-09-05
55910     56268      -1     -1  1906-01-01
56002     56360      -1     -1  0000-00-00
56003     56361      -1     -1  0000-00-00
56009     56367      -1     -1  1902-01-01
56040     56398      -1     -1  0000-00-00
56083     56441      -1     -1  0000-00-00
56109     56467      -1     -1  0000-00-00
56142     56500      -1     -1  1993-01-23
56152     56510      -1     -1  1993-01-23
56209     56567      -1     -1  1995-05-16
56251     56609      -1     -1  1958-05-25
56324     56682      -1     -1  1975-01-01
56339     56698      -1     -1  1908-01-01
56560     56922      -1     -1  0000-00-00
56609     56974      -1     -1  2005-08-08
56617     56982      -1     -1  1897-01-01
56679     57044      -1     -1  1933-01-01
56682     57047      -1     -1  1909-01-01
56686     57051      -1     -1  1895-01-01
56688     57053      -1     -1  2016-03-22
56804     57169      -1     -1  0000-00-00
56818     57183      -1     -1  1986-01-01
56823     57188      -1     -1  1900-01-01
56829     57194      -1     -1  1947-12-20
56856     57221      -1     -1  1913-01-01
56858     57223      -1     -1  1934-01-01
56860     57225      -1     -1  0000-00-00
56861     57226      -1     -1  0000-00-00
56881     57246      -1     -1  1899-01-01
56882     57248      -1     -1  1889-01-01
56883     57249      -1     -1  1911-01-01
56896     57263      -1     -1  1922-01-01
56899     57266      -1     -1  1885-01-01
56903     57270      -1     -1  1901-01-01
56916     57283      -1     -1  0000-00-00
56983     57350      -1     -1  0000-00-00
56992     57359      -1     -1  1909-01-01
57197     57564      -1     -1  0000-00-00
57210     57577      -1     -1  1932-01-01
57214     57581      -1     -1  1910-01-01
57218     57585      -1     -1  0000-00-00
57221     57588      -1     -1  1903-01-01
57230     57597      -1     -1  1892-01-01
57233     57600      -1     -1  1922-01-01
57262     57630      -1     -1  1956-05-31
57268     57636      -1     -1  1904-01-01
57273     57641      -1     -1  1888-01-01
57276     57644      -1     -1  1905-01-01
57301     57669      -1     -1  1925-01-01
57310     57678      -1     -1  0000-00-00
57341     57709      -1     -1  1917-01-01
57342     57710      -1     -1  1922-01-01
57352     57721      -1     -1  1963-01-01
57366     57735      -1     -1  1895-01-01
57477     57846      -1     -1  0000-00-00
57487     57856      -1     -1  1927-01-01
57499     57868      -1     -1  0000-00-00
57525     57895      -1     -1  1904-01-01
57552     57925      -1     -1  1931-01-01
57553     57927      -1     -1  1918-01-01
57555     57930      -1     -1  1926-01-01
57556     57933      -1     -1  1920-01-01
57557     57935      -1     -1  1912-01-01
57558     57936      -1     -1  1918-01-01
57559     57937      -1     -1  1913-01-01
57562     57940      -1     -1  1903-01-01
57563     57941      -1     -1  1911-01-01
57564     57942      -1     -1  1896-01-01
57573     57956      -1     -1  1922-01-01
57604     57987      -1     -1  1900-01-01
57718     58101      -1     -1  1917-01-01
57734     58117      -1     -1  1912-01-01
57735     58118      -1     -1  1903-01-01
57736     58119      -1     -1  1915-01-01
57738     58121      -1     -1  1908-01-01
57743     58127      -1     -1  1924-01-01
57744     58128      -1     -1  1918-01-01
57745     58130      -1     -1  1920-01-01
57747     58132      -1     -1  1921-01-01
57749     58134      -1     -1  1922-01-01
57752     58137      -1     -1  1925-01-01
57754     58139      -1     -1  1927-01-01
57756     58141      -1     -1  1922-01-01
57757     58143      -1     -1  1917-01-01
57758     58144      -1     -1  1929-01-01
57759     58145      -1     -1  1921-01-01
57760     58146      -1     -1  1928-01-01
57761     58147      -1     -1  1927-01-01
57762     58148      -1     -1  1923-01-01
57764     58151      -1     -1  1924-01-01
57765     58152      -1     -1  1919-01-01
57766     58153      -1     -1  1921-01-01
57768     58155      -1     -1  1914-01-01
57769     58156      -1     -1  1911-01-01
57770     58157      -1     -1  1918-01-01
57772     58159      -1     -1  1905-01-01
57776     58163      -1     -1  1917-01-01
57778     58165      -1     -1  1911-01-01
57779     58166      -1     -1  1918-01-01
57780     58167      -1     -1  1915-01-01
57781     58168      -1     -1  1917-01-01
57782     58169      -1     -1  1914-01-01
57783     58170      -1     -1  1928-01-01
57784     58171      -1     -1  1917-01-01
57785     58172      -1     -1  1919-01-01
57787     58174      -1     -1  1917-01-01
57788     58175      -1     -1  1907-01-01
57789     58176      -1     -1  1927-01-01
57791     58178      -1     -1  1910-01-01
57792     58179      -1     -1  1901-01-01
57793     58180      -1     -1  1925-01-01
57795     58182      -1     -1  1915-01-01
57796     58183      -1     -1  1918-01-01
57797     58184      -1     -1  1915-01-01
57800     58187      -1     -1  1918-01-01
57804     58192      -1     -1  1914-01-01
57805     58193      -1     -1  1918-01-01
57806     58194      -1     -1  1916-01-01
57807     58196      -1     -1  1927-01-01
57808     58197      -1     -1  1916-01-01
57809     58198      -1     -1  1940-01-01
57810     58199      -1     -1  1924-01-01
57811     58200      -1     -1  1919-01-01
57813     58202      -1     -1  1922-01-01
57814     58203      -1     -1  1926-01-01
57815     58204      -1     -1  1918-01-01
57817     58208      -1     -1  1924-01-01
57821     58212      -1     -1  1911-01-01
57826     58217      -1     -1  1920-01-01
57838     58231      -1     -1  1916-01-01
57842     58236      -1     -1  1918-01-01
57848     58243      -1     -1  1917-12-17
57855     58250      -1     -1  1969-01-01
57867     58262      -1     -1  1908-01-01
57888     58283      -1     -1  1888-01-01
57894     58289      -1     -1  1885-01-01
57895     58290      -1     -1  1889-01-01
57902     58299      -1     -1  1920-01-01
57907     58305      -1     -1  1919-01-01
57909     58309      -1     -1  1889-01-01
57911     58311      -1     -1  1916-01-01
57912     58312      -1     -1  1895-01-01
57913     58313      -1     -1  1909-01-01
57914     58314      -1     -1  1895-01-01
57915     58315      -1     -1  1906-01-01
57916     58316      -1     -1  1892-01-01
57917     58317      -1     -1  1918-01-01
57918     58318      -1     -1  1897-01-01
57919     58319      -1     -1  1886-01-01
57920     58320      -1     -1  1898-01-01
57922     58322      -1     -1  1894-01-01
57924     58324      -1     -1  1918-01-01
57926     58326      -1     -1  1892-01-01
57927     58327      -1     -1  1894-01-01
57928     58328      -1     -1  1891-01-01
57929     58329      -1     -1  1898-01-01
57932     58332      -1     -1  1924-01-01
57933     58333      -1     -1  1899-01-01
57934     58334      -1     -1  1916-01-01
57938     58341      -1     -1  1975-01-01
57939     58342      -1     -1  1887-01-01
57940     58348      -1     -1  1933-04-01
57948     58356      -1     -1  1925-01-01
57957     58368      -1     -1  1920-01-01
57961     58372      -1     -1  1948-01-01
57972     58384      -1     -1  1906-01-01
57973     58385      -1     -1  1931-01-01
57977     58389      -1     -1  0000-00-00
57986     58398      -1     -1  0000-00-00
57987     58400      -1     -1  1893-01-01
57988     58401      -1     -1  1895-01-01
57990     58403      -1     -1  1898-01-01
57991     58404      -1     -1  1914-01-01
57992     58405      -1     -1  1916-01-01
57995     58409      -1     -1  1884-01-01
57996     58410      -1     -1  1897-01-01
58003     58419      -1     -1  1895-01-01
58004     58420      -1     -1  1904-01-01
58006     58423      -1     -1  1889-01-01
58008     58425      -1     -1  1897-01-01
58013     58430      -1     -1  1904-01-01
58014     58431      -1     -1  1904-01-01
58016     58433      -1     -1  1915-01-01
58018     58435      -1     -1  1895-01-01
58019     58436      -1     -1  1895-01-01
58020     58437      -1     -1  1897-01-01
58021     58438      -1     -1  1883-01-01
58023     58440      -1     -1  1914-01-01
58025     58442      -1     -1  1893-01-01
58026     58443      -1     -1  1893-01-01
58027     58444      -1     -1  1896-01-01
58028     58445      -1     -1  1891-01-01
58031     58449      -1     -1  1906-01-01
58034     58453      -1     -1  1918-01-01
58035     58454      -1     -1  1912-01-01
58036     58455      -1     -1  1893-01-01
58037     58456      -1     -1  1887-01-01
58039     58458      -1     -1  1903-01-01
58043     58463      -1     -1  1925-01-01
58045     58466      -1     -1  1925-01-01
58046     58467      -1     -1  1921-01-01
58049     58473      -1     -1  1894-01-01
58051     58476      -1     -1  1925-01-01
58052     58478      -1     -1  1884-01-01
58053     58479      -1     -1  1896-03-01
58076     58503      -1     -1  1928-01-01
58092     58519      -1     -1  1929-01-01
58095     58522      -1     -1  2015-01-01
58130     58557      -1     -1  0000-00-00
58155     58582      -1     -1  0000-00-00
58170     58597      -1     -1  0000-00-00
58185     58612      -1     -1  1913-01-01
58186     58613      -1     -1  1913-01-01
58187     58614      -1     -1  1885-01-01
58191     58618      -1     -1  1896-01-01
58197     58624      -1     -1  0000-00-00
58249     58676      -1     -1  1904-01-01
58252     58679      -1     -1  1910-01-01
58434     58861      -1     -1  1920-01-01
58443     58870      -1     -1  0000-00-00
58519     58946      -1     -1  1973-07-14
58528     58955      -1     -1  1987-05-06
58588     59015      -1     -1  1987-08-14
58589     59016      -1     -1  1991-02-20
58608     59035      -1     -1  1986-05-14
58627     59054      -1     -1  1996-06-06
58654     59081      -1     -1  1988-01-22
58739     59166      -1     -1  1987-07-01
58798     59225      -1     -1  1971-04-25
58994     59421      -1     -1  0000-00-00
59014     59443      -1     -1  1900-01-01
59015     59444      -1     -1  1907-01-01
59021     59450      -1     -1  1995-08-12
59026     59455      -1     -1  2002-01-01
59049     59478      -1     -1  1922-01-01
59051     59480      -1     -1  1921-01-01
59052     59481      -1     -1  1921-01-01
59054     59483      -1     -1  1943-01-01
59062     59491      -1     -1  0000-00-00
59063     59492      -1     -1  1927-01-01
59069     59498      -1     -1  1921-01-01
59073     59502      -1     -1  1940-01-01
59082     59511      -1     -1  1925-01-01
59088     59517      -1     -1  2011-01-01
59136     59565      -1     -1  1920-01-01
59139     59568      -1     -1  0000-00-00
59153     59582      -1     -1  0000-00-00
59162     59591      -1     -1  1904-01-01
59196     59626      -1     -1  0000-00-00
59201     59631      -1     -1  0000-00-00
59327     59757      -1     -1  0000-00-00
59347     59777      -1     -1  0000-00-00
59359     59789      -1     -1  1923-01-01
59376     59806      -1     -1  1911-01-01
59391     59821      -1     -1  0000-00-00
59401     59831      -1     -1  0000-00-00
59440     59870      -1     -1  1921-01-01
59472     59902      -1     -1  1900-01-01
59477     59907      -1     -1  1945-01-01
59499     59929      -1     -1  0000-00-00
59507     59937      -1     -1  0000-00-00
59508     59938      -1     -1  1904-01-01
59509     59939      -1     -1  0000-00-00
59510     59940      -1     -1  1903-01-01
59511     59941      -1     -1  1906-01-01
59559     59989      -1     -1  0000-00-00
59561     59991      -1     -1  2003-01-01
59566     59996      -1     -1  1904-01-01
59654     60084      -1     -1  0000-00-00
59661     60091      -1     -1  0000-00-00
59668     60098      -1     -1  0000-00-00
59753     60183      -1     -1  1904-01-01
59755     60185      -1     -1  1903-01-01
59758     60189      -1     -1  1905-01-01
59761     60192      -1     -1  1893-01-01
59763     60194      -1     -1  1887-01-01
59769     60201      -1     -1  1892-01-01
59781     60214      -1     -1  1907-01-01
59784     60217      -1     -1  1919-01-01
59786     60219      -1     -1  1920-01-01
59796     60229      -1     -1  1919-01-01
59798     60231      -1     -1  1900-01-02
59799     60232      -1     -1  1898-01-01
59801     60235      -1     -1  2016-02-28
59802     60236      -1     -1  1926-01-01
59805     60239      -1     -1  1916-01-01
59809     60243      -1     -1  1972-01-01
59816     60250      -1     -1  0000-00-00
59818     60252      -1     -1  1974-11-03
59844     60278      -1     -1  1972-01-01
59860     60295      -1     -1  0000-00-00
59862     60297      -1     -1  1919-01-01
59863     60298      -1     -1  1959-08-18
59867     60302      -1     -1  1898-01-01
59878     60313      -1     -1  1921-01-01
59881     60316      -1     -1  1900-01-01
59900     60335      -1     -1  2001-06-06
59944     60379      -1     -1  1970-01-01
59948     60385      -1     -1  1963-01-01
59956     60393      -1     -1  2001-01-01
59975     60412      -1     -1  0000-00-00
60016     60453      -1     -1  1921-01-01
60038     60475      -1     -1  1919-04-08
60039     60476      -1     -1  1918-01-01
60050     60487      -1     -1  1992-11-24
60059     60497      -1     -1  1927-01-01
60121     60559      -1     -1  0000-00-00
60131     60569      -1     -1  1895-01-01
60134     60572      -1     -1  1927-01-01
60137     60575      -1     -1  1913-01-01
60339     60777      -1     -1  1917-01-01
60355     60793      -1     -1  1958-06-07
60358     60796      -1     -1  2002-01-01
60372     60810      -1     -1  1998-11-28
60373     60811      -1     -1  1980-02-25
60390     60828      -1     -1  0000-00-00
60399     60837      -1     -1  2002-01-01
60432     60870      -1     -1  1890-01-01
60448     60886      -1     -1  1907-01-01
60460     60898      -1     -1  0000-00-00
60489     60927      -1     -1  0000-00-00
60495     60933      -1     -1  0000-00-00
60507     60945      -1     -1  2010-12-18
60509     60947      -1     -1  1990-01-01
60511     60949      -1     -1  0000-00-00
60524     60962      -1     -1  0000-00-00
60533     60971      -1     -1  2010-12-17
60539     60977      -1     -1  0000-00-00
60555     60993      -1     -1  0000-00-00
60616     61056      -1     -1  0000-00-00
60625     61065      -1     -1  1936-03-15
60661     61101      -1     -1  1925-01-01
60665     61105      -1     -1  1911-01-01
61047     61487      -1     -1  1918-01-01
61074     61514      -1     -1  0000-00-00
61081     61521      -1     -1  1947-12-20
61111     61552      -1     -1  0000-00-00
61112     61553      -1     -1  0000-00-00
61132     61573      -1     -1  1931-01-01
61252     61693      -1     -1  0000-00-00
61274     61715      -1     -1  2008-01-01
61411     61856      -1     -1  0000-00-00
61413     61858      -1     -1  0000-00-00
61449     61895      -1     -1  1909-01-01
61554     62001      -1     -1  0000-00-00
61557     62005      -1     -1  1918-01-01
61558     62006      -1     -1  1921-01-01
61560     62008      -1     -1  1900-01-02
61563     62011      -1     -1  1913-01-01
61564     62012      -1     -1  1906-01-01
61615     62065      -1     -1  1926-01-01
61635     62085      -1     -1  1897-01-01
61644     62095      -1     -1  1916-01-01
61647     62098      -1     -1  0000-00-00
61649     62100      -1     -1  0000-00-00
61650     62101      -1     -1  2013-07-27
61673     62124      -1     -1  1911-01-01
61681     62133      -1     -1  1899-01-01
61724     62176      -1     -1  1897-01-01
61725     62177      -1     -1  1941-01-01
61756     62208      -1     -1  0000-00-00
61851     62303      -1     -1  0000-00-00
61906     62358      -1     -1  0000-00-00
62012     62467      -1     -1  1962-06-17
62080     62536      -1     -1  2017-04-17
62108     62564      -1     -1  0000-00-00
62156     62612      -1     -1  1921-01-01
62193     62649      -1     -1  0000-00-00
62318     62774      -1     -1  1919-01-01
62512     62968      -1     -1  1909-01-01
62521     62977      -1     -1  1919-01-01
62524     62980      -1     -1  1891-01-01
62532     62988      -1     -1  1895-01-01
62570     63026      -1     -1  1922-01-01
62588     63044      -1     -1  1975-01-01
62637     63093      -1     -1  0000-00-00
62646     63102      -1     -1  0000-00-00
62680     63136      -1     -1  1962-03-21
62720     63176      -1     -1  0000-00-00
62964     63422      -1     -1  0000-00-00
62965     63423      -1     -1  1979-01-01
62981     63439      -1     -1  1912-01-01
62985     63443      -1     -1  0000-00-00
63008     63467      -1     -1  0000-00-00
63020     63479      -1     -1  1921-01-01
63046     63505      -1     -1  1898-01-01
63093     63552      -1     -1  1997-06-30
63166     63625      -1     -1  1994-12-11
63171     63630      -1     -1  0000-00-00
63245     63704      -1     -1  1922-01-01
63259     63718      -1     -1  0000-00-00
63288     63747      -1     -1  0000-00-00
63290     63749      -1     -1  0000-00-00
63332     63791      -1     -1  0000-00-00
63333     63792      -1     -1  0000-00-00
63397     63856      -1     -1  0000-00-00
63414     63873      -1     -1  0000-00-00
63454     63913      -1     -1  1917-01-01
63615     64075      -1     -1  1988-11-11
63770     64231      -1     -1  2001-08-29
63805     64266      -1     -1  0000-00-00
63836     64297      -1     -1  0000-00-00
63869     64331      -1     -1  0000-00-00
63970     64432      -1     -1  0000-00-00
63981     64443      -1     -1  0000-00-00
63998     64460      -1     -1  0000-00-00
64038     64500      -1     -1  1966-01-01
64040     64502      -1     -1  1966-01-01
64044     64506      -1     -1  1964-01-01
64047     64509      -1     -1  0000-00-00
64058     64520      -1     -1  0000-00-00
64061     64523      -1     -1  0000-00-00
64112     64574      -1     -1  0000-00-00
64120     64582      -1     -1  0000-00-00
64128     64590      -1     -1  1964-01-01
64238     64701      -1     -1  0000-00-00
64239     64702      -1     -1  1909-01-01
64497     64961      -1     -1  0000-00-00
64498     64962      -1     -1  0000-00-00
64522     64987      -1     -1  0000-00-00
64524     64989      -1     -1  0000-00-00
64525     64990      -1     -1  0000-00-00
64530     64995      -1     -1  0000-00-00
64531     64996      -1     -1  0000-00-00
64544     65009      -1     -1  0000-00-00
64703     65168      -1     -1  0000-00-00
64704     65169      -1     -1  1898-01-01
64753     65219      -1     -1  1912-01-01
64757     65223      -1     -1  1908-01-01
64758     65224      -1     -1  1899-01-01
64764     65230      -1     -1  1899-01-01
64772     65238      -1     -1  0000-00-00
64799     65265      -1     -1  1965-03-01
64858     65324      -1     -1  0000-00-00
64881     65347      -1     -1  0000-00-00
64938     65404      -1     -1  1913-01-01
64939     65405      -1     -1  1921-01-01
64996     65462      -1     -1  0000-00-00
65169     65637      -1     -1  0000-00-00
65175     65643      -1     -1  1898-01-01
65199     65667      -1     -1  0000-00-00
65235     65703      -1     -1  0000-00-00
65348     65819      -1     -1  0000-00-00
65384     65855      -1     -1  0000-00-00
65440     65912      -1     -1  0000-00-00
65570     66042      -1     -1  0000-00-00
65652     66124      -1     -1  1961-01-01
65811     66284      -1     -1  0000-00-00
65938     66411      -1     -1  1902-01-01
65940     66413      -1     -1  1906-01-01
65967     66440      -1     -1  2001-01-01
66060     66535      -1     -1  1925-01-01
66068     66543      -1     -1  0000-00-00
66118     66594      -1     -1  0000-00-00
66145     66621      -1     -1  0000-00-00
66265     66741      -1     -1  0000-00-00
66356     66833      -1     -1  0000-00-00
66357     66834      -1     -1  0000-00-00
66370     66847      -1     -1  1970-01-01
66422     66899      -1     -1  1926-01-01
66423     66900      -1     -1  1967-01-01
66434     66911      -1     -1  0000-00-00
66435     66912      -1     -1  0000-00-00
66441     66918      -1     -1  0000-00-00
66446     66923      -1     -1  2017-12-20
66454     66931      -1     -1  0000-00-00
66472     66949      -1     -1  0000-00-00
66473     66950      -1     -1  0000-00-00
66524     67003      -1     -1  1910-01-01
66548     67027      -1     -1  0000-00-00
66790     67269      -1     -1  0000-00-00
66792     67271      -1     -1  0000-00-00
66794     67273      -1     -1  1908-01-01
66798     67277      -1     -1  0000-00-00
66804     67283      -1     -1  0000-00-00
66825     67304      -1     -1  1965-01-01
66831     67310      -1     -1  0000-00-00
66847     67326      -1     -1  0000-00-00
66863     67342      -1     -1  0000-00-00
66871     67350      -1     -1  0000-00-00
66881     67360      -1     -1  0000-00-00
66894     67373      -1     -1  1940-01-01
66895     67374      -1     -1  1927-01-01
66903     67382      -1     -1  0000-00-00
66907     67386      -1     -1  0000-00-00
66912     67391      -1     -1  0000-00-00
66942     67421      -1     -1  0000-00-00
66992     67472      -1     -1  0000-00-00
67021     67501      -1     -1  0000-00-00
67037     67517      -1     -1  1912-01-01
67069     67549      -1     -1  0000-00-00
67115     67595      -1     -1  1961-03-11
67116     67596      -1     -1  1935-01-01
67123     67603      -1     -1  1924-01-01
67140     67620      -1     -1  1917-01-01
67180     67661      -1     -1  1905-01-01
67186     67667      -1     -1  0000-00-00
67187     67668      -1     -1  0000-00-00
67198     67679      -1     -1  0000-00-00
67217     67698      -1     -1  1911-06-21
67226     67707      -1     -1  1948-01-01
67266     67747      -1     -1  0000-00-00
67315     67796      -1     -1  0000-00-00
67339     67820      -1     -1  1964-05-01
67350     67831      -1     -1  1962-01-01
67355     67836      -1     -1  0000-00-00
67373     67855      -1     -1  0000-00-00
67377     67859      -1     -1  1943-01-01
67384     67866      -1     -1  1944-01-01
67388     67870      -1     -1  1943-01-01
67446     67928      -1     -1  2013-02-23
67490     67972      -1     -1  1966-05-06
67512     67994      -1     -1  1964-05-03
67537     68019      -1     -1  0000-00-00
67586     68068      -1     -1  1966-06-01
67625     68107      -1     -1  0000-00-00
67644     68126      -1     -1  1993-07-04
67650     68132      -1     -1  1991-10-11
67665     68147      -1     -1  0000-00-00
67689     68171      -1     -1  0000-00-00
67694     68176      -1     -1  2011-01-01
67697     68179      -1     -1  1969-01-01
67701     68183      -1     -1  1913-01-01
67755     68237      -1     -1  2014-08-09
67760     68242      -1     -1  0000-00-00
67761     68243      -1     -1  0000-00-00
67766     68248      -1     -1  0000-00-00
67792     68274      -1     -1  0000-00-00
67799     68281      -1     -1  0000-00-00
67818     68300      -1     -1  1925-01-01
67840     68322      -1     -1  1964-12-10
67846     68328      -1     -1  1963-03-05
67893     68375      -1     -1  2006-09-09
67906     68389      -1     -1  0000-00-00
67921     68404      -1     -1  0000-00-00
67957     68440      -1     -1  1878-01-01
68081     68564      -1     -1  1934-05-01
68092     68575      -1     -1  1908-01-01
68097     68580      -1     -1  1953-01-01
68099     68582      -1     -1  1925-01-01
68113     68596      -1     -1  1926-01-01
68116     68599      -1     -1  1920-01-01
68150     68635      -1     -1  1918-01-01
68161     68647      -1     -1  0000-00-00
68167     68653      -1     -1  1937-01-01
68192     68678      -1     -1  0000-00-00
68201     68687      -1     -1  0000-00-00
68325     68811      -1     -1  1940-01-01
68377     68863      -1     -1  1991-06-16
68427     68914      -1     -1  0000-00-00
68483     68970      -1     -1  1944-01-01
68503     68990      -1     -1  1913-01-01
68530     69017      -1     -1  1950-01-01
68532     69019      -1     -1  1918-01-01
68535     69022      -1     -1  1907-01-01
68554     69041      -1     -1  1917-01-01
68555     69042      -1     -1  1904-01-01
68557     69044      -1     -1  1899-01-01
68560     69047      -1     -1  1898-01-01
68564     69051      -1     -1  1923-01-01
68566     69053      -1     -1  1905-01-01
68568     69055      -1     -1  1905-01-01
68570     69057      -1     -1  1931-01-01
68610     69098      -1     -1  2010-05-12
68858     69346      -1     -1  0000-00-00
68860     69348      -1     -1  0000-00-00
68868     69356      -1     -1  1892-01-01
68872     69360      -1     -1  1897-01-01
68911     69399      -1     -1  0000-00-00
68921     69409      -1     -1  0000-00-00
68950     69438      -1     -1  2007-10-26
69046     69535      -1     -1  1967-01-01
69070     69560      -1     -1  0000-00-00
69075     69567      -1     -1  0000-00-00
69080     69572      -1     -1  0000-00-00
69081     69573      -1     -1  0000-00-00
69083     69575      -1     -1  0000-00-00
69085     69577      -1     -1  0000-00-00
69089     69581      -1     -1  0000-00-00
69090     69582      -1     -1  0000-00-00
69094     69586      -1     -1  0000-00-00
69096     69588      -1     -1  0000-00-00
69119     69611      -1     -1  1916-01-01
69130     69622      -1     -1  0000-00-00
69142     69634      -1     -1  0000-00-00
69143     69635      -1     -1  1906-01-01
69169     69661      -1     -1  0000-00-00
69174     69666      -1     -1  1920-01-01
69192     69684      -1     -1  1897-01-01
69286     69778      -1     -1  1919-01-01
69291     69784      -1     -1  1923-01-01
69294     69787      -1     -1  1924-01-01
69297     69790      -1     -1  1912-01-01
69301     69794      -1     -1  1900-01-02
69302     69795      -1     -1  1917-01-01
69303     69796      -1     -1  1909-01-01
69304     69797      -1     -1  1931-01-01
69330     69826      -1     -1  1913-01-01
69340     69838      -1     -1  0000-00-00
69353     69851      -1     -1  0000-00-00
69356     69854      -1     -1  0000-00-00
69358     69856      -1     -1  0000-00-00
69369     69867      -1     -1  0000-00-00
69379     69877      -1     -1  0000-00-00
69447     69945      -1     -1  1901-01-01
69466     69965      -1     -1  2002-01-01
69467     69966      -1     -1  2002-01-01
69483     69982      -1     -1  0000-00-00
69569     70068      -1     -1  0000-00-00
69582     70081      -1     -1  0000-00-00
69599     70098      -1     -1  1925-01-01
69604     70103      -1     -1  0000-00-00
69609     70108      -1     -1  0000-00-00
69625     70124      -1     -1  0000-00-00
69636     70135      -1     -1  0000-00-00
69679     70179      -1     -1  1923-06-01
69681     70181      -1     -1  1918-01-01
69693     70194      -1     -1  0000-00-00
69712     70213      -1     -1  1934-01-01
69728     70229      -1     -1  0000-00-00
69729     70230      -1     -1  0000-00-00
69742     70243      -1     -1  0000-00-00
69771     70272      -1     -1  0000-00-00
69777     70278      -1     -1  0000-00-00
69781     70282      -1     -1  0000-00-00
69891     70392      -1     -1  0000-00-00
69959     70460      -1     -1  0000-00-00
69960     70461      -1     -1  1909-01-01
69962     70463      -1     -1  1913-01-01
69972     70474      -1     -1  1926-01-01
69979     70481      -1     -1  1925-01-01
69988     70490      -1     -1  1919-01-01
69992     70494      -1     -1  1925-01-01
69996     70499      -1     -1  1907-01-01
69997     70500      -1     -1  1886-01-01
69999     70502      -1     -1  1925-01-01
70073     70577      -1     -1  0000-00-00
70074     70578      -1     -1  0000-00-00
70086     70590      -1     -1  0000-00-00
70090     70594      -1     -1  0000-00-00
70120     70624      -1     -1  0000-00-00
70131     70635      -1     -1  1998-01-01
70140     70644      -1     -1  0000-00-00
70173     70677      -1     -1  1912-01-01
70200     70705      -1     -1  1922-01-01
70205     70710      -1     -1  1895-03-01
70233     70738      -1     -1  0000-00-00
70240     70745      -1     -1  0000-00-00
70250     70755      -1     -1  2003-01-01
70251     70756      -1     -1  1920-01-01
70254     70759      -1     -1  1895-03-01
70258     70763      -1     -1  0000-00-00
70269     70774      -1     -1  0000-00-00
70294     70799      -1     -1  0000-00-00
70311     70816      -1     -1  0000-00-00
70325     70830      -1     -1  0000-00-00
70338     70843      -1     -1  1943-01-01
70354     70860      -1     -1  0000-00-00
70420     70926      -1     -1  0000-00-00
70520     71027      -1     -1  0000-00-00
70543     71050      -1     -1  1912-01-01
70544     71051      -1     -1  1916-01-01
70545     71052      -1     -1  1906-01-01
70590     71097      -1     -1  1901-01-01
70707     71214      -1     -1  0000-00-00
70710     71217      -1     -1  1966-01-01
70724     71231      -1     -1  0000-00-00
70833     71340      -1     -1  1958-01-01
70878     71385      -1     -1  0000-00-00
70883     71390      -1     -1  1963-08-18
70886     71393      -1     -1  1967-01-01
70895     71402      -1     -1  0000-00-00
70900     71407      -1     -1  0000-00-00
71022     71533      -1     -1  1970-01-01
71023     71534      -1     -1  1973-01-01
71030     71541      -1     -1  0000-00-00
71033     71544      -1     -1  1916-01-01
71034     71545      -1     -1  1918-01-01
71037     71548      -1     -1  1893-01-01
71067     71578      -1     -1  0000-00-00
71099     71611      -1     -1  0000-00-00
71103     71616      -1     -1  0000-00-00
71140     71653      -1     -1  0000-00-00
71175     71689      -1     -1  0000-00-00
71216     71730      -1     -1  0000-00-00
71219     71733      -1     -1  1944-01-01
71229     71743      -1     -1  0000-00-00
71273     71787      -1     -1  0000-00-00
71285     71799      -1     -1  0000-00-00
71365     71879      -1     -1  0000-00-00
71403     71917      -1     -1  0000-00-00
71475     71989      -1     -1  1930-01-01
71478     71992      -1     -1  2017-01-01
71482     71996      -1     -1  1961-01-01
71501     72015      -1     -1  1931-01-01
71563     72077      -1     -1  0000-00-00
71566     72080      -1     -1  0000-00-00
71778     72292      -1     -1  0000-00-00
71793     72307      -1     -1  0000-00-00
71904     72418      -1     -1  0000-00-00
71907     72421      -1     -1  0000-00-00
72014     72528      -1     -1  1981-01-04
72061     72575      -1     -1  0000-00-00
72087     72601      -1     -1  0000-00-00
72167     72681      -1     -1  0000-00-00
72173     72687      -1     -1  0000-00-00
72191     72705      -1     -1  0000-00-00
72208     72722      -1     -1  0000-00-00
72234     72748      -1     -1  1962-05-30
72242     72756      -1     -1  1966-01-01
72290     72805      -1     -1  0000-00-00
72291     72806      -1     -1  0000-00-00
72331     72846      -1     -1  1909-01-01
72339     72854      -1     -1  0000-00-00
72414     72931      -1     -1  0000-00-00
72467     72984      -1     -1  1978-01-01
72652     73169      -1     -1  0000-00-00
72657     73174      -1     -1  1911-01-01
72661     73178      -1     -1  1962-01-01
72721     73238      -1     -1  0000-00-00
72740     73257      -1     -1  0000-00-00
72834     73351      -1     -1  1913-01-01
72839     73356      -1     -1  1922-01-01
72879     73397      -1     -1  0000-00-00
72895     73413      -1     -1  1905-01-01
72985     73503      -1     -1  0000-00-00
72988     73506      -1     -1  0000-00-00
72989     73507      -1     -1  0000-00-00
72993     73511      -1     -1  0000-00-00
73067     73585      -1     -1  1972-01-01
73103     73621      -1     -1  2007-11-20
73124     73642      -1     -1  0000-00-00
73262     73780      -1     -1  0000-00-00
73265     73783      -1     -1  1931-01-01
73280     73798      -1     -1  0000-00-00
73324     73842      -1     -1  0000-00-00
73340     73858      -1     -1  1996-01-23
73355     73873      -1     -1  0000-00-00
73358     73876      -1     -1  2015-01-01
73359     73877      -1     -1  2015-01-01
73497     74015      -1     -1  1977-01-01
73517     74035      -1     -1  0000-00-00
73526     74044      -1     -1  0000-00-00
73527     74045      -1     -1  0000-00-00
73535     74053      -1     -1  0000-00-00
73565     74083      -1     -1  0000-00-00
73599     74117      -1     -1  1919-01-01
73601     74120      -1     -1  1921-01-01
73634     74153      -1     -1  0000-00-00
73681     74200      -1     -1  1899-02-01
73687     74206      -1     -1  1922-01-01
73692     74212      -1     -1  1930-01-01
73695     74215      -1     -1  1917-01-01
73696     74216      -1     -1  1915-01-01
73697     74217      -1     -1  1894-01-01
73702     74222      -1     -1  1907-01-01
73706     74226      -1     -1  1919-01-01
73707     74227      -1     -1  1904-01-01
73709     74229      -1     -1  1920-01-01
73712     74232      -1     -1  1972-01-01
73714     74234      -1     -1  1906-01-01
73715     74235      -1     -1  1921-01-01
73716     74236      -1     -1  0000-00-00
73720     74240      -1     -1  1924-01-01
73725     74245      -1     -1  1879-01-01
73726     74246      -1     -1  1944-01-01
73732     74252      -1     -1  1913-01-01
73752     74273      -1     -1  1889-01-01
73831     74353      -1     -1  1903-01-01
73866     74389      -1     -1  1988-01-10
73876     74399      -1     -1  1988-11-04
74062     74585      -1     -1  1930-01-01
74069     74592      -1     -1  0000-00-00
74081     74604      -1     -1  1911-01-01
74082     74605      -1     -1  1918-01-01
74083     74606      -1     -1  1944-01-01
74085     74608      -1     -1  1916-01-01
74086     74609      -1     -1  1904-01-01
74087     74610      -1     -1  1904-01-01
74102     74625      -1     -1  1962-05-20
74111     74634      -1     -1  0000-00-00
74120     74643      -1     -1  0000-00-00
74132     74655      -1     -1  0000-00-00
74141     74664      -1     -1  0000-00-00
74145     74668      -1     -1  0000-00-00
74150     74673      -1     -1  1970-01-18
74151     74674      -1     -1  1972-01-01
74153     74676      -1     -1  0000-00-00
74157     74680      -1     -1  1970-01-01
74458     74982      -1     -1  1919-01-01
74499     75024      -1     -1  0000-00-00
74501     75026      -1     -1  0000-00-00
74527     75052      -1     -1  0000-00-00
74528     75053      -1     -1  1953-06-22
74548     75073      -1     -1  0000-00-00
74567     75092      -1     -1  1990-01-01
74573     75098      -1     -1  1920-01-01
74576     75101      -1     -1  1917-01-01
74578     75103      -1     -1  1917-01-01
74600     75125      -1     -1  0000-00-00
74609     75134      -1     -1  1931-01-01
74615     75140      -1     -1  1912-01-01
74629     75154      -1     -1  1906-01-01
74670     75195      -1     -1  0000-00-00
74727     75252      -1     -1  0000-00-00
74746     75271      -1     -1  0000-00-00
74747     75272      -1     -1  0000-00-00
75026     75551      -1     -1  0000-00-00
75035     75560      -1     -1  0000-00-00
75146     75671      -1     -1  0000-00-00
75308     75833      -1     -1  0000-00-00
75359     75884      -1     -1  0000-00-00
75362     75887      -1     -1  0000-00-00
75364     75889      -1     -1  0000-00-00
75373     75898      -1     -1  1899-01-01
75376     75902      -1     -1  1898-01-01
75377     75903      -1     -1  1920-01-01
75515     76045      -1     -1  0000-00-00
75573     76103      -1     -1  1993-04-13
75602     76132      -1     -1  2001-01-01
75619     76149      -1     -1  1999-01-01
75777     76311      -1     -1  1905-01-01
75778     76312      -1     -1  1904-01-01
75784     76318      -1     -1  1933-01-01
75794     76329      -1     -1  0000-00-00
75828     76363      -1     -1  0000-00-00
75829     76364      -1     -1  0000-00-00
75832     76367      -1     -1  1968-01-01
75837     76372      -1     -1  1900-01-01
75839     76374      -1     -1  1950-01-01
75861     76396      -1     -1  0000-00-00
75862     76397      -1     -1  0000-00-00
76006     76541      -1     -1  1998-03-16
76105     76640      -1     -1  0000-00-00
76254     76789      -1     -1  1954-04-24
76279     76814      -1     -1  0000-00-00
76289     76824      -1     -1  0000-00-00
76405     76940      -1     -1  0000-00-00
76722     77257      -1     -1  0000-00-00
76723     77258      -1     -1  0000-00-00
76725     77260      -1     -1  0000-00-00
76761     77296      -1     -1  0000-00-00
76779     77314      -1     -1  0000-00-00
76780     77315      -1     -1  0000-00-00
76865     77401      -1     -1  0000-00-00
76902     77438      -1     -1  0000-00-00
76939     77476      -1     -1  1907-01-01
76950     77487      -1     -1  2007-08-08
76969     77508      -1     -1  1933-01-01
76970     77509      -1     -1  1933-01-01
76975     77514      -1     -1  1907-01-01
77002     77541      -1     -1  1892-01-01
77007     77546      -1     -1  0000-00-00
77014     77553      -1     -1  2001-01-01
77022     77561      -1     -1  0000-00-00
77116     77656      -1     -1  1934-07-28
77142     77682      -1     -1  1907-01-01
77230     77770      -1     -1  1918-01-01
77231     77771      -1     -1  1900-01-02
77232     77772      -1     -1  0000-00-00
77255     77795      -1     -1  0000-00-00
77318     77858      -1     -1  1918-01-01
77398     77938      -1     -1  0000-00-00
77423     77963      -1     -1  0000-00-00
77424     77964      -1     -1  0000-00-00
77534     78075      -1     -1  0000-00-00
77557     78099      -1     -1  1915-01-01
77559     78101      -1     -1  1894-01-01
77560     78102      -1     -1  1918-01-01
77561     78103      -1     -1  1903-04-01
77721     78264      -1     -1  0000-00-00
77748     78291      -1     -1  1927-01-01
77750     78293      -1     -1  1924-01-01
77851     78394      -1     -1  0000-00-00
77860     78403      -1     -1  1923-06-12
77862     78405      -1     -1  2006-01-01
77896     78439      -1     -1  1887-01-01
77934     78477      -1     -1  0000-00-00
77935     78478      -1     -1  0000-00-00
77954     78497      -1     -1  1958-01-01
77996     78540      -1     -1  1960-07-11
78005     78549      -1     -1  1954-01-01
78067     78611      -1     -1  1958-06-17
78123     78667      -1     -1  0000-00-00
78124     78668      -1     -1  0000-00-00
78154     78698      -1     -1  1947-01-01
78166     78710      -1     -1  1936-01-01
78194     78738      -1     -1  1902-01-01
78224     78768      -1     -1  0000-00-00
78226     78770      -1     -1  0000-00-00
78246     78790      -1     -1  1890-01-01
78269     78813      -1     -1  1926-01-01
78318     78862      -1     -1  1924-01-01
78336     78880      -1     -1  2001-01-01
78473     79017      -1     -1  0000-00-00
78545     79089      -1     -1  0000-00-00
78568     79112      -1     -1  1977-12-28
78595     79139      -1     -1  0000-00-00
78606     79150      -1     -1  1988-05-22
78615     79159      -1     -1  2009-01-01
78616     79160      -1     -1  0000-00-00
78666     79210      -1     -1  1993-01-01
78674     79218      -1     -1  1984-01-14
78695     79239      -1     -1  1989-04-23
78701     79245      -1     -1  1994-06-07
78752     79296      -1     -1  1933-07-31
78885     79429      -1     -1  0000-00-00
78918     79462      -1     -1  0000-00-00
78924     79468      -1     -1  0000-00-00
78965     79509      -1     -1  1964-01-01
78986     79530      -1     -1  1972-01-01
78991     79535      -1     -1  1964-05-13
79060     79604      -1     -1  0000-00-00
79076     79620      -1     -1  0000-00-00
79087     79631      -1     -1  1970-01-18
79108     79652      -1     -1  0000-00-00
79123     79667      -1     -1  1960-05-17
79177     79721      -1     -1  0000-00-00
79183     79727      -1     -1  0000-00-00
79202     79747      -1     -1  1982-07-11
79206     79751      -1     -1  1964-01-01
79257     79802      -1     -1  1992-06-17
79320     79865      -1     -1  1995-02-06
79345     79890      -1     -1  1956-01-01
79353     79898      -1     -1  0000-00-00
79358     79903      -1     -1  0000-00-00
79708     80254      -1     -1  1991-01-18
79709     80255      -1     -1  1992-07-12
79822     80368      -1     -1  1912-01-01
79828     80375      -1     -1  0000-00-00
79889     80436      -1     -1  0000-00-00
79894     80441      -1     -1  1920-01-01
79906     80453      -1     -1  1910-01-01
79911     80458      -1     -1  0000-00-00
79935     80483      -1     -1  0000-00-00
79938     80486      -1     -1  0000-00-00
79939     80487      -1     -1  0000-00-00
79944     80492      -1     -1  0000-00-00
79955     80503      -1     -1  0000-00-00
80034     80582      -1     -1  1991-04-03
80046     80594      -1     -1  1896-01-01
80165     80714      -1     -1  1911-01-01
80169     80718      -1     -1  0000-00-00
80220     80769      -1     -1  0000-00-00
80245     80794      -1     -1  1927-01-01
80246     80795      -1     -1  1927-01-01
80275     80824      -1     -1  0000-00-00
80277     80826      -1     -1  0000-00-00
80280     80829      -1     -1  2006-01-01
80320     80869      -1     -1  1913-01-01
80327     80876      -1     -1  1905-01-01
80329     80878      -1     -1  0000-00-00
80333     80882      -1     -1  0000-00-00
80389     80938      -1     -1  0000-00-00
80774     81325      -1     -1  1951-09-22
80801     81352      -1     -1  0000-00-00
80989     81540      -1     -1  0000-00-00
81051     81602      -1     -1  0000-00-00
81054     81605      -1     -1  1965-12-29
81151     81702      -1     -1  1968-01-01
81152     81703      -1     -1  1971-01-01
81155     81706      -1     -1  1972-01-01
81175     81726      -1     -1  0000-00-00
81189     81740      -1     -1  0000-00-00
81203     81754      -1     -1  0000-00-00
81216     81767      -1     -1  0000-00-00
81220     81771      -1     -1  0000-00-00
81227     81778      -1     -1  0000-00-00
81234     81785      -1     -1  0000-00-00
81249     81800      -1     -1  0000-00-00
81252     81803      -1     -1  0000-00-00
81253     81804      -1     -1  0000-00-00
81255     81806      -1     -1  0000-00-00
81258     81809      -1     -1  0000-00-00
81264     81815      -1     -1  0000-00-00
81277     81828      -1     -1  0000-00-00
81395     81946      -1     -1  2010-01-01
81425     81977      -1     -1  1893-01-01
81444     81996      -1     -1  1920-01-01
81490     82042      -1     -1  1960-01-01
81530     82082      -1     -1  0000-00-00
81674     82227      -1     -1  0000-00-00
81785     82338      -1     -1  0000-00-00
81806     82359      -1     -1  1925-01-01
81809     82362      -1     -1  1945-01-01
81832     82386      -1     -1  1934-01-01
81842     82396      -1     -1  2002-01-01
81845     82399      -1     -1  0000-00-00
81895     82449      -1     -1  1887-01-01
81932     82486      -1     -1  0000-00-00
81952     82506      -1     -1  0000-00-00
81956     82510      -1     -1  0000-00-00
82005     82559      -1     -1  1974-01-01
82019     82573      -1     -1  0000-00-00
82046     82600      -1     -1  0000-00-00
82059     82613      -1     -1  0000-00-00
82135     82689      -1     -1  0000-00-00
82218     82773      -1     -1  0000-00-00
82468     83024      -1     -1  0000-00-00
82674     83231      -1     -1  1908-01-01
82909     83468      -1     -1  1985-09-11
82944     83503      -1     -1  0000-00-00
82964     83523      -1     -1  1986-09-05
83022     83581      -1     -1  1975-01-01
83023     83582      -1     -1  0000-00-00
83030     83589      -1     -1  0000-00-00
83044     83603      -1     -1  0000-00-00
83181     83740      -1     -1  1961-07-14
83206     83765      -1     -1  0000-00-00
83299     83858      -1     -1  1974-01-09
83315     83874      -1     -1  1975-07-09
83507     84066      -1     -1  1924-01-01
83509     84068      -1     -1  1923-01-01
83717     84278      -1     -1  1992-05-26
83751     84312      -1     -1  1922-01-01
83831     84397      -1     -1  1959-07-20
83839     84405      -1     -1  0000-00-00
83843     84409      -1     -1  0000-00-00
83844     84410      -1     -1  0000-00-00
83858     84424      -1     -1  0000-00-00
83860     84426      -1     -1  0000-00-00
83866     84432      -1     -1  1995-08-15
83913     84479      -1     -1  1995-04-25
83924     84490      -1     -1  0000-00-00
83937     84503      -1     -1  0000-00-00
83962     84528      -1     -1  0000-00-00
84020     84586      -1     -1  0000-00-00
84096     84672      -1     -1  0000-00-00
84098     84674      -1     -1  0000-00-00
84100     84676      -1     -1  0000-00-00
84118     84695      -1     -1  1948-01-01
84137     84714      -1     -1  0000-00-00
84140     84717      -1     -1  1964-10-17
84223     84800      -1     -1  0000-00-00
84237     84814      -1     -1  0000-00-00
84245     84822      -1     -1  0000-00-00
84267     84844      -1     -1  1988-01-21
84303     84880      -1     -1  1983-10-06
84307     84884      -1     -1  1985-04-10
84412     84989      -1     -1  0000-00-00
84421     84998      -1     -1  1955-08-30
84455     85032      -1     -1  0000-00-00
84461     85038      -1     -1  0000-00-00
84464     85041      -1     -1  0000-00-00
84476     85053      -1     -1  0000-00-00
84480     85057      -1     -1  1925-01-01
84484     85061      -1     -1  1989-07-09
84535     85112      -1     -1  0000-00-00
84537     85114      -1     -1  1911-01-01
84542     85119      -1     -1  1909-01-01
84552     85129      -1     -1  0000-00-00
84557     85134      -1     -1  1918-01-01
84604     85181      -1     -1  0000-00-00
84610     85187      -1     -1  0000-00-00
84655     85232      -1     -1  0000-00-00
84666     85243      -1     -1  0000-00-00
84683     85260      -1     -1  0000-00-00
84852     85430      -1     -1  1950-01-01
84859     85437      -1     -1  1894-01-01
84866     85444      -1     -1  0000-00-00
84876     85454      -1     -1  1942-01-01
84921     85499      -1     -1  1917-01-01
84925     85503      -1     -1  1962-01-01
84971     85549      -1     -1  0000-00-00
85064     85643      -1     -1  0000-00-00
85090     85669      -1     -1  0000-00-00
85091     85670      -1     -1  1914-01-01
85151     85730      -1     -1  0000-00-00
85152     85731      -1     -1  0000-00-00
85153     85732      -1     -1  1968-01-01
85207     85786      -1     -1  0000-00-00
85480     86059      -1     -1  1913-01-01
85482     86061      -1     -1  2001-01-01
85483     86062      -1     -1  2001-01-01
85488     86067      -1     -1  0000-00-00
85559     86138      -1     -1  0000-00-00
85563     86142      -1     -1  0000-00-00
85578     86157      -1     -1  1910-01-01
85616     86195      -1     -1  0000-00-00
85670     86249      -1     -1  0000-00-00
85753     86332      -1     -1  0000-00-00
85863     86442      -1     -1  0000-00-00
85923     86502      -1     -1  0000-00-00
85968     86547      -1     -1  0000-00-00
85970     86549      -1     -1  0000-00-00
85974     86553      -1     -1  0000-00-00
86018     86597      -1     -1  0000-00-00
86042     86621      -1     -1  0000-00-00
86096     86675      -1     -1  0000-00-00
86112     86691      -1     -1  0000-00-00
86116     86695      -1     -1  0000-00-00
86120     86699      -1     -1  0000-00-00
86127     86706      -1     -1  0000-00-00
86133     86712      -1     -1  0000-00-00
86223     86803      -1     -1  1903-01-01
86228     86808      -1     -1  1926-01-01
86254     86835      -1     -1  1919-01-01
86258     86839      -1     -1  2001-01-01
86287     86868      -1     -1  0000-00-00
86307     86888      -1     -1  0000-00-00
86316     86897      -1     -1  1932-01-01
86371     86952      -1     -1  1924-01-01
86380     86961      -1     -1  0000-00-00
86406     86987      -1     -1  0000-00-00
86407     86988      -1     -1  0000-00-00
86422     87003      -1     -1  1952-03-25
86446     87027      -1     -1  1968-01-01
86450     87031      -1     -1  1943-01-01
86479     87060      -1     -1  0000-00-00
86510     87091      -1     -1  0000-00-00
86582     87163      -1     -1  0000-00-00
86595     87176      -1     -1  1938-01-01
86615     87196      -1     -1  0000-00-00
86623     87204      -1     -1  0000-00-00
86644     87225      -1     -1  0000-00-00
86652     87233      -1     -1  0000-00-00
86653     87234      -1     -1  0000-00-00
86654     87235      -1     -1  0000-00-00
86673     87255      -1     -1  1920-01-01
86691     87273      -1     -1  0000-00-00
86710     87292      -1     -1  0000-00-00
86713     87295      -1     -1  0000-00-00
86746     87328      -1     -1  2001-01-01
86749     87331      -1     -1  0000-00-00
86796     87380      -1     -1  0000-00-00
86803     87387      -1     -1  1949-01-01
86804     87388      -1     -1  0000-00-00
86833     87417      -1     -1  0000-00-00
86871     87455      -1     -1  1924-01-01
86894     87478      -1     -1  1968-07-07
86909     87493      -1     -1  1969-01-01
86914     87498      -1     -1  1905-01-01
86977     87562      -1     -1  1906-01-01
86981     87566      -1     -1  0000-00-00
87029     87614      -1     -1  1889-01-01
87061     87647      -1     -1  0000-00-00
87063     87649      -1     -1  0000-00-00
87072     87658      -1     -1  1896-01-01
87083     87669      -1     -1  0000-00-00
87118     87705      -1     -1  1951-08-30
87122     87709      -1     -1  1896-01-01
87132     87719      -1     -1  1904-01-01
87137     87724      -1     -1  1917-01-01
87145     87734      -1     -1  1900-01-01
87146     87735      -1     -1  1922-01-01
87210     87800      -1     -1  1929-01-01
87284     87876      -1     -1  1917-01-01
87285     87877      -1     -1  1919-01-01
87286     87878      -1     -1  1907-01-01
87287     87879      -1     -1  1913-01-01
87290     87883      -1     -1  1924-01-01
87294     87887      -1     -1  0000-00-00
87297     87890      -1     -1  1919-01-01
87305     87898      -1     -1  1928-01-01
87308     87902      -1     -1  0000-00-00
87318     87912      -1     -1  1887-01-01
87332     87926      -1     -1  0000-00-00
87348     87942      -1     -1  1958-01-01
87349     87943      -1     -1  1952-01-01
87351     87945      -1     -1  1960-01-01
87352     87946      -1     -1  1959-01-01
87364     87958      -1     -1  0000-00-00
87654     88251      -1     -1  1888-01-01
87655     88252      -1     -1  1892-01-01
87656     88253      -1     -1  1885-01-01
87658     88255      -1     -1  1887-12-20
87661     88258      -1     -1  1893-01-01
87663     88260      -1     -1  1890-01-01
87664     88261      -1     -1  1890-01-01
87666     88263      -1     -1  1885-01-01
87667     88264      -1     -1  1892-01-01
87668     88265      -1     -1  1890-01-01
87669     88266      -1     -1  1878-01-01
87670     88267      -1     -1  1893-01-01
87671     88268      -1     -1  1895-01-01
87673     88270      -1     -1  1895-01-01
87674     88271      -1     -1  1911-01-01
87687     88287      -1     -1  0000-00-00
87695     88295      -1     -1  0000-00-00
87714     88315      -1     -1  1897-01-01
87725     88326      -1     -1  1888-01-01
87735     88336      -1     -1  1901-01-01
87751     88352      -1     -1  1923-01-01
87760     88362      -1     -1  1906-01-01
87766     88368      -1     -1  1917-01-01
87767     88369      -1     -1  1899-01-01
87780     88383      -1     -1  0000-00-00
87825     88428      -1     -1  1996-08-11
87841     88444      -1     -1  1994-01-07
87892     88496      -1     -1  1903-01-01
87902     88506      -1     -1  1896-01-01
87914     88520      -1     -1  1964-05-13
87916     88522      -1     -1  0000-00-00
87953     88560      -1     -1  1926-01-01
87954     88561      -1     -1  1912-01-01
87999     88607      -1     -1  1926-01-01
88022     88630      -1     -1  0000-00-00
88026     88634      -1     -1  1915-01-01
88105     88714      -1     -1  1958-05-14
88256     88865      -1     -1  1946-01-01
88270     88879      -1     -1  1931-02-01
88308     88917      -1     -1  0000-00-00
88311     88920      -1     -1  0000-00-00
88321     88930      -1     -1  0000-00-00
88349     88958      -1     -1  0000-00-00
88368     88977      -1     -1  0000-00-00
88370     88979      -1     -1  1888-01-01
88600     89209      -1     -1  0000-00-00
88620     89229      -1     -1  1944-01-01
88652     89263      -1     -1  1933-01-01
88696     89309      -1     -1  1919-01-01
88742     89355      -1     -1  0000-00-00
88789     89402      -1     -1  1968-01-01
88790     89403      -1     -1  0000-00-00
88873     89486      -1     -1  1974-08-26
88890     89503      -1     -1  0000-00-00
88899     89512      -1     -1  0000-00-00
88975     89588      -1     -1  0000-00-00
89055     89668      -1     -1  0000-00-00
89079     89692      -1     -1  0000-00-00
89125     89738      -1     -1  0000-00-00
89264     89878      -1     -1  1970-03-01
89497     90112      -1     -1  1951-01-01
89498     90113      -1     -1  1951-01-01
89518     90133      -1     -1  1966-07-31
89547     90162      -1     -1  0000-00-00
89549     90164      -1     -1  0000-00-00
89552     90167      -1     -1  0000-00-00
89555     90170      -1     -1  0000-00-00
89559     90174      -1     -1  0000-00-00
89577     90192      -1     -1  0000-00-00
89580     90195      -1     -1  0000-00-00
89609     90226      -1     -1  1896-01-01
89760     90377      -1     -1  0000-00-00
89912     90530      -1     -1  0000-00-00
90010     90628      -1     -1  0000-00-00
90016     90634      -1     -1  0000-00-00
90288     90908      -1     -1  0000-00-00
90427     91049      -1     -1  0000-00-00
90568     91190      -1     -1  0000-00-00
90591     91213      -1     -1  0000-00-00
90617     91239      -1     -1  0000-00-00
90648     91270      -1     -1  2012-12-05
90667     91289      -1     -1  0000-00-00
90675     91297      -1     -1  0000-00-00
90684     91306      -1     -1  1972-01-01
90711     91333      -1     -1  1974-01-01
90731     91353      -1     -1  1974-01-01
90739     91361      -1     -1  0000-00-00
90746     91368      -1     -1  0000-00-00
90867     91491      -1     -1  1986-04-08
90936     91560      -1     -1  1946-01-01
90943     91567      -1     -1  0000-00-00
91021     91646      -1     -1  1951-01-01
91024     91649      -1     -1  1951-01-01
91074     91700      -1     -1  0000-00-00
91088     91714      -1     -1  0000-00-00
91153     91779      -1     -1  0000-00-00
91213     91839      -1     -1  0000-00-00
91237     91863      -1     -1  2001-01-15
91316     91942      -1     -1  0000-00-00
91321     91947      -1     -1  0000-00-00
91353     91979      -1     -1  0000-00-00
91371     91997      -1     -1  0000-00-00
91374     92000      -1     -1  0000-00-00
91496     92122      -1     -1  0000-00-00
91504     92130      -1     -1  0000-00-00
91514     92140      -1     -1  0000-00-00
91530     92156      -1     -1  0000-00-00
91573     92199      -1     -1  0000-00-00
91578     92204      -1     -1  0000-00-00
91582     92208      -1     -1  1948-01-01
91602     92228      -1     -1  0000-00-00
91603     92229      -1     -1  1890-01-01
91625     92251      -1     -1  0000-00-00
91700     92326      -1     -1  0000-00-00
91863     92489      -1     -1  0000-00-00
91870     92496      -1     -1  1909-01-01
91947     92573      -1     -1  0000-00-00
91958     92584      -1     -1  0000-00-00
92127     92753      -1     -1  0000-00-00
92416     93042      -1     -1  1928-01-01
92436     93062      -1     -1  0000-00-00
92440     93066      -1     -1  1932-01-01
92441     93067      -1     -1  1932-01-01
92444     93071      -1     -1  0000-00-00
92446     93073      -1     -1  1924-01-01
92456     93083      -1     -1  0000-00-00
92468     93096      -1     -1  0000-00-00
92469     93097      -1     -1  1940-01-01
92485     93113      -1     -1  0000-00-00
92506     93134      -1     -1  0000-00-00
92508     93136      -1     -1  0000-00-00
92510     93138      -1     -1  0000-00-00
92512     93140      -1     -1  0000-00-00
92513     93141      -1     -1  1939-01-01
92522     93150      -1     -1  2007-09-07
92553     93181      -1     -1  0000-00-00
92705     93333      -1     -1  2008-01-01
92706     93334      -1     -1  0000-00-00
92709     93337      -1     -1  0000-00-00
92719     93347      -1     -1  0000-00-00
92742     93370      -1     -1  0000-00-00
93014     93643      -1     -1  1965-10-08
93177     93806      -1     -1  0000-00-00
93178     93807      -1     -1  0000-00-00
93315     93944      -1     -1  0000-00-00
93467     94097      -1     -1  1985-05-16
93482     94112      -1     -1  0000-00-00
93524     94154      -1     -1  1913-01-01
93534     94164      -1     -1  1944-01-01
93536     94166      -1     -1  0000-00-00
93663     94293      -1     -1  0000-00-00
93664     94294      -1     -1  0000-00-00
93684     94314      -1     -1  1896-01-01
93705     94335      -1     -1  0000-00-00
93708     94338      -1     -1  0000-00-00
93709     94339      -1     -1  0000-00-00
93710     94340      -1     -1  0000-00-00
93718     94348      -1     -1  1988-08-02
93726     94356      -1     -1  1993-04-16
93734     94364      -1     -1  1990-12-14
93803     94433      -1     -1  1965-06-27
93919     94550      -1     -1  0000-00-00
93934     94565      -1     -1  0000-00-00
93938     94569      -1     -1  0000-00-00
93943     94574      -1     -1  1967-06-20
93966     94597      -1     -1  1971-12-04
93972     94603      -1     -1  1984-01-01
93983     94614      -1     -1  1918-01-01
94005     94637      -1     -1  0000-00-00
94009     94641      -1     -1  0000-00-00
94027     94659      -1     -1  1987-05-27
94053     94685      -1     -1  1989-08-07
94058     94690      -1     -1  0000-00-00
94061     94693      -1     -1  0000-00-00
94081     94713      -1     -1  0000-00-00
94092     94724      -1     -1  0000-00-00
94094     94726      -1     -1  0000-00-00
94112     94744      -1     -1  0000-00-00
94127     94759      -1     -1  0000-00-00
94195     94827      -1     -1  1967-05-06
94213     94845      -1     -1  1976-02-26
94280     94912      -1     -1  1964-01-01
94307     94939      -1     -1  1960-04-05
94319     94951      -1     -1  1956-10-22
94344     94976      -1     -1  1917-01-01
94390     95023      -1     -1  1915-01-01
94392     95025      -1     -1  1919-01-01
94523     95157      -1     -1  1923-01-01
94545     95179      -1     -1  0000-00-00
94565     95199      -1     -1  0000-00-00
94572     95207      -1     -1  0000-00-00
94610     95246      -1     -1  1908-01-01
94642     95278      -1     -1  1940-01-01
94667     95303      -1     -1  1964-01-01
94705     95341      -1     -1  0000-00-00
94706     95342      -1     -1  0000-00-00
94742     95378      -1     -1  0000-00-00
94756     95392      -1     -1  0000-00-00
94796     95432      -1     -1  1995-04-27
94811     95447      -1     -1  0000-00-00
94820     95456      -1     -1  0000-00-00
94848     95484      -1     -1  0000-00-00
94863     95499      -1     -1  0000-00-00
94887     95523      -1     -1  0000-00-00
94892     95528      -1     -1  1984-01-10
94931     95567      -1     -1  0000-00-00
94933     95569      -1     -1  2001-01-01
94936     95572      -1     -1  0000-00-00
94937     95573      -1     -1  2001-01-01
94938     95574      -1     -1  2000-01-01
94961     95597      -1     -1  0000-00-00
94991     95628      -1     -1  0000-00-00
95014     95651      -1     -1  1973-01-01
95037     95674      -1     -1  0000-00-00
95041     95678      -1     -1  2002-01-01
95043     95680      -1     -1  2000-01-01
95047     95684      -1     -1  1896-01-01
95062     95699      -1     -1  0000-00-00
95064     95701      -1     -1  1968-04-02
95076     95713      -1     -1  0000-00-00
95088     95725      -1     -1  1992-01-01
95101     95738      -1     -1  0000-00-00
95123     95760      -1     -1  1983-05-16
95128     95765      -1     -1  0000-00-00
95132     95769      -1     -1  1981-04-24
95175     95812      -1     -1  0000-00-00
95232     95869      -1     -1  0000-00-00
95234     95871      -1     -1  1970-01-01
95263     95900      -1     -1  1915-01-01
95395     96032      -1     -1  0000-00-00
95418     96055      -1     -1  0000-00-00
95460     96097      -1     -1  0000-00-00
95464     96101      -1     -1  1890-01-01
95465     96102      -1     -1  1891-01-01
95466     96103      -1     -1  1895-01-01
95467     96104      -1     -1  1889-01-01
95468     96105      -1     -1  0000-00-00
95527     96164      -1     -1  0000-00-00
95547     96184      -1     -1  0000-00-00
95677     96315      -1     -1  0000-00-00
95722     96360      -1     -1  0000-00-00
95724     96362      -1     -1  0000-00-00
95732     96370      -1     -1  1924-01-01
95803     96441      -1     -1  1903-01-01
95886     96524      -1     -1  0000-00-00
95981     96619      -1     -1  0000-00-00
96017     96655      -1     -1  0000-00-00
96050     96689      -1     -1  1950-01-01
96074     96713      -1     -1  0000-00-00
96076     96715      -1     -1  0000-00-00
96088     96727      -1     -1  1956-12-31
96132     96771      -1     -1  1898-01-01
96187     96826      -1     -1  1919-01-01
96272     96911      -1     -1  0000-00-00
96295     96934      -1     -1  0000-00-00
96312     96951      -1     -1  0000-00-00
96340     96979      -1     -1  1911-01-01
96342     96981      -1     -1  1925-01-01
96344     96983      -1     -1  1914-01-01
96382     97025      -1     -1  0000-00-00
96400     97043      -1     -1  0000-00-00
96432     97075      -1     -1  0000-00-00
96441     97084      -1     -1  0000-00-00
96473     97116      -1     -1  0000-00-00
96518     97161      -1     -1  2018-01-01
96547     97190      -1     -1  0000-00-00
96551     97194      -1     -1  1896-01-01
96568     97211      -1     -1  1907-01-01
96754     97397      -1     -1  0000-00-00
96755     97398      -1     -1  2015-11-06
96777     97420      -1     -1  0000-00-00
96929     97573      -1     -1  1919-01-01
97000     97644      -1     -1  0000-00-00
97028     97672      -1     -1  0000-00-00
97054     97698      -1     -1  1920-01-01
97071     97715      -1     -1  1931-01-01
97072     97716      -1     -1  1938-08-01
97185     97829      -1     -1  0000-00-00
97219     97863      -1     -1  2009-07-02
97220     97864      -1     -1  0000-00-00
97224     97868      -1     -1  0000-00-00
97250     97894      -1     -1  0000-00-00
97257     97901      -1     -1  0000-00-00
97302     97946      -1     -1  0000-00-00
97366     98010      -1     -1  1973-01-01
97475     98120      -1     -1  1942-01-01
97494     98140      -1     -1  1904-01-01
97495     98141      -1     -1  1893-01-01
97497     98144      -1     -1  1904-01-01
97698     98345      -1     -1  1996-01-01
97710     98357      -1     -1  1945-01-01
97731     98378      -1     -1  1897-01-01
97770     98417      -1     -1  0000-00-00
97783     98430      -1     -1  1999-11-07
97829     98476      -1     -1  2003-02-18
97849     98497      -1     -1  1921-01-01
97854     98502      -1     -1  1953-07-03
97929     98577      -1     -1  1950-01-01
97972     98620      -1     -1  1916-01-01
97973     98621      -1     -1  1914-01-01
97974     98622      -1     -1  1918-01-01
97976     98624      -1     -1  1916-01-01
97982     98630      -1     -1  1921-01-01
97983     98631      -1     -1  1920-01-01
97984     98632      -1     -1  1918-01-01
97988     98636      -1     -1  1931-01-01
97989     98637      -1     -1  1949-01-01
97990     98638      -1     -1  1912-01-01
97991     98639      -1     -1  1905-01-01
97992     98640      -1     -1  1905-01-01
97994     98642      -1     -1  1888-01-01
97995     98643      -1     -1  1913-01-01
97996     98644      -1     -1  1906-01-01
97997     98645      -1     -1  1905-01-01
97998     98646      -1     -1  1895-01-01
98003     98652      -1     -1  1931-01-01

=== Animals with Unknown Birthdate and Offspring ===
       animalid  sireid  damid   birthdate
52           53      -1     -1  0000-00-00
189         190      -1     -1  0000-00-00
190         191    5691  80288  0000-00-00
219         220      -1     -1  0000-00-00
220         221     219    215  0000-00-00
240         241    2930  41885  0000-00-00
385         386   90580  70535  0000-00-00
493         494     487    488  0000-00-00
496         497     487  80664  0000-00-00
515         516   60131  70593  0000-00-00
541         542      -1     -1  0000-00-00
658         660      -1     -1  0000-00-00
683         685   54307  68738  0000-00-00
687         689   66619  39187  0000-00-00
747         749      -1     -1  0000-00-00
761         763   63430    757  0000-00-00
763         765   63430    757  0000-00-00
768         770      -1     -1  0000-00-00
769         771   73826  67937  0000-00-00
791         793   90711    786  0000-00-00
813         815   66050  97384  0000-00-00
827         830   23504  13868  0000-00-00
862         865      -1     -1  0000-00-00
863         866      -1     -1  0000-00-00
887         890   77279  77270  0000-00-00
905         908   41434  34064  0000-00-00
913         916   41281  28489  0000-00-00
916         919    4745    920  0000-00-00
931         934    4881  51223  0000-00-00
955         958    1382   2968  0000-00-00
990         993   49451  70943  0000-00-00
1019       1022   49451   3357  0000-00-00
1037       1040      -1     -1  0000-00-00
1169       1172    1476   5546  0000-00-00
1379       1382   18220     -1  0000-00-00
1404       1407      -1     -1  0000-00-00
1562       1565      -1     -1  0000-00-00
1596       1599   83132  28953  0000-00-00
1602       1605   86209  23976  0000-00-00
1603       1606   82146   1605  0000-00-00
1609       1612   97977     -1  0000-00-00
1636       1639      -1     -1  0000-00-00
1990       1993      -1     -1  0000-00-00
2057       2060    1646  44743  0000-00-00
2154       2157   80820  80933  0000-00-00
2165       2168   50725  41709  0000-00-00
2172       2175   62367  52387  0000-00-00
2174       2177   94502  65904  0000-00-00
2183       2186   35893  38205  0000-00-00
2189       2192   90811  38205  0000-00-00
2190       2193   90811  38205  0000-00-00
2313       2316      -1     -1  0000-00-00
2348       2351      -1     -1  0000-00-00
2379       2382    2240   2223  0000-00-00
2421       2424      -1     -1  0000-00-00
2471       2474   66220   7475  0000-00-00
2595       2598   22917  16331  0000-00-00
2842       2845   35894  35801  0000-00-00
2843       2846   69457  83156  0000-00-00
2870       2873   59810  18265  0000-00-00
2874       2877      -1     -1  0000-00-00
2882       2885   32594  97957  0000-00-00
2964       2968   12083  84043  0000-00-00
2974       2978      -1     -1  0000-00-00
3059       3064      -1     -1  0000-00-00
3061       3066   93498  48535  0000-00-00
3067       3072      -1     -1  0000-00-00
3077       3082   88412  50774  0000-00-00
3083       3088   88412  50774  0000-00-00
3087       3092   46218  50774  0000-00-00
3099       3104      -1     -1  0000-00-00
3108       3113   59810  18265  0000-00-00
3110       3115   72787  54621  0000-00-00
3111       3116   30847  80896  0000-00-00
3118       3123   21834  84377  0000-00-00
3201       3206   50702  91263  0000-00-00
3253       3258    6662   6727  0000-00-00
3283       3288    3316   3332  0000-00-00
3315       3320      -1     -1  0000-00-00
3352       3357   16074  96922  0000-00-00
3353       3358   16074  96922  0000-00-00
3354       3359   16074  96922  0000-00-00
3385       3390      -1     -1  0000-00-00
3386       3391      -1     -1  0000-00-00
3387       3392    3391   3390  0000-00-00
3408       3413      -1     -1  0000-00-00
3520       3525   45594  72292  0000-00-00
3564       3569      -1     -1  0000-00-00
3650       3655   94756  94749  0000-00-00
3777       3782   98318  98166  0000-00-00
3779       3784   69493  18285  0000-00-00
3783       3788   25198  22865  0000-00-00
3793       3798      -1     -1  0000-00-00
3794       3799   40705  90365  0000-00-00
3807       3812      -1     -1  0000-00-00
3810       3815   22353  45994  0000-00-00
3829       3834   59808  92702  0000-00-00
3883       3888   34946   1769  0000-00-00
3922       3927   14627  78120  0000-00-00
3931       3936   39926   9693  0000-00-00
3965       3970   91194  61158  0000-00-00
3968       3973   62249  91703  0000-00-00
3975       3980   41716   8108  0000-00-00
4028       4033      -1     -1  0000-00-00
4101       4106      -1     -1  0000-00-00
4109       4114    9170  67768  0000-00-00
4192       4197    6662   6727  0000-00-00
4229       4234      -1     -1  0000-00-00
4284       4289      -1     -1  0000-00-00
4290       4295   44744  69489  0000-00-00
4295       4300   88380  20923  0000-00-00
4311       4316   11457    660  0000-00-00
4338       4343    1382   2968  0000-00-00
4341       4346   40705     -1  0000-00-00
4343       4348      -1     -1  0000-00-00
4349       4354      -1     -1  0000-00-00
4351       4356      -1     -1  0000-00-00
4354       4359      -1     -1  0000-00-00
4356       4361      -1     -1  0000-00-00
4360       4365      -1     -1  0000-00-00
4365       4370      -1     -1  0000-00-00
4467       4472   20259   4478  0000-00-00
4583       4588      -1     -1  0000-00-00
4586       4591      -1     -1  0000-00-00
4601       4606      -1     -1  0000-00-00
4612       4617      -1     -1  0000-00-00
4634       4639    3685  35199  0000-00-00
4641       4646   53065  46913  0000-00-00
4686       4691      -1     -1  0000-00-00
4699       4704   50702  90619  0000-00-00
4733       4738    8378  56229  0000-00-00
4762       4767   17855  90521  0000-00-00
4790       4795   78592     -1  0000-00-00
4793       4798   37372  32457  0000-00-00
4859       4864    8413   4897  0000-00-00
4874       4879   39554   4858  0000-00-00
4936       4941      -1     -1  0000-00-00
4942       4947      -1     -1  0000-00-00
4947       4952      -1     -1  0000-00-00
4949       4954      -1     -1  0000-00-00
5000       5005      -1     -1  0000-00-00
5028       5033    3624  33474  0000-00-00
5029       5034      -1     -1  0000-00-00
5050       5055      -1     -1  0000-00-00
5063       5068   61181   5076  0000-00-00
5070       5075    7863   5076  0000-00-00
5076       5081   15885   5073  0000-00-00
5079       5084   33064   5076  0000-00-00
5120       5125   53538  51300  0000-00-00
5285       5291      -1     -1  0000-00-00
5303       5309   17855  90521  0000-00-00
5315       5321   78549  86502  0000-00-00
5385       5392      -1     -1  0000-00-00
5402       5409    6035  41369  0000-00-00
5410       5417   55678  78075  0000-00-00
5487       5494      -1     -1  0000-00-00
5537       5544   83407  59014  0000-00-00
5636       5643      -1     -1  0000-00-00
5650       5657   97894  77257  0000-00-00
5667       5674   42858  97995  0000-00-00
5668       5675   60112  53537  0000-00-00
5669       5676   42990  13718  0000-00-00
5676       5683      -1     -1  0000-00-00
5677       5684    5677  18495  0000-00-00
5683       5690      -1     -1  0000-00-00
5684       5691   94642  53144  0000-00-00
5687       5694   41726  41724  0000-00-00
5733       5740   50918  50634  0000-00-00
5764       5771   40725  48660  0000-00-00
5771       5778   60131  70593  0000-00-00
5819       5826   25546  10861  0000-00-00
5832       5839      -1     -1  0000-00-00
5833       5840      -1     -1  0000-00-00
5955       5962   70539  60247  0000-00-00
5984       5991    5988  91618  0000-00-00
5994       6001      -1     -1  0000-00-00
5995       6002      -1     -1  0000-00-00
6003       6010      -1     -1  0000-00-00
6011       6018      -1     -1  0000-00-00
6012       6019      -1     -1  0000-00-00
6018       6025   96453  96928  0000-00-00
6042       6049   92213  78032  0000-00-00
6070       6077      -1     -1  0000-00-00
6096       6103      -1     -1  0000-00-00
6101       6108      -1     -1  0000-00-00
6135       6142   14736   5060  0000-00-00
6381       6388      -1     -1  0000-00-00
6420       6427      -1     -1  0000-00-00
6446       6453   30429  42802  0000-00-00
6474       6483   17384     -1  0000-00-00
6480       6489   12467     -1  0000-00-00
6485       6496   80610  70112  0000-00-00
6486       6497      -1     -1  0000-00-00
6503       6514      -1     -1  0000-00-00
6525       6537   86024  70595  0000-00-00
6528       6541      -1     -1  0000-00-00
6531       6544   80820  80933  0000-00-00
6545       6558   81422   5055  0000-00-00
6556       6569      -1     -1  0000-00-00
6574       6587      -1     -1  0000-00-00
6606       6619    6627   6636  0000-00-00
6619       6632   38671  43000  0000-00-00
6624       6637   38671  43000  0000-00-00
6892       6905   68505  31870  0000-00-00
6894       6907      -1     -1  0000-00-00
6911       6924      -1     -1  0000-00-00
6930       6943   80820  80933  0000-00-00
6961       6974   21270  82519  0000-00-00
6965       6978   29087   1993  0000-00-00
7015       7028   62249  41709  0000-00-00
7090       7103   50351  28134  0000-00-00
7159       7172   24303  10350  0000-00-00
7203       7216      -1     -1  0000-00-00
7254       7267   97052  91935  0000-00-00
7259       7272    1417  23954  0000-00-00
7264       7277   35862     -1  0000-00-00
7266       7279   97052   7272  0000-00-00
7288       7301      -1     -1  0000-00-00
7316       7329      -1     -1  0000-00-00
7320       7333   55429  12878  0000-00-00
7360       7373    7375     -1  0000-00-00
7380       7393   30496  89265  0000-00-00
7404       7417      -1     -1  0000-00-00
7419       7432      -1     -1  0000-00-00
7426       7439   42043  70802  0000-00-00
7434       7447   69441  23471  0000-00-00
7468       7481   11381   6943  0000-00-00
7492       7505   96876   3298  0000-00-00
7502       7515   97645  56441  0000-00-00
7514       7527   43223   7515  0000-00-00
7517       7530   97645   7527  0000-00-00
7530       7543   60856  65885  0000-00-00
7533       7546      -1     -1  0000-00-00
7535       7548      -1     -1  0000-00-00
7540       7553      -1     -1  0000-00-00
7545       7558   17859  68457  0000-00-00
7562       7575      -1     -1  0000-00-00
7577       7590      -1     -1  0000-00-00
7665       7678      -1     -1  0000-00-00
7705       7718      -1     -1  0000-00-00
7718       7731      -1     -1  0000-00-00
7727       7740      -1     -1  0000-00-00
7756       7769   69493   7403  0000-00-00
7757       7770    2060  44743  0000-00-00
7878       7891      -1     -1  0000-00-00
7950       7963      -1     -1  0000-00-00
7980       7993      -1     -1  0000-00-00
7988       8001   89738  69579  0000-00-00
7990       8003    8008  69579  0000-00-00
7993       8006   69587  69579  0000-00-00
7994       8007      -1     -1  0000-00-00
7995       8008      -1     -1  0000-00-00
8003       8016    7107  51055  0000-00-00
8060       8073      -1     -1  0000-00-00
8073       8086   19609  31956  0000-00-00
8094       8107      -1     -1  0000-00-00
8095       8108    4767  77260  0000-00-00
8099       8112   94404  34060  0000-00-00
8102       8115   53065  46913  0000-00-00
8165       8178    9106  87395  0000-00-00
8200       8213      -1     -1  0000-00-00
8214       8227   19772  47398  0000-00-00
8232       8245      -1     -1  0000-00-00
8267       8280   84232  56680  0000-00-00
8372       8385   11601  79381  0000-00-00
8527       8540   14622  41719  0000-00-00
8577       8590      -1     -1  0000-00-00
8586       8599   23012   8707  0000-00-00
8594       8607      -1     -1  0000-00-00
8636       8649   44744  52243  0000-00-00
8680       8694   40212     -1  0000-00-00
8735       8749      -1     -1  0000-00-00
8771       8785      -1     -1  0000-00-00
8772       8786      -1     -1  0000-00-00
8918       8932   56772   8847  0000-00-00
8946       8960   56772   8839  0000-00-00
8981       8995   73174  20716  0000-00-00
9037       9051      -1     -1  0000-00-00
9041       9055      -1     -1  0000-00-00
9043       9057   10938  69492  0000-00-00
9095       9109      -1     -1  0000-00-00
9096       9110   68760  10435  0000-00-00
9138       9152      -1     -1  0000-00-00
9146       9160    9167  50071  0000-00-00
9149       9163      -1     -1  0000-00-00
9204       9218      -1     -1  0000-00-00
9240       9254      -1     -1  0000-00-00
9259       9273   32594   2405  0000-00-00
9260       9274   32594   2405  0000-00-00
9262       9276      -1     -1  0000-00-00
9263       9277   44744   2405  0000-00-00
9264       9278   97849  23474  0000-00-00
9265       9279   87077   2405  0000-00-00
9280       9294      -1     -1  0000-00-00
9298       9312   81364   7313  0000-00-00
9307       9321   70823  77255  0000-00-00
9404       9419   69994  30077  0000-00-00
9405       9420    6626  56171  0000-00-00
9415       9430      -1     -1  0000-00-00
9417       9432   11227  24873  0000-00-00
9448       9467      -1     -1  0000-00-00
9494       9513   17432   5740  0000-00-00
9588       9607   39403   9629  0000-00-00
9593       9612      -1     -1  0000-00-00
9740       9760   31130  31131  0000-00-00
9752       9772    7407   1172  0000-00-00
9786       9806      -1     -1  0000-00-00
9789       9809   83714  83131  0000-00-00
9790       9810   83714  83131  0000-00-00
9794       9814   55308   9809  0000-00-00
9813       9833      -1     -1  0000-00-00
9886       9906   36454  72681  0000-00-00
10015     10035      -1     -1  0000-00-00
10093     10113      -1  81583  0000-00-00
10180     10200   40108  81583  0000-00-00
10186     10206   40101  81583  0000-00-00
10304     10324   56053  77477  0000-00-00
10319     10339      -1     -1  0000-00-00
10340     10360      -1     -1  0000-00-00
10342     10362   83423  10389  0000-00-00
10349     10369   31735  10389  0000-00-00
10353     10373      -1     -1  0000-00-00
10360     10380   93723  10379  0000-00-00
10369     10389      -1     -1  0000-00-00
10373     10393      -1     -1  0000-00-00
10375     10395      -1     -1  0000-00-00
10393     10413      -1     -1  0000-00-00
10405     10425   10426  10357  0000-00-00
10468     10488      -1     -1  0000-00-00
10475     10495   62472  37130  0000-00-00
10483     10503   40725  23359  0000-00-00
10485     10505   97977    561  0000-00-00
10534     10554   10577  14171  0000-00-00
10640     10660   10603  10631  0000-00-00
10643     10663   67663  64062  0000-00-00
10661     10681   79195  28360  0000-00-00
10663     10683   90207  97140  0000-00-00
10672     10692   59443  50353  0000-00-00
10673     10693      -1     -1  0000-00-00
10689     10710   80729  91291  0000-00-00
10839     10861      -1     -1  0000-00-00
10846     10870   72896  91842  0000-00-00
10884     10908   11470  32370  0000-00-00
10913     10940   94756  26629  0000-00-00
10942     10972      -1     -1  0000-00-00
10990     11020   97365  49106  0000-00-00
11069     11100      -1     -1  0000-00-00
11147     11179      -1     -1  0000-00-00
11179     11211      -1     -1  0000-00-00
11189     11221   77847  54996  0000-00-00
11195     11227   33721  85444  0000-00-00
11236     11268      -1     -1  0000-00-00
11327     11359      -1     -1  0000-00-00
11332     11364      -1     -1  0000-00-00
11349     11381   36454  72681  0000-00-00
11362     11394   76619  31814  0000-00-00
11416     11449   77379   3980  0000-00-00
11420     11454      -1     -1  0000-00-00
11436     11470   97864  61858  0000-00-00
11452     11486   21257  14116  0000-00-00
11471     11505      -1     -1  0000-00-00
11483     11517   31708  53914  0000-00-00
11502     11536      -1     -1  0000-00-00
11536     11570      -1     -1  0000-00-00
11631     11665      -1     -1  0000-00-00
11650     11684   36660  54168  0000-00-00
11654     11688   11563  73585  0000-00-00
11655     11689   36660  54168  0000-00-00
11756     11791      -1     -1  0000-00-00
11770     11805   11807  34278  0000-00-00
11771     11806   11807  34278  0000-00-00
11772     11807   44054  54067  0000-00-00
12001     12036      -1     -1  0000-00-00
12037     12072      -1     -1  0000-00-00
12038     12073      -1     -1  0000-00-00
12039     12074      -1     -1  0000-00-00
12048     12083      -1     -1  0000-00-00
12067     12103      -1     -1  0000-00-00
12077     12113   80886   6974  0000-00-00
12103     12139   69213  85633  0000-00-00
12248     12284   89536  89561  0000-00-00
12287     12323      -1     -1  0000-00-00
12302     12340   76965   3970  0000-00-00
12325     12363      -1     -1  0000-00-00
12335     12373      -1     -1  0000-00-00
12498     12544   83494  69942  0000-00-00
12511     12557      -1     -1  0000-00-00
12569     12615      -1     -1  0000-00-00
12572     12618      -1     -1  0000-00-00
12743     12789   26713     -1  0000-00-00
12798     12844   80980  13698  0000-00-00
12823     12869   94756  27896  0000-00-00
12851     12897   17859  68457  0000-00-00
12859     12905   70823  77255  0000-00-00
12866     12912      -1     -1  0000-00-00
12903     12950   10938  69492  0000-00-00
12913     12960   79306  86948  0000-00-00
13161     13210   69493   7403  0000-00-00
13228     13277      -1     -1  0000-00-00
13297     13350      -1     -1  0000-00-00
13359     13412   67985  60530  0000-00-00
13381     13434      -1     -1  0000-00-00
13411     13464      -1     -1  0000-00-00
13664     13718      -1     -1  0000-00-00
13682     13736      -1     -1  0000-00-00
13754     13808   13809  24929  0000-00-00
13755     13809   24921  26015  0000-00-00
13756     13810      -1     -1  0000-00-00
13804     13858      -1     -1  0000-00-00
13810     13864      -1     -1  0000-00-00
13842     13896    9080  46389  0000-00-00
13917     13971      -1     -1  0000-00-00
14096     14151      -1  10693  0000-00-00
14099     14154      -1     -1  0000-00-00
14107     14162   30462  56427  0000-00-00
14137     14192   58389   6026  0000-00-00
14190     14245   17859  68457  0000-00-00
14200     14255      -1     -1  0000-00-00
14242     14297   14290  31156  0000-00-00
14249     14304      -1     -1  0000-00-00
14250     14305      -1     -1  0000-00-00
14297     14352      -1     -1  0000-00-00
14304     14359   90203  72863  0000-00-00
14325     14380      -1     -1  0000-00-00
14328     14383   64700  92203  0000-00-00
14330     14385      -1     -1  0000-00-00
14334     14389      -1     -1  0000-00-00
14365     14420      -1     -1  0000-00-00
14384     14439   30496  85032  0000-00-00
14429     14484      -1     -1  0000-00-00
14436     14491      -1     -1  0000-00-00
14439     14494   77546  77545  0000-00-00
14441     14496      -1     -1  0000-00-00
14442     14497   85675   6635  0000-00-00
14443     14498   14505  14504  0000-00-00
14444     14499   14498  14510  0000-00-00
14448     14503   14498  14494  0000-00-00
14465     14520   78803  28488  0000-00-00
14470     14525   48663  48662  0000-00-00
14503     14559   96453  17818  0000-00-00
14543     14599      -1     -1  0000-00-00
14552     14608      -1     -1  0000-00-00
14604     14660      -1     -1  0000-00-00
14667     14723      -1     -1  0000-00-00
14720     14776   14748  80449  0000-00-00
14739     14795   20819  57872  0000-00-00
14763     14819      -1     -1  0000-00-00
14788     14844      -1     -1  0000-00-00
14792     14848   94152  14577  0000-00-00
14849     14905   14942  14894  0000-00-00
14883     14939      -1     -1  0000-00-00
14977     15035   56233  49845  0000-00-00
14983     15041   54756  68409  0000-00-00
14997     15055   97835  98158  0000-00-00
15060     15118      -1     -1  0000-00-00
15093     15151   29976  15155  0000-00-00
15107     15165      -1     -1  0000-00-00
15372     15431    3751  51813  0000-00-00
15410     15469   19978  32889  0000-00-00
15414     15473   22398  15474  0000-00-00
15421     15480      -1     -1  0000-00-00
15423     15482      -1     -1  0000-00-00
15841     15900   17432   5740  0000-00-00
15852     15911      -1     -1  0000-00-00
16043     16102      -1     -1  0000-00-00
16174     16235      -1     -1  0000-00-00
16180     16241   27647  28931  0000-00-00
16194     16255      -1     -1  0000-00-00
16248     16309   29062  18507  0000-00-00
16249     16310    8003  16309  0000-00-00
16266     16327      -1     -1  0000-00-00
16294     16355      -1     -1  0000-00-00
16324     16385      -1     -1  0000-00-00
16329     16390      -1     -1  0000-00-00
16431     16496      -1     -1  0000-00-00
16433     16498      -1     -1  0000-00-00
16439     16504      -1     -1  0000-00-00
16460     16525      -1     -1  0000-00-00
16531     16598      -1  55434  0000-00-00
16539     16607   34108   1038  0000-00-00
16654     16722      -1     -1  0000-00-00
16725     16793   91651  92755  0000-00-00
16755     16823      -1     -1  0000-00-00
16767     16835   50062  55464  0000-00-00
16840     16908   82196  20208  0000-00-00
16869     16938     386  91291  0000-00-00
16909     16978   30496  16966  0000-00-00
16915     16984      -1     -1  0000-00-00
16917     16986      -1     -1  0000-00-00
16930     17000      -1     -1  0000-00-00
16996     17066      -1     -1  0000-00-00
17030     17100   23504  85327  0000-00-00
17047     17117      -1     -1  0000-00-00
17074     17144   46265  90159  0000-00-00
17221     17291      -1     -1  0000-00-00
17276     17346      -1     -1  0000-00-00
17288     17358      -1     -1  0000-00-00
17304     17374      -1     -1  0000-00-00
17313     17383      -1     -1  0000-00-00
17342     17412      -1     -1  0000-00-00
17345     17415      -1     -1  0000-00-00
17357     17427    7638  98487  0000-00-00
17386     17456   90389  28690  0000-00-00
17400     17470      -1     -1  0000-00-00
17542     17612   20187   6306  0000-00-00
17555     17625   65960  35865  0000-00-00
17692     17763   27533  27524  0000-00-00
17875     17946   65960  35865  0000-00-00
17897     17968    2973  92261  0000-00-00
17925     17999      -1     -1  0000-00-00
17929     18003      -1     -1  0000-00-00
17934     18008      -1     -1  0000-00-00
18008     18083      -1     -1  0000-00-00
18023     18098   37340  65234  0000-00-00
18024     18099   31704  46149  0000-00-00
18031     18106      -1     -1  0000-00-00
18033     18108   45462  91790  0000-00-00
18044     18119      -1     -1  0000-00-00
18058     18133      -1     -1  0000-00-00
18060     18135      -1     -1  0000-00-00
18067     18142    2973  92261  0000-00-00
18069     18144   37718  75475  0000-00-00
18116     18191      -1     -1  0000-00-00
18123     18198      -1     -1  0000-00-00
18144     18220   83132  23355  0000-00-00
18145     18221   17855  23355  0000-00-00
18146     18222   17855  23355  0000-00-00
18147     18223    4346    755  0000-00-00
18170     18246      -1     -1  0000-00-00
18178     18254      -1     -1  0000-00-00
18187     18263      -1     -1  0000-00-00
18193     18269      -1     -1  0000-00-00
18208     18284    2973   9467  0000-00-00
18210     18286   39926  91947  0000-00-00
18217     18293   48641  98588  0000-00-00
18241     18317   65960  35865  0000-00-00
18267     18343   18352  81793  0000-00-00
18285     18361      -1     -1  0000-00-00
18293     18369      -1     -1  0000-00-00
18309     18385      -1     -1  0000-00-00
18314     18390      -1     -1  0000-00-00
18324     18400      -1     -1  0000-00-00
18339     18415   39365  18379  0000-00-00
18344     18420      -1     -1  0000-00-00
18352     18428      -1     -1  0000-00-00
18355     18431      -1     -1  0000-00-00
18376     18452      -1     -1  0000-00-00
18384     18460   80253  18449  0000-00-00
18393     18469      -1     -1  0000-00-00
18404     18480      -1     -1  0000-00-00
18411     18487      -1     -1  0000-00-00
18431     18507      -1     -1  0000-00-00
18435     18511   23902  27957  0000-00-00
18486     18562   20187   6306  0000-00-00
18502     18578   34946  85545  0000-00-00
18520     18596      -1     -1  0000-00-00
18522     18598   49204  71490  0000-00-00
18645     18721   56362  75218  0000-00-00
18698     18775      -1     -1  0000-00-00
18749     18826      -1     -1  0000-00-00
18750     18827   36691  14839  0000-00-00
18790     18867   32042  38722  0000-00-00
18805     18882   30644  87910  0000-00-00
18829     18915   23107  72704  0000-00-00
18949     19037      -1     -1  0000-00-00
19039     19127      -1     -1  0000-00-00
19056     19144   93181  96951  0000-00-00
19231     19319      -1     -1  0000-00-00
19232     19320      -1     -1  0000-00-00
19242     19330   56417  10567  0000-00-00
19274     19363      -1     -1  0000-00-00
19315     19404      -1     -1  0000-00-00
19319     19408      -1     -1  0000-00-00
19370     19459   78042  51745  0000-00-00
19371     19460   79773  29442  0000-00-00
19372     19461   79773  29442  0000-00-00
19439     19528      -1     -1  0000-00-00
19447     19536      -1     -1  0000-00-00
19512     19601   42241  68514  0000-00-00
19573     19662   26894  96034  0000-00-00
19681     19772   73729  73733  0000-00-00
19706     19797   87225  85031  0000-00-00
19707     19798   36965  19800  0000-00-00
19708     19799   78972  85056  0000-00-00
19709     19800   43004  43024  0000-00-00
19711     19802   59932  80492  0000-00-00
19766     19857      -1     -1  0000-00-00
19781     19872   87926  67277  0000-00-00
19782     19873   90665  14162  0000-00-00
19792     19883   20730  20733  0000-00-00
19836     19927   44828  75252  0000-00-00
19838     19929      -1     -1  0000-00-00
19849     19940    2486  22946  0000-00-00
19876     19968      -1     -1  0000-00-00
19886     19978   40013  32889  0000-00-00
19897     19989      -1     -1  0000-00-00
19956     20048      -1     -1  0000-00-00
19977     20069      -1     -1  0000-00-00
20040     20133   47075    749  0000-00-00
20041     20134   15055  47968  0000-00-00
20043     20136   26680  25411  0000-00-00
20046     20139      -1     -1  0000-00-00
20090     20184   65197  74660  0000-00-00
20092     20186      -1     -1  0000-00-00
20094     20188   49936  20186  0000-00-00
20114     20208   15584  15841  0000-00-00
20115     20209   81656   6593  0000-00-00
20198     20292      -1     -1  0000-00-00
20218     20312      -1     -1  0000-00-00
20225     20319   58695  23140  0000-00-00
20227     20321      -1  63925  0000-00-00
20239     20333      -1     -1  0000-00-00
20316     20410      -1     -1  0000-00-00
20351     20445   69931  58019  0000-00-00
20362     20456      -1     -1  0000-00-00
20413     20507      -1     -1  0000-00-00
20418     20512   78667  64509  0000-00-00
20419     20513   73166  78489  0000-00-00
20567     20661      -1     -1  0000-00-00
20569     20663   18827  76413  0000-00-00
20577     20672   20682  20673  0000-00-00
20578     20673      -1     -1  0000-00-00
20583     20678   20734  98346  0000-00-00
20586     20681      -1     -1  0000-00-00
20592     20687      -1     -1  0000-00-00
20594     20689      -1     -1  0000-00-00
20601     20696      -1     -1  0000-00-00
20616     20713   20712  36684  0000-00-00
20621     20718   20751  20758  0000-00-00
20625     20722   20692  20773  0000-00-00
20631     20728      -1     -1  0000-00-00
20639     20736      -1     -1  0000-00-00
20653     20750      -1     -1  0000-00-00
20661     20758      -1     -1  0000-00-00
20663     20760      -1     -1  0000-00-00
20665     20762      -1     -1  0000-00-00
20669     20766   20712  19124  0000-00-00
20674     20773   70194   6497  0000-00-00
20685     20784      -1     -1  0000-00-00
20691     20790   20814  20678  0000-00-00
20698     20797   20689  20773  0000-00-00
20705     20804      -1     -1  0000-00-00
20706     20805      -1     -1  0000-00-00
20718     20820   73062  60800  0000-00-00
20859     20966      -1     -1  0000-00-00
20860     20967      -1     -1  0000-00-00
20880     20987   88281  57373  0000-00-00
20978     21087      -1     -1  0000-00-00
20985     21094      -1     -1  0000-00-00
21016     21125   94721  94136  0000-00-00
21146     21255      -1     -1  0000-00-00
21165     21274   26149  34486  0000-00-00
21169     21278     386  91291  0000-00-00
21202     21311      -1     -1  0000-00-00
21297     21408      -1     -1  0000-00-00
21397     21509      -1     -1  0000-00-00
21406     21518   50371  52001  0000-00-00
21468     21580   32533  20605  0000-00-00
21488     21600      -1     -1  0000-00-00
21495     21607      -1     -1  0000-00-00
21561     21673      -1     -1  0000-00-00
21571     21683      -1     -1  0000-00-00
21645     21758      -1     -1  0000-00-00
21647     21760   15163  82524  0000-00-00
21711     21824   33382  26154  0000-00-00
21740     21854      -1     -1  0000-00-00
21758     21873      -1     -1  0000-00-00
21760     21875   35754  21863  0000-00-00
21761     21876   37596  21864  0000-00-00
21772     21887      -1     -1  0000-00-00
21784     21899      -1     -1  0000-00-00
21806     21921   31575  29181  0000-00-00
21814     21929   36682  36688  0000-00-00
21815     21930      -1     -1  0000-00-00
21816     21931   36681  36688  0000-00-00
21839     21954      -1     -1  0000-00-00
21863     21978   19982  92319  0000-00-00
21867     21982   28574  27226  0000-00-00
21882     21997      -1     -1  0000-00-00
21900     22015   33359  44000  0000-00-00
21914     22029      -1     -1  0000-00-00
21986     22102      -1     -1  0000-00-00
21988     22104      -1     -1  0000-00-00
21992     22108      -1  22096  0000-00-00
22014     22130   40214  78772  0000-00-00
22019     22135   83711  83814  0000-00-00
22065     22181      -1     -1  0000-00-00
22066     22182   50954  18339  0000-00-00
22087     22203      -1     -1  0000-00-00
22106     22222      -1     -1  0000-00-00
22109     22225    7672  64690  0000-00-00
22126     22242   22239  82002  0000-00-00
22236     22353   27195   5034  0000-00-00
22251     22368   83687  61498  0000-00-00
22286     22403      -1     -1  0000-00-00
22299     22416      -1     -1  0000-00-00
22301     22418      -1     -1  0000-00-00
22311     22428   93803  96202  0000-00-00
22316     22433      -1     -1  0000-00-00
22335     22452   41770  22455  0000-00-00
22352     22469    3355  66223  0000-00-00
22374     22491   97616    916  0000-00-00
22406     22524   16165  92260  0000-00-00
22434     22552   17146  22545  0000-00-00
22477     22595   20797  68188  0000-00-00
22520     22638      -1     -1  0000-00-00
22541     22659   32659  10940  0000-00-00
22549     22667   90386  69478  0000-00-00
22553     22671      -1     -1  0000-00-00
22558     22676      -1     -1  0000-00-00
22577     22695   20742     -1  0000-00-00
22645     22764      -1     -1  0000-00-00
22653     22772      -1     -1  0000-00-00
22676     22795      -1     -1  0000-00-00
22685     22804      -1     -1  0000-00-00
22699     22818      -1     -1  0000-00-00
22700     22819      -1     -1  0000-00-00
22704     22823      -1     -1  0000-00-00
22711     22830      -1     -1  0000-00-00
22727     22846      -1     -1  0000-00-00
22728     22847   21087  22846  0000-00-00
22729     22848      -1     -1  0000-00-00
22743     22862      -1     -1  0000-00-00
22754     22873   36675   5758  0000-00-00
22820     22939   77061  22938  0000-00-00
22835     22954   31875  22960  0000-00-00
22841     22960   77061  22950  0000-00-00
22842     22961   77061  22959  0000-00-00
22874     22993      -1     -1  0000-00-00
22900     23019      -1     -1  0000-00-00
22914     23033   10409  23101  0000-00-00
22919     23038      -1     -1  0000-00-00
22980     23099      -1     -1  0000-00-00
22982     23101   74909  69629  0000-00-00
22985     23104      -1     -1  0000-00-00
22988     23107   20573  16054  0000-00-00
22989     23108      -1     -1  0000-00-00
22995     23114      -1     -1  0000-00-00
23024     23146   64052  68183  0000-00-00
23127     23250      -1     -1  0000-00-00
23177     23300      -1     -1  0000-00-00
23225     23348   11383  25465  0000-00-00
23232     23355    1646  48198  0000-00-00
23233     23356    1646  48198  0000-00-00
23237     23360   87077  98434  0000-00-00
23255     23378      -1     -1  0000-00-00
23260     23383      -1     -1  0000-00-00
23261     23384   16508  76496  0000-00-00
23263     23386   76493  76473  0000-00-00
23264     23387   23386  36985  0000-00-00
23269     23392   23384  36985  0000-00-00
23271     23394   76493  23387  0000-00-00
23272     23395   76493  23387  0000-00-00
23273     23396   76493  36985  0000-00-00
23275     23398      -1     -1  0000-00-00
23299     23422    3116  43036  0000-00-00
23304     23427   26948    818  0000-00-00
23338     23461   26948    818  0000-00-00
23351     23474   23902   2405  0000-00-00
23353     23476   34144   1599  0000-00-00
23368     23491      -1     -1  0000-00-00
23371     23494      -1     -1  0000-00-00
23372     23495      -1     -1  0000-00-00
23403     23526   12836  88465  0000-00-00
23423     23546      -1     -1  0000-00-00
23430     23553   85108  26197  0000-00-00
23442     23565   37372  67911  0000-00-00
23469     23592      -1     -1  0000-00-00
23524     23647      -1     -1  0000-00-00
23528     23651      -1     -1  0000-00-00
23539     23662   74685  52318  0000-00-00
23546     23669      -1     -1  0000-00-00
23553     23676   86857  94361  0000-00-00
23596     23719      -1     -1  0000-00-00
23659     23782      -1     -1  0000-00-00
23660     23783      -1     -1  0000-00-00
23671     23794      -1     -1  0000-00-00
23748     23871     180  18133  0000-00-00
23769     23892      -1     -1  0000-00-00
23772     23895      -1     -1  0000-00-00
23791     23914      -1     -1  0000-00-00
23831     23954      -1     -1  0000-00-00
23836     23960   17432   5740  0000-00-00
23842     23966   96791  96961  0000-00-00
23845     23969   96818  96961  0000-00-00
23850     23974      -1     -1  0000-00-00
23852     23976   60083   9279  0000-00-00
23857     23981   72984    865  0000-00-00
23896     24020      -1     -1  0000-00-00
24064     24188   13205  81240  0000-00-00
24066     24190   50702  46383  0000-00-00
24073     24197   97884  26092  0000-00-00
24075     24199   98599  24197  0000-00-00
24125     24250   29815   5037  0000-00-00
24164     24291      -1     -1  0000-00-00
24231     24358      -1     -1  0000-00-00
24233     24360      -1     -1  0000-00-00
24255     24382   60083   9279  0000-00-00
24261     24388      -1     -1  0000-00-00
24282     24409      -1     -1  0000-00-00
24299     24426      -1     -1  0000-00-00
24317     24444   55288  24429  0000-00-00
24325     24452      -1     -1  0000-00-00
24421     24548   45954  86248  0000-00-00
24598     24727      -1     -1  0000-00-00
24605     24734      -1     -1  0000-00-00
24609     24738   24745  24757  0000-00-00
24613     24742      -1     -1  0000-00-00
24621     24750      -1     -1  0000-00-00
24622     24751      -1     -1  0000-00-00
24627     24756   51046  24757  0000-00-00
24628     24757   24750  78319  0000-00-00
24630     24759   65992  24755  0000-00-00
24633     24762      -1  67365  0000-00-00
24679     24808      -1     -1  0000-00-00
24699     24828      -1     -1  0000-00-00
24744     24873    5643   4106  0000-00-00
24750     24879      -1     -1  0000-00-00
24862     24991   25024  25004  0000-00-00
24870     24999      -1     -1  0000-00-00
24883     25012   25024  82959  0000-00-00
24908     25037   38443   1433  0000-00-00
25005     25134      -1     -1  0000-00-00
25068     25198   22403  92204  0000-00-00
25142     25272   64523  64520  0000-00-00
25230     25360   37372  18118  0000-00-00
25403     25537      -1     -1  0000-00-00
25412     25546      -1     -1  0000-00-00
25437     25573      -1     -1  0000-00-00
25469     25605      -1     -1  0000-00-00
25524     25660      -1     -1  0000-00-00
25544     25680      -1     -1  0000-00-00
25623     25759      -1     -1  0000-00-00
25624     25760      -1     -1  0000-00-00
25632     25768   60083   9279  0000-00-00
25637     25773   12789   7277  0000-00-00
25668     25804      -1     -1  0000-00-00
25685     25821   67443  60920  0000-00-00
25756     25892   50702   4315  0000-00-00
25857     25994      -1     -1  0000-00-00
25881     26018   69493  91212  0000-00-00
25884     26021   13371  89441  0000-00-00
25906     26044   75107  92680  0000-00-00
25961     26099   44745  91785  0000-00-00
26016     26154      -1     -1  0000-00-00
26035     26173   18374  26171  0000-00-00
26156     26294   46185  53838  0000-00-00
26207     26345      -1     -1  0000-00-00
26246     26384      -1     -1  0000-00-00
26283     26421      -1     -1  0000-00-00
26290     26428   61923  49218  0000-00-00
26316     26455   53259  98331  0000-00-00
26463     26602   17859   3936  0000-00-00
26464     26603   16793  18142  0000-00-00
26496     26635   74192  80893  0000-00-00
26502     26641   39789  73859  0000-00-00
26518     26658   50702  42943  0000-00-00
26529     26669      -1     -1  0000-00-00
26531     26671      -1     -1  0000-00-00
26539     26679      -1     -1  0000-00-00
26571     26711   90826  97904  0000-00-00
26572     26712   97902     -1  0000-00-00
26687     26827   77931   3333  0000-00-00
26708     26848      -1     -1  0000-00-00
26730     26870      -1     -1  0000-00-00
26731     26871   11791     -1  0000-00-00
26732     26872   79245  21259  0000-00-00
26733     26873   16188  26871  0000-00-00
26734     26874   79245  21259  0000-00-00
26830     26971      -1     -1  0000-00-00
26851     26992      -1  59444  0000-00-00
26873     27014      -1     -1  0000-00-00
26875     27016      -1     -1  0000-00-00
26880     27021      -1     -1  0000-00-00
26901     27042      -1     -1  0000-00-00
26953     27094      -1     -1  0000-00-00
27009     27150   79566  10442  0000-00-00
27015     27156    1417  49443  0000-00-00
27021     27162   97884  17818  0000-00-00
27036     27177   46129  45020  0000-00-00
27054     27195      -1     -1  0000-00-00
27205     27347      -1     -1  0000-00-00
27215     27357   16444  31860  0000-00-00
27243     27385      -1     -1  0000-00-00
27330     27473   68770     -1  0000-00-00
27359     27502   29809  88020  0000-00-00
27374     27517   27516  58944  0000-00-00
27403     27546   12357  10129  0000-00-00
27590     27735      -1     -1  0000-00-00
27647     27794      -1     -1  0000-00-00
27706     27853   57282  66208  0000-00-00
27727     27874   23333  91716  0000-00-00
27827     27975      -1     -1  0000-00-00
27835     27983      -1     -1  0000-00-00
27924     28073   90826  97904  0000-00-00
27987     28136   55661  29767  0000-00-00
28006     28155      -1     -1  0000-00-00
28012     28161   71578  17453  0000-00-00
28049     28198   87235  28200  0000-00-00
28050     28199      -1     -1  0000-00-00
28051     28200   87234     -1  0000-00-00
28067     28216   11729  65382  0000-00-00
28093     28242      -1     -1  0000-00-00
28098     28247   36660  65309  0000-00-00
28114     28263   36660  65309  0000-00-00
28119     28268   92160     -1  0000-00-00
28124     28273   62772  92148  0000-00-00
28144     28294   96859  64447  0000-00-00
28155     28305      -1     -1  0000-00-00
28170     28320      -1     -1  0000-00-00
28197     28347   85780   8112  0000-00-00
28201     28351      -1     -1  0000-00-00
28209     28359   40212  36046  0000-00-00
28213     28363   24384   3206  0000-00-00
28228     28378     678  52702  0000-00-00
28229     28379      -1     -1  0000-00-00
28247     28397   36660  65321  0000-00-00
28269     28419      -1     -1  0000-00-00
28305     28455   26713  71674  0000-00-00
28321     28471   97629  37715  0000-00-00
28322     28472      -1     -1  0000-00-00
28323     28473   37668  28472  0000-00-00
28324     28474   36660  28455  0000-00-00
28326     28476   50725  18585  0000-00-00
28338     28488   59808  68784  0000-00-00
28339     28489   59808  68784  0000-00-00
28381     28531   17432  89207  0000-00-00
28413     28564      -1     -1  0000-00-00
28430     28581      -1     -1  0000-00-00
28438     28589    8390  72827  0000-00-00
28443     28595      -1     -1  0000-00-00
28481     28633   26603  23847  0000-00-00
28537     28689   10513  90715  0000-00-00
28538     28690   86276  28641  0000-00-00
28671     28823      -1     -1  0000-00-00
28677     28829    9116  17968  0000-00-00
28683     28835   23960  21278  0000-00-00
28773     28930    5559  78808  0000-00-00
28774     28931   44551  52926  0000-00-00
28793     28950   91626  34486  0000-00-00
28796     28953   20284  34020  0000-00-00
28797     28954   29976  34020  0000-00-00
28798     28955   29976  34020  0000-00-00
28887     29045      -1     -1  0000-00-00
28904     29062      -1     -1  0000-00-00
28905     29063      -1     -1  0000-00-00
28926     29084   90165  90161  0000-00-00
28933     29091   60594   7481  0000-00-00
28968     29127   13318  24962  0000-00-00
29019     29178   43202  91801  0000-00-00
29022     29181   76782  43087  0000-00-00
29034     29193      -1     -1  0000-00-00
29039     29198      -1     -1  0000-00-00
29056     29229      -1     -1  0000-00-00
29058     29231   29251  29247  0000-00-00
29065     29238   83025  29247  0000-00-00
29081     29254   19291  20945  0000-00-00
29139     29312   50456  22638  0000-00-00
29175     29348   39185   9446  0000-00-00
29365     29538      -1     -1  0000-00-00
29523     29696      -1     -1  0000-00-00
29544     29717   29721  29725  0000-00-00
29548     29721   29731  29725  0000-00-00
29558     29731   83461  29712  0000-00-00
29563     29736   26713  65670  0000-00-00
29566     29739   50351  96861  0000-00-00
29592     29765      -1     -1  0000-00-00
29594     29767      -1     -1  0000-00-00
29596     29769   62472  68955  0000-00-00
29598     29771      -1     -1  0000-00-00
29759     29932   60169  35864  0000-00-00
29839     30013   29976   6042  0000-00-00
29873     30048   96454   1146  0000-00-00
29929     30104   70796  14559  0000-00-00
30002     30179      -1     -1  0000-00-00
30003     30180      -1     -1  0000-00-00
30016     30193   16201  30194  0000-00-00
30023     30200   13323     -1  0000-00-00
30052     30230      -1  30231  0000-00-00
30071     30249   67907  52774  0000-00-00
30073     30251      -1     -1  0000-00-00
30087     30265    6298  44242  0000-00-00
30090     30268      -1     -1  0000-00-00
30091     30269   57185  34064  0000-00-00
30124     30302   76782  43087  0000-00-00
30151     30329      -1     -1  0000-00-00
30155     30333   79883  96855  0000-00-00
30258     30437   98469  92158  0000-00-00
30279     30458      -1     -1  0000-00-00
30291     30470    4767  30450  0000-00-00
30293     30472      -1     -1  0000-00-00
30309     30488      -1     -1  0000-00-00
30337     30516   45275  93491  0000-00-00
30344     30523   76782  43087  0000-00-00
30451     30631      -1     -1  0000-00-00
30464     30644   69741  92391  0000-00-00
30493     30673    5425  23693  0000-00-00
30564     30745    2828   6049  0000-00-00
30617     30798   12363     -1  0000-00-00
30633     30814      -1     -1  0000-00-00
30665     30846   14358  14355  0000-00-00
30666     30847   50177  30846  0000-00-00
30673     30854      -1     -1  0000-00-00
30703     30884   73369  11179  0000-00-00
30818     31005      -1     -1  0000-00-00
30835     31022   79029  35572  0000-00-00
30854     31041   56226  56218  0000-00-00
30855     31042   56214  31041  0000-00-00
30867     31054      -1     -1  0000-00-00
30887     31074   31076  31088  0000-00-00
30889     31076   31098  47246  0000-00-00
30891     31078      -1     -1  0000-00-00
30893     31080   48774  31077  0000-00-00
30901     31088   47267  47246  0000-00-00
30908     31095      -1     -1  0000-00-00
30911     31098      -1     -1  0000-00-00
30944     31131   25037  31147  0000-00-00
30949     31136   36963  31126  0000-00-00
30953     31140   37595  31147  0000-00-00
30957     31144      -1     -1  0000-00-00
30959     31146   72002  31147  0000-00-00
30960     31147   43014  43041  0000-00-00
31090     31278      -1     -1  0000-00-00
31109     31297      -1     -1  0000-00-00
31116     31305   90165  90161  0000-00-00
31151     31340   51887  52004  0000-00-00
31164     31353      -1     -1  0000-00-00
31235     31424   60131  92090  0000-00-00
31255     31444   42256   3936  0000-00-00
31304     31495      -1     -1  0000-00-00
31322     31513      -1     -1  0000-00-00
31373     31564   11100   9430  0000-00-00
31384     31575   41788  27983  0000-00-00
31397     31588   91626  34486  0000-00-00
31416     31607   73811  51191  0000-00-00
31434     31625      -1     -1  0000-00-00
31435     31626      -1     -1  0000-00-00
31472     31663   68623     -1  0000-00-00
31508     31699   31721   6978  0000-00-00
31511     31702   93759  31716  0000-00-00
31513     31704      -1     -1  0000-00-00
31514     31705   31701  31710  0000-00-00
31517     31708   92210  31699  0000-00-00
31518     31709   23981  28136  0000-00-00
31519     31710   31720     -1  0000-00-00
31521     31712      -1     -1  0000-00-00
31529     31720      -1     -1  0000-00-00
31530     31721   11046  31713  0000-00-00
31578     31769   31770  31768  0000-00-00
31687     31879      -1     -1  0000-00-00
31704     31896   31890  31906  0000-00-00
31705     31897   31889  31896  0000-00-00
31716     31908   43014  31898  0000-00-00
31717     31909     923  31924  0000-00-00
31724     31916   42990  31920  0000-00-00
31725     31917   31889  31894  0000-00-00
31728     31920      -1     -1  0000-00-00
31734     31926   31908  31931  0000-00-00
31739     31931   31908  31897  0000-00-00
31747     31939      -1     -1  0000-00-00
31764     31956   24384  96434  0000-00-00
31768     31960   50702  65433  0000-00-00
31788     31980      -1     -1  0000-00-00
31789     31981      -1     -1  0000-00-00
31795     31987   32026  54378  0000-00-00
31802     31994      -1     -1  0000-00-00
31811     32003      -1     -1  0000-00-00
31822     32014      -1     -1  0000-00-00
31876     32068   96876  52207  0000-00-00
31882     32074      -1     -1  0000-00-00
31891     32083   16074  47020  0000-00-00
31900     32092   90748  32083  0000-00-00
31903     32095   90664  78742  0000-00-00
31910     32102   90664  32086  0000-00-00
31914     32106   90748  39708  0000-00-00
32011     32203      -1     -1  0000-00-00
32048     32240   17973     -1  0000-00-00
32100     32295      -1     -1  0000-00-00
32143     32344      -1     -1  0000-00-00
32168     32370   83132  51055  0000-00-00
32193     32396      -1     -1  0000-00-00
32246     32455   31532  90365  0000-00-00
32248     32457   86024  78866  0000-00-00
32249     32458      -1     -1  0000-00-00
32271     32480   25168  89441  0000-00-00
32303     32512      -1     -1  0000-00-00
32387     32596      -1     -1  0000-00-00
32413     32622   69493   1146  0000-00-00
32420     32629      -1     -1  0000-00-00
32457     32666      -1     -1  0000-00-00
32467     32676      -1     -1  0000-00-00
32503     32712      -1     -1  0000-00-00
32569     32778      -1     -1  0000-00-00
32630     32839      -1     -1  0000-00-00
32637     32846   32970  32797  0000-00-00
32639     32848   33087  52581  0000-00-00
32640     32849      -1     -1  0000-00-00
32653     32862   33046     -1  0000-00-00
32726     32935      -1     -1  0000-00-00
32942     33151   32594     53  0000-00-00
32946     33155    8949  91724  0000-00-00
32970     33179    7638  17533  0000-00-00
32981     33190   90660  90837  0000-00-00
33031     33241   38730  33284  0000-00-00
33037     33247   28845  28852  0000-00-00
33045     33255   38730  33247  0000-00-00
33071     33284   33264  33286  0000-00-00
33078     33291   29716  33241  0000-00-00
33110     33323   40725  15155  0000-00-00
33128     33341    8802  34487  0000-00-00
33197     33410    4704   3100  0000-00-00
33211     33424   95498  92661  0000-00-00
33213     33426   50780   7403  0000-00-00
33217     33430      -1     -1  0000-00-00
33279     33492    7853  33523  0000-00-00
33343     33556      -1     -1  0000-00-00
33353     33566      -1     -1  0000-00-00
33397     33610      -1     -1  0000-00-00
33413     33626      -1     -1  0000-00-00
33416     33629      -1     -1  0000-00-00
33458     33671   36434     -1  0000-00-00
33508     33721      -1     -1  0000-00-00
33511     33724   76493  49151  0000-00-00
33543     33756   47075    749  0000-00-00
33544     33757      -1     -1  0000-00-00
33563     33776      -1     -1  0000-00-00
33576     33789   33224  22086  0000-00-00
33577     33790   33224  22086  0000-00-00
33619     33832      -1     -1  0000-00-00
33621     33834   24384  96434  0000-00-00
33650     33864      -1     -1  0000-00-00
33660     33874      -1     -1  0000-00-00
33685     33899      -1     -1  0000-00-00
33689     33903   68601   9413  0000-00-00
33705     33919      -1     -1  0000-00-00
33718     33932   89048  33931  0000-00-00
33723     33937   18352  89091  0000-00-00
33742     33956   55288  33937  0000-00-00
33753     33967   55288  89091  0000-00-00
33773     33989   14490  14492  0000-00-00
33774     33990   21760  21752  0000-00-00
33775     33991   33990  33989  0000-00-00
33890     34108   48593  42199  0000-00-00
33898     34116      -1     -1  0000-00-00
33932     34150   96413   4343  0000-00-00
33938     34156      -1     -1  0000-00-00
33946     34164   11020  25272  0000-00-00
33964     34182      -1     -1  0000-00-00
33990     34208      -1     -1  0000-00-00
34036     34254   82201  85427  0000-00-00
34070     34288      -1     -1  0000-00-00
34073     34291      -1     -1  0000-00-00
34074     34292      -1     -1  0000-00-00
34082     34300   59777  51159  0000-00-00
34086     34304      -1     -1  0000-00-00
34091     34309      -1     -1  0000-00-00
34093     34311      -1     -1  0000-00-00
34107     34325      -1     -1  0000-00-00
34108     34326      -1     -1  0000-00-00
34137     34355      -1     -1  0000-00-00
34143     34361   34556  34797  0000-00-00
34145     34363      -1     -1  0000-00-00
34147     34365      -1     -1  0000-00-00
34149     34367   34366  34355  0000-00-00
34165     34383      -1     -1  0000-00-00
34169     34387   34407  34415  0000-00-00
34171     34389      -1     -1  0000-00-00
34176     34394      -1     -1  0000-00-00
34180     34398      -1     -1  0000-00-00
34183     34401      -1     -1  0000-00-00
34188     34406      -1     -1  0000-00-00
34197     34415   20755  14610  0000-00-00
34235     34453      -1     -1  0000-00-00
34242     34460    3805  88532  0000-00-00
34256     34474    6035  48561  0000-00-00
34268     34486   86013  77321  0000-00-00
34275     34493      -1     -1  0000-00-00
34276     34494      -1     -1  0000-00-00
34292     34510      -1     -1  0000-00-00
34294     34512      -1     -1  0000-00-00
34331     34549      -1     -1  0000-00-00
34345     34563   68084  63456  0000-00-00
34419     34637      -1     -1  0000-00-00
34552     34770      -1     -1  0000-00-00
34563     34781   70679  73624  0000-00-00
34567     34785      -1     -1  0000-00-00
34575     34793   29976  69489  0000-00-00
34578     34796   25168  89441  0000-00-00
34607     34825      -1     -1  0000-00-00
34625     34843   69931  78316  0000-00-00
34786     35004   54171  57387  0000-00-00
34825     35043      -1     -1  0000-00-00
34849     35067   72299  28161  0000-00-00
34922     35142   26365  79121  0000-00-00
34932     35152    9866  66242  0000-00-00
34933     35153   81021  66242  0000-00-00
34934     35154      -1     -1  0000-00-00
34937     35157      -1     -1  0000-00-00
34940     35160      -1     -1  0000-00-00
34955     35175      -1     -1  0000-00-00
34977     35197   90753  48957  0000-00-00
34991     35211      -1     -1  0000-00-00
35023     35243   21925  19144  0000-00-00
35048     35268      -1     -1  0000-00-00
35055     35275   35705  65189  0000-00-00
35268     35488   43069  35471  0000-00-00
35280     35500      -1     -1  0000-00-00
35293     35513   56417  76574  0000-00-00
35302     35522   48460  85164  0000-00-00
35304     35524   10418  79096  0000-00-00
35309     35529      -1     -1  0000-00-00
35310     35530      -1     -1  0000-00-00
35325     35545      -1     -1  0000-00-00
35349     35569   25760  25759  0000-00-00
35350     35570   69661  16385  0000-00-00
35377     35597   90660  90837  0000-00-00
35404     35624      -1     -1  0000-00-00
35414     35634      -1     -1  0000-00-00
35455     35676      -1     -1  0000-00-00
35484     35705      -1     -1  0000-00-00
35507     35728   35723  39370  0000-00-00
35530     35752      -1     -1  0000-00-00
35531     35753   49447  37597  0000-00-00
35532     35754   88411  35752  0000-00-00
35558     35780   37218    877  0000-00-00
35577     35800   12139  67660  0000-00-00
35578     35801    1407  66052  0000-00-00
35595     35819   35821  30435  0000-00-00
35636     35861   83132  49722  0000-00-00
35638     35863      -1     -1  0000-00-00
35639     35864   35861  35863  0000-00-00
35640     35865    5309  35863  0000-00-00
35642     35867    8950  35864  0000-00-00
35643     35868      -1     -1  0000-00-00
35661     35886   38090  35884  0000-00-00
35669     35894   46013  79095  0000-00-00
35684     35909    2834  35924  0000-00-00
35795     36020   98522   2873  0000-00-00
35802     36027   98469   2873  0000-00-00
35868     36093    7949  53230  0000-00-00
36068     36293      -1     -1  0000-00-00
36069     36294   52345  56523  0000-00-00
36070     36295   86662  36294  0000-00-00
36073     36298   56487  96057  0000-00-00
36074     36299   47578  96072  0000-00-00
36203     36428      -1     -1  0000-00-00
36229     36454      -1     -1  0000-00-00
36265     36490   25161  84086  0000-00-00
36358     36583   48967  74672  0000-00-00
36400     36625   53001  28806  0000-00-00
36429     36655   82839  82875  0000-00-00
36456     36683      -1     -1  0000-00-00
36457     36684   36685  36688  0000-00-00
36458     36685   31513   9333  0000-00-00
36465     36692   36686  49236  0000-00-00
36466     36693      -1     -1  0000-00-00
36471     36698   91768  59398  0000-00-00
36474     36701   34312  36679  0000-00-00
36569     36797   36857  36921  0000-00-00
36756     36984   16508  36969  0000-00-00
36758     36986   23371  36981  0000-00-00
36780     37008      -1     -1  0000-00-00
36793     37021   33360   3418  0000-00-00
36831     37059      -1     -1  0000-00-00
36987     37216   56086  43238  0000-00-00
36988     37217    3279   6318  0000-00-00
36991     37220      -1     -1  0000-00-00
37033     37262      -1     -1  0000-00-00
37065     37295      -1     -1  0000-00-00
37066     37296      -1     -1  0000-00-00
37107     37337      -1     -1  0000-00-00
37110     37340   46147  11517  0000-00-00
37172     37402   84232  37401  0000-00-00
37228     37458   48974  96431  0000-00-00
37338     37568   93359  78828  0000-00-00
37340     37570      -1     -1  0000-00-00
37343     37573      -1     -1  0000-00-00
37345     37575      -1     -1  0000-00-00
37365     37595   88412  31133  0000-00-00
37367     37597   88412  31133  0000-00-00
37392     37622      -1     -1  0000-00-00
37431     37663      -1     -1  0000-00-00
37628     37861   39633  51162  0000-00-00
37702     37935      -1     -1  0000-00-00
37739     37972   39926   3198  0000-00-00
37759     37992   49916  53535  0000-00-00
37762     37995   37994  63641  0000-00-00
37793     38026   86067  70579  0000-00-00
37800     38033      -1     -1  0000-00-00
37836     38069   82666     -1  0000-00-00
37844     38077      -1     -1  0000-00-00
37913     38146   30302  76787  0000-00-00
38172     38405      -1     -1  0000-00-00
38178     38411   12869  98331  0000-00-00
38195     38428      -1     -1  0000-00-00
38260     38493   38498  38491  0000-00-00
38311     38544      -1     -1  0000-00-00
38411     38644   65845  25528  0000-00-00
38421     38654   86098  35634  0000-00-00
38442     38675   86098  38644  0000-00-00
38449     38682      -1     -1  0000-00-00
38496     38729    4472  72008  0000-00-00
38499     38732      -1     -1  0000-00-00
38500     38733   39747  38729  0000-00-00
38513     38746      -1     -1  0000-00-00
38517     38750   83687  15092  0000-00-00
38551     38784   90853  62654  0000-00-00
38578     38812   78125  86332  0000-00-00
38650     38884      -1     -1  0000-00-00
38652     38886      -1     -1  0000-00-00
38653     38887      -1     -1  0000-00-00
38714     38948   81399  77656  0000-00-00
38908     39144      -1     -1  0000-00-00
38950     39187   88934  88938  0000-00-00
38967     39204      -1     -1  0000-00-00
39086     39323      -1     -1  0000-00-00
39089     39326      -1     -1  0000-00-00
39090     39327      -1     -1  0000-00-00
39100     39337      -1     -1  0000-00-00
39134     39371   18872  81748  0000-00-00
39138     39375   39451  39414  0000-00-00
39140     39377   89200  81837  0000-00-00
39144     39381      -1     -1  0000-00-00
39149     39386      -1     -1  0000-00-00
39151     39388   39426  18415  0000-00-00
39152     39389      -1     -1  0000-00-00
39154     39391      -1     -1  0000-00-00
39160     39397      -1     -1  0000-00-00
39168     39405      -1     -1  0000-00-00
39177     39414   39429  18422  0000-00-00
39207     39444      -1     -1  0000-00-00
39208     39445   39426  39424  0000-00-00
39295     39532      -1     -1  0000-00-00
39302     39539      -1     -1  0000-00-00
39368     39605      -1     -1  0000-00-00
39378     39615   39594  39597  0000-00-00
39384     39621      -1     -1  0000-00-00
39392     39629      -1     -1  0000-00-00
39405     39642      -1     -1  0000-00-00
39439     39676      -1     -1  0000-00-00
39465     39702      -1     -1  0000-00-00
39552     39789   39769  39741  0000-00-00
39572     39809      -1     -1  0000-00-00
39626     39863      -1     -1  0000-00-00
39643     39880   30680  28829  0000-00-00
39660     39897      -1     -1  0000-00-00
39676     39914      -1     -1  0000-00-00
39696     39935   12817   1539  0000-00-00
39782     40021      -1     -1  0000-00-00
39783     40022      -1     -1  0000-00-00
39786     40025   74685   3812  0000-00-00
39787     40026   43005  20512  0000-00-00
39789     40028      -1     -1  0000-00-00
39794     40033   56052  78668  0000-00-00
39797     40036   11020  63911  0000-00-00
39799     40038      -1     -1  0000-00-00
39800     40039      -1     -1  0000-00-00
39801     40040   43005  40038  0000-00-00
39802     40041   43005  40038  0000-00-00
39817     40056      -1     -1  0000-00-00
39983     40224   47578  88941  0000-00-00
39984     40225      -1     -1  0000-00-00
40005     40246   48293  33864  0000-00-00
40034     40275   33850  33888  0000-00-00
40527     40770   40496  40774  0000-00-00
40782     41025   83702  80260  0000-00-00
40927     41170      -1     -1  0000-00-00
40928     41171      -1     -1  0000-00-00
40973     41216      -1     -1  0000-00-00
40980     41223      -1     -1  0000-00-00
41170     41413   70562  35198  0000-00-00
41185     41429   20734  39532  0000-00-00
41383     41629      -1     -1  0000-00-00
41385     41631      -1     -1  0000-00-00
41388     41634      -1     -1  0000-00-00
41404     41650   39470  31882  0000-00-00
41420     41666   37187  23172  0000-00-00
41450     41696   26951  29693  0000-00-00
41463     41709   50143  46452  0000-00-00
41464     41710   98522  50168  0000-00-00
41465     41711   98522  50168  0000-00-00
41467     41713   97849  41710  0000-00-00
41470     41716    4767  41738  0000-00-00
41473     41719   62451   5658  0000-00-00
41475     41721      -1     -1  0000-00-00
41476     41722   97938  41712  0000-00-00
41477     41723   87077  41729  0000-00-00
41479     41725      -1     -1  0000-00-00
41480     41726   90386  23360  0000-00-00
41483     41729    4767  41739  0000-00-00
41488     41734   87077   9274  0000-00-00
41492     41738   98522  23360  0000-00-00
41493     41739      -1     -1  0000-00-00
41525     41771      -1     -1  0000-00-00
41532     41778   74948  58934  0000-00-00
41555     41801   70823  63320  0000-00-00
41594     41840   96576  22149  0000-00-00
41597     41843   70562  35198  0000-00-00
41616     41862   51291  81724  0000-00-00
41629     41875      -1     -1  0000-00-00
41648     41894   65492  41883  0000-00-00
41652     41898   41891  95227  0000-00-00
41661     41907   12607  41898  0000-00-00
41667     41913   58672  24190  0000-00-00
41694     41940   18220  30437  0000-00-00
41698     41944   88278  96713  0000-00-00
41820     42066   39093  18223  0000-00-00
41875     42121   40705  41985  0000-00-00
41921     42167   39093  42153  0000-00-00
41990     42236   39093   3282  0000-00-00
42016     42262      -1     -1  0000-00-00
42020     42266   83132  42152  0000-00-00
42049     42295      -1     -1  0000-00-00
42059     42305   27924  70664  0000-00-00
42063     42309      -1     -1  0000-00-00
42075     42321   58746  63887  0000-00-00
42089     42335      -1     -1  0000-00-00
42104     42350   50780  21773  0000-00-00
42139     42385   15126  33410  0000-00-00
42173     42419      -1     -1  0000-00-00
42359     42605   69457  23359  0000-00-00
42360     42606   26713     -1  0000-00-00
42361     42607     619  47458  0000-00-00
42362     42608   58734  77255  0000-00-00
42365     42611     619  47458  0000-00-00
42370     42616      -1     -1  0000-00-00
42394     42640   22981  37220  0000-00-00
42611     42858   90386  41719  0000-00-00
42642     42889      -1     -1  0000-00-00
42751     42998   31148     -1  0000-00-00
42753     43000   42998  31907  0000-00-00
42755     43002   43014  31907  0000-00-00
42757     43004   88412  42985  0000-00-00
42762     43009      -1     -1  0000-00-00
42763     43010   88411  85230  0000-00-00
42766     43013   43004  43002  0000-00-00
42777     43024      -1     -1  0000-00-00
42781     43028      -1     -1  0000-00-00
42810     43057   24384   3206  0000-00-00
42814     43061      -1     -1  0000-00-00
42823     43070      -1     -1  0000-00-00
42869     43117   37372  67910  0000-00-00
43035     43283   70562  35198  0000-00-00
43054     43303   76631  28175  0000-00-00
43056     43305   69457  23359  0000-00-00
43062     43311    2026   5473  0000-00-00
43225     43476      -1     -1  0000-00-00
43252     43503      -1     -1  0000-00-00
43329     43580   69441  91733  0000-00-00
43331     43582   70823  63320  0000-00-00
43359     43610      -1     -1  0000-00-00
43573     43826      -1     -1  0000-00-00
43581     43834      -1     -1  0000-00-00
43601     43856      -1     -1  0000-00-00
43605     43860      -1     -1  0000-00-00
43612     43867      -1     -1  0000-00-00
43618     43873   60323  44620  0000-00-00
43650     43905      -1     -1  0000-00-00
43722     43977   27631  43982  0000-00-00
43724     43979      -1     -1  0000-00-00
43727     43982   70830  41133  0000-00-00
43758     44013   38924  37665  0000-00-00
43944     44201      -1     -1  0000-00-00
44015     44273    4094  84952  0000-00-00
44044     44302   37893  92976  0000-00-00
44058     44316   42043  68780  0000-00-00
44068     44326   91679   2178  0000-00-00
44105     44363      -1     -1  0000-00-00
44127     44385      -1     -1  0000-00-00
44173     44431      -1     -1  0000-00-00
44306     44564      -1     -1  0000-00-00
44326     44584      -1     -1  0000-00-00
44327     44585      -1     -1  0000-00-00
44350     44608   30496  89265  0000-00-00
44353     44611      -1     -1  0000-00-00
44510     44770   68869  54648  0000-00-00
44537     44798   23071  44799  0000-00-00
44567     44828      -1     -1  0000-00-00
44626     44887   41434  46454  0000-00-00
44723     44984   45485  87237  0000-00-00
44724     44985      -1     -1  0000-00-00
44759     45020      -1     -1  0000-00-00
44764     45025      -1     -1  0000-00-00
44815     45077      -1     -1  0000-00-00
44834     45096      -1     -1  0000-00-00
44864     45126   40275  38377  0000-00-00
44898     45160   67804   3092  0000-00-00
44914     45176   89048  39795  0000-00-00
44937     45199      -1     -1  0000-00-00
45038     45300   23391  23377  0000-00-00
45077     45340      -1     -1  0000-00-00
45097     45360      -1     -1  0000-00-00
45105     45368   67379  67401  0000-00-00
45111     45374      -1     -1  0000-00-00
45115     45378    5068  68740  0000-00-00
45158     45421      -1     -1  0000-00-00
45249     45513   45541  45553  0000-00-00
45279     45543      -1     -1  0000-00-00
45285     45549      -1     -1  0000-00-00
45326     45590   72270  45615  0000-00-00
45328     45592   30795  45615  0000-00-00
45352     45616      -1     -1  0000-00-00
45394     45658      -1     -1  0000-00-00
45399     45663   43973  89925  0000-00-00
45464     45729      -1     -1  0000-00-00
45471     45736   25537  96362  0000-00-00
45488     45753   74669  69348  0000-00-00
45489     45754   45753  69345  0000-00-00
45490     45755   45753  69345  0000-00-00
45500     45765      -1     -1  0000-00-00
45512     45777      -1     -1  0000-00-00
45515     45780   61055  33427  0000-00-00
45519     45784      -1     -1  0000-00-00
45527     45792      -1     -1  0000-00-00
45541     45806   91679   2178  0000-00-00
45582     45847   25489  87674  0000-00-00
45718     45983      -1     -1  0000-00-00
45727     45994   27195  70738  0000-00-00
45746     46013      -1     -1  0000-00-00
45784     46051   49906  37992  0000-00-00
45785     46052      -1     -1  0000-00-00
45862     46129      -1     -1  0000-00-00
45880     46147   53915  53916  0000-00-00
45881     46148   53915  53916  0000-00-00
45882     46149      -1     -1  0000-00-00
45992     46264   46266  73853  0000-00-00
45993     46265   18402  73864  0000-00-00
45994     46266   18402  73864  0000-00-00
45995     46267   46266  73853  0000-00-00
45996     46268   97723  73864  0000-00-00
45997     46269   97723  90184  0000-00-00
45998     46270   46266  73853  0000-00-00
45999     46271   97723  73864  0000-00-00
46000     46272      -1     -1  0000-00-00
46002     46274      -1     -1  0000-00-00
46003     46275   33064     -1  0000-00-00
46008     46280   25168  46277  0000-00-00
46084     46356      -1     -1  0000-00-00
46090     46362   56278  56272  0000-00-00
46171     46443   56099  43283  0000-00-00
46175     46447   75107  78805  0000-00-00
46180     46452   15055  47968  0000-00-00
46182     46454   57185  34064  0000-00-00
46419     46691   69493  49896  0000-00-00
46486     46758   69741  37216  0000-00-00
46504     46776      -1     -1  0000-00-00
46508     46780    5086   5075  0000-00-00
46559     46831   69493   9276  0000-00-00
46637     46913      -1     -1  0000-00-00
46674     46950      -1     -1  0000-00-00
46676     46952      -1     -1  0000-00-00
46722     46998    1069   1051  0000-00-00
46736     47012      -1     -1  0000-00-00
46737     47013   40056   9523  0000-00-00
46738     47014   50507  47012  0000-00-00
46740     47016   90854  47019  0000-00-00
46741     47017   90854   9523  0000-00-00
46751     47027      -1     -1  0000-00-00
46771     47047      -1     -1  0000-00-00
46799     47075   33757  73798  0000-00-00
46802     47078   89712  57573  0000-00-00
46804     47080   60579  60580  0000-00-00
46821     47097      -1     -1  0000-00-00
46939     47215      -1     -1  0000-00-00
47020     47296   24896  24893  0000-00-00
47021     47297   24921  24918  0000-00-00
47047     47323   47389  85175  0000-00-00
47055     47331      -1     -1  0000-00-00
47107     47383   93670  47391  0000-00-00
47125     47401    6901  48560  0000-00-00
47182     47458      -1     -1  0000-00-00
47265     47541   43223     -1  0000-00-00
47298     47575      -1     -1  0000-00-00
47331     47608   40705  23359  0000-00-00
47342     47620      -1     -1  0000-00-00
47345     47623   75107  78805  0000-00-00
47412     47690      -1     -1  0000-00-00
47462     47740      -1     -1  0000-00-00
47489     47767      -1     -1  0000-00-00
47610     47890   21921  51191  0000-00-00
47612     47892      -1     -1  0000-00-00
47614     47894      -1     -1  0000-00-00
47636     47916   67670  67671  0000-00-00
47688     47968   59808  34020  0000-00-00
47706     47986      -1     -1  0000-00-00
47718     47998      -1     -1  0000-00-00
47807     48087   50914  50896  0000-00-00
47847     48127      -1     -1  0000-00-00
47892     48173      -1     -1  0000-00-00
47893     48174   79676  24279  0000-00-00
47895     48176   79611  48180  0000-00-00
47899     48180      -1     -1  0000-00-00
47900     48181      -1     -1  0000-00-00
47902     48183   87171  92322  0000-00-00
47906     48187   27721  72437  0000-00-00
47912     48193      -1     -1  0000-00-00
47919     48200    8729  96409  0000-00-00
47923     48204      -1     -1  0000-00-00
47924     48205      -1     -1  0000-00-00
47956     48237      -1     -1  0000-00-00
47995     48276    8863  66735  0000-00-00
47997     48278      -1     -1  0000-00-00
48106     48387      -1     -1  0000-00-00
48108     48389      -1     -1  0000-00-00
48110     48391   58642   4646  0000-00-00
48120     48401      -1     -1  0000-00-00
48147     48428      -1     -1  0000-00-00
48165     48446      -1     -1  0000-00-00
48194     48475   27063  13320  0000-00-00
48242     48523    5425  20136  0000-00-00
48261     48542   70821  48546  0000-00-00
48264     48545   47220  56458  0000-00-00
48266     48547   47220  56458  0000-00-00
48315     48596   76619  12904  0000-00-00
48356     48638      -1     -1  0000-00-00
48363     48645   48654  48691  0000-00-00
48378     48660   44744   3790  0000-00-00
48379     48661   62451  42566  0000-00-00
48380     48662   44744  14621  0000-00-00
48442     48724   14722   7492  0000-00-00
48457     48739   87377  67110  0000-00-00
48475     48758   65870  48771  0000-00-00
48596     48880      -1     -1  0000-00-00
48652     48936   86276  42802  0000-00-00
48671     48955   39691   3404  0000-00-00
48683     48967   88351  45754  0000-00-00
48685     48969   48970  30351  0000-00-00
48686     48970   60857  25811  0000-00-00
48781     49065      -1     -1  0000-00-00
48788     49072   76619   3834  0000-00-00
48791     49075   69873  69865  0000-00-00
48805     49089   91816  86127  0000-00-00
48821     49106   49105  53564  0000-00-00
48863     49149      -1     -1  0000-00-00
48891     49177   14660  14608  0000-00-00
48905     49191      -1     -1  0000-00-00
48906     49192      -1     -1  0000-00-00
48933     49219      -1     -1  0000-00-00
48944     49230   80844  80842  0000-00-00
48971     49257   90884     -1  0000-00-00
48983     49270      -1     -1  0000-00-00
48990     49277      -1     -1  0000-00-00
49010     49297      -1     -1  0000-00-00
49077     49365      -1     -1  0000-00-00
49085     49373      -1     -1  0000-00-00
49155     49443   50954  18299  0000-00-00
49156     49444   18220  30437  0000-00-00
49161     49449   73849  98510  0000-00-00
49164     49452   90166  98510  0000-00-00
49169     49457      -1     -1  0000-00-00
49174     49462   24341  90617  0000-00-00
49189     49479      -1     -1  0000-00-00
49331     49623      -1     -1  0000-00-00
49352     49644      -1     -1  0000-00-00
49369     49662      -1     -1  0000-00-00
49384     49677      -1     -1  0000-00-00
49427     49721   49703     -1  0000-00-00
49435     49729   49733  49736  0000-00-00
49437     49731      -1     -1  0000-00-00
49440     49734   49733  49736  0000-00-00
49443     49737   49744  49730  0000-00-00
49447     49741      -1     -1  0000-00-00
49451     49745      -1     -1  0000-00-00
49452     49746   49734  49737  0000-00-00
49453     49747   49733  49736  0000-00-00
49455     49749   80876     -1  0000-00-00
49461     49755      -1     -1  0000-00-00
49606     49903      -1     -1  0000-00-00
49609     49906   59264  72575  0000-00-00
49619     49916      -1     -1  0000-00-00
49623     49920   49936   8622  0000-00-00
49630     49927   20188  69344  0000-00-00
49670     49968   49990  50019  0000-00-00
49671     49969   82972   2214  0000-00-00
49678     49976   83251   2214  0000-00-00
49684     49982   82972  49984  0000-00-00
49685     49983   82972  49984  0000-00-00
49692     49990   28428  33857  0000-00-00
49721     50019   28428  90503  0000-00-00
49725     50023   82972   2214  0000-00-00
49740     50038   53845  82714  0000-00-00
49744     50042   50702  70837  0000-00-00
49763     50061   50076  50053  0000-00-00
49783     50081   31354  58603  0000-00-00
49786     50084   31607  53338  0000-00-00
49845     50143   87077  65703  0000-00-00
49862     50160      -1     -1  0000-00-00
49879     50177    9174  46356  0000-00-00
49880     50178      -1     -1  0000-00-00
49883     50181    9174  35676  0000-00-00
49884     50182      -1     -1  0000-00-00
49896     50194   50938  86969  0000-00-00
50034     50334      -1     -1  0000-00-00
50053     50353      -1     -1  0000-00-00
50089     50389   68267  95699  0000-00-00
50156     50456      -1     -1  0000-00-00
50158     50458   76619  10913  0000-00-00
50168     50468   19609  10913  0000-00-00
50175     50475   19609  10913  0000-00-00
50191     50491      -1     -1  0000-00-00
50246     50546   49476   6454  0000-00-00
50249     50549   50557  45767  0000-00-00
50275     50575      -1     -1  0000-00-00
50777     51078      -1     -1  0000-00-00
50858     51159   23669  49345  0000-00-00
50861     51162      -1     -1  0000-00-00
50881     51182      -1     -1  0000-00-00
50890     51191   31575  29181  0000-00-00
50918     51219      -1     -1  0000-00-00
50922     51223   75213  56464  0000-00-00
50945     51246   83212  51243  0000-00-00
51098     51400   97939  73217  0000-00-00
51145     51448   25037  31142  0000-00-00
51148     51451      -1     -1  0000-00-00
51173     51476   90165  90153  0000-00-00
51202     51508   69982  20924  0000-00-00
51225     51532   57185  98464  0000-00-00
51272     51579   17280  28485  0000-00-00
51273     51580      -1     -1  0000-00-00
51337     51645    8947  29739  0000-00-00
51364     51673   76631  41722  0000-00-00
51371     51680   83562  68736  0000-00-00
51374     51683      -1     -1  0000-00-00
51402     51711      -1     -1  0000-00-00
51407     51716      -1     -1  0000-00-00
51415     51724      -1     -1  0000-00-00
51424     51733      -1     -1  0000-00-00
51428     51737      -1     -1  0000-00-00
51435     51744      -1     -1  0000-00-00
51436     51745   74345  51742  0000-00-00
51445     51754   50954  18299  0000-00-00
51461     51770   39433  81802  0000-00-00
51492     51801   27267  96911  0000-00-00
51562     51872   37947  72920  0000-00-00
51600     51910   33574  34325  0000-00-00
51711     52021   33544     -1  0000-00-00
51732     52042   66699  52041  0000-00-00
51804     52114   91984  70584  0000-00-00
51891     52201   60957    924  0000-00-00
51903     52213      -1     -1  0000-00-00
51939     52249   91974  66984  0000-00-00
51950     52260      -1     -1  0000-00-00
51955     52265      -1     -1  0000-00-00
51959     52269   94512  88490  0000-00-00
51969     52279      -1  51732  0000-00-00
51987     52297      -1     -1  0000-00-00
51989     52299   87271  52297  0000-00-00
52007     52317   44338  52319  0000-00-00
52008     52318   11020  63911  0000-00-00
52009     52319   26723  25123  0000-00-00
52011     52321   44338  26725  0000-00-00
52031     52341      -1     -1  0000-00-00
52033     52343   77727  91972  0000-00-00
52037     52347   77727  91972  0000-00-00
52042     52352   77727  91972  0000-00-00
52044     52354   52343  60905  0000-00-00
52046     52356   77727  91972  0000-00-00
52048     52358      -1     -1  0000-00-00
52054     52364      -1     -1  0000-00-00
52055     52365   72248  48658  0000-00-00
52080     52390      -1     -1  0000-00-00
52084     52394   29063  69581  0000-00-00
52210     52520      -1     -1  0000-00-00
52214     52524   72248  90365  0000-00-00
52236     52546   30680  41650  0000-00-00
52255     52565   50866  50896  0000-00-00
52261     52571    2486  22962  0000-00-00
52286     52597      -1     -1  0000-00-00
52288     52599   35628  52601  0000-00-00
52291     52602      -1     -1  0000-00-00
52292     52603      -1     -1  0000-00-00
52312     52623   25168  15755  0000-00-00
52324     52635   33064  52623  0000-00-00
52328     52639   25168  52599  0000-00-00
52343     52654   42653  28268  0000-00-00
52390     52701      -1     -1  0000-00-00
52415     52726    4783  11704  0000-00-00
52462     52773   52775  52795  0000-00-00
52485     52796   67175  87347  0000-00-00
52607     52918      -1     -1  0000-00-00
52632     52943      -1     -1  0000-00-00
52666     52977      -1     -1  0000-00-00
52698     53011      -1     -1  0000-00-00
52702     53015      -1     -1  0000-00-00
52703     53016      -1     -1  0000-00-00
52755     53068   87945  60295  0000-00-00
52756     53069      -1     -1  0000-00-00
52817     53130      -1     -1  0000-00-00
52818     53131   53138  53145  0000-00-00
52820     53133   94642  53144  0000-00-00
52821     53134      -1     -1  0000-00-00
52824     53137   53153  53130  0000-00-00
52826     53139   53153  53147  0000-00-00
52827     53140   37595  53141  0000-00-00
52828     53141   94642   5682  0000-00-00
52829     53142   94642  53151  0000-00-00
52831     53144   53138     -1  0000-00-00
52832     53145   14509  72694  0000-00-00
52834     53147   53148  53141  0000-00-00
52837     53150      -1     -1  0000-00-00
52839     53153   94642   5692  0000-00-00
52843     53157   88667  53141  0000-00-00
52847     53161      -1     -1  0000-00-00
52849     53163      -1     -1  0000-00-00
52869     53184      -1     -1  0000-00-00
52879     53194   92469  97727  0000-00-00
52913     53229      -1     -1  0000-00-00
52988     53304      -1     -1  0000-00-00
52998     53314   96576  62150  0000-00-00
53003     53319    2299   9512  0000-00-00
53022     53338   21921  51191  0000-00-00
53052     53368      -1  11248  0000-00-00
53143     53459      -1     -1  0000-00-00
53146     53462      -1     -1  0000-00-00
53149     53465    7971   7891  0000-00-00
53156     53472      -1     -1  0000-00-00
53204     53521      -1     -1  0000-00-00
53218     53535      -1     -1  0000-00-00
53220     53537     678   4665  0000-00-00
53272     53589      -1     -1  0000-00-00
53278     53595      -1     -1  0000-00-00
53280     53597      -1     -1  0000-00-00
53320     53637      -1  57372  0000-00-00
53377     53694      -1     -1  0000-00-00
53436     53753      -1     -1  0000-00-00
53472     53789      -1     -1  0000-00-00
53488     53805   60013  77271  0000-00-00
53528     53845   40246  59974  0000-00-00
53533     53850      -1     -1  0000-00-00
53546     53863   50780  22224  0000-00-00
53597     53914      -1     -1  0000-00-00
53598     53915      -1     -1  0000-00-00
53599     53916      -1     -1  0000-00-00
53636     53953      -1     -1  0000-00-00
53749     54067   70247  34278  0000-00-00
53773     54091   89256  56179  0000-00-00
53819     54137   42858  62653  0000-00-00
53821     54139   97679   1022  0000-00-00
53822     54140   92380  62653  0000-00-00
53824     54142      -1     -1  0000-00-00
53851     54169    3303  47014  0000-00-00
53852     54170   36660   7447  0000-00-00
53863     54181   38052  89663  0000-00-00
53870     54188      -1     -1  0000-00-00
53871     54189   97623  54188  0000-00-00
53883     54201   62247  84044  0000-00-00
53899     54217      -1     -1  0000-00-00
53903     54221    6925  91786  0000-00-00
53905     54223   90386  55694  0000-00-00
53908     54226   97623  54225  0000-00-00
53911     54229      -1     -1  0000-00-00
53915     54233   95498  41733  0000-00-00
53950     54268      -1     -1  0000-00-00
53991     54309   48475  64564  0000-00-00
53998     54316   48400  52565  0000-00-00
54012     54334   50288  54368  0000-00-00
54022     54344   10216  54372  0000-00-00
54046     54368   82994  52249  0000-00-00
54050     54372    8777  54420  0000-00-00
54087     54409   77727  91953  0000-00-00
54098     54420   82994  54421  0000-00-00
54140     54462   82994  54362  0000-00-00
54244     54567      -1     -1  0000-00-00
54297     54621   79881  42305  0000-00-00
54327     54651   50866     -1  0000-00-00
54346     54670      -1     -1  0000-00-00
54394     54718    6035  48936  0000-00-00
54405     54729      -1     -1  0000-00-00
54434     54758      -1     -1  0000-00-00
54456     54782   69650  71730  0000-00-00
54460     54786   80490  91716  0000-00-00
54466     54793      -1     -1  0000-00-00
54471     54798      -1     -1  0000-00-00
54604     54934   41820  53812  0000-00-00
54634     54964      -1     -1  0000-00-00
54666     54996      -1     -1  0000-00-00
54679     55009   70562  90530  0000-00-00
54697     55027   85144  58694  0000-00-00
54698     55028      -1     -1  0000-00-00
54731     55062   20671  23651  0000-00-00
54733     55064   20671  49321  0000-00-00
54736     55067   55678  24204  0000-00-00
54737     55068      -1     -1  0000-00-00
54770     55101      -1     -1  0000-00-00
54786     55117      -1     -1  0000-00-00
55090     55430   17423  50295  0000-00-00
55118     55475      -1     -1  0000-00-00
55153     55510   76619     -1  0000-00-00
55249     55606   78481   8227  0000-00-00
55261     55618      -1     -1  0000-00-00
55263     55620      -1     -1  0000-00-00
55264     55621      -1     -1  0000-00-00
55266     55623      -1     -1  0000-00-00
55292     55650      -1     -1  0000-00-00
55316     55674      -1     -1  0000-00-00
55336     55694   62451  97848  0000-00-00
55348     55706   83132  78036  0000-00-00
55449     55807   10113     -1  0000-00-00
55456     55814    1646  61854  0000-00-00
55696     56054      -1     -1  0000-00-00
55717     56075      -1     -1  0000-00-00
55728     56086      -1     -1  0000-00-00
55740     56098      -1     -1  0000-00-00
55801     56159   78996  45461  0000-00-00
55813     56171   15453  86596  0000-00-00
55817     56175   23719  28155  0000-00-00
55825     56183   77772  45421  0000-00-00
55841     56199      -1     -1  0000-00-00
55844     56202      -1     -1  0000-00-00
55856     56214   56226  57169  0000-00-00
55859     56217    8378  69566  0000-00-00
55860     56218      -1     -1  0000-00-00
55861     56219   50793  69566  0000-00-00
55862     56220   56228  56224  0000-00-00
55865     56223   50793  56224  0000-00-00
55866     56224   80638   8293  0000-00-00
55867     56225      -1     -1  0000-00-00
55868     56226      -1     -1  0000-00-00
55870     56228      -1     -1  0000-00-00
55871     56229   69567   8293  0000-00-00
55872     56230    8378  56220  0000-00-00
55913     56271   58640  11486  0000-00-00
55993     56351   39471  31492  0000-00-00
56002     56360      -1     -1  0000-00-00
56003     56361      -1     -1  0000-00-00
56024     56382   32594  46383  0000-00-00
56040     56398      -1     -1  0000-00-00
56041     56399   68031  56398  0000-00-00
56050     56408   63251  64331  0000-00-00
56051     56409   98164  56408  0000-00-00
56064     56422    6925  91786  0000-00-00
56083     56441      -1     -1  0000-00-00
56109     56467      -1     -1  0000-00-00
56247     56605   50866  57374  0000-00-00
56320     56678   48968  59202  0000-00-00
56321     56679   48968  36583  0000-00-00
56322     56680   48968  56798  0000-00-00
56323     56681   48968  95644  0000-00-00
56456     56816   81909  96507  0000-00-00
56550     56911   72117  34065  0000-00-00
56560     56922      -1     -1  0000-00-00
56704     57069   40743  97969  0000-00-00
56804     57169      -1     -1  0000-00-00
56805     57170   57171  52394  0000-00-00
56806     57171   25162  65530  0000-00-00
56828     57193   37568     -1  0000-00-00
56850     57215   53153  53144  0000-00-00
56860     57225      -1     -1  0000-00-00
56861     57226      -1     -1  0000-00-00
56872     57237   20811  20802  0000-00-00
56916     57283      -1     -1  0000-00-00
56928     57295   80884   6580  0000-00-00
56983     57350      -1     -1  0000-00-00
57005     57372      -1  28884  0000-00-00
57006     57373   88518     -1  0000-00-00
57007     57374   90904  60591  0000-00-00
57020     57387   48671  91759  0000-00-00
57197     57564      -1     -1  0000-00-00
57206     57573   52933  60798  0000-00-00
57207     57574   70618   9420  0000-00-00
57217     57584   13970  72667  0000-00-00
57218     57585      -1     -1  0000-00-00
57227     57594   70562  90455  0000-00-00
57228     57595    1646  61854  0000-00-00
57235     57602   10451  33179  0000-00-00
57310     57678      -1     -1  0000-00-00
57381     57750   35149  94627  0000-00-00
57477     57846      -1     -1  0000-00-00
57499     57868      -1     -1  0000-00-00
57753     58138      -1  51849  0000-00-00
57812     58201   70009     -1  0000-00-00
57977     58389      -1     -1  0000-00-00
57986     58398      -1     -1  0000-00-00
58002     58418      -1  57922  0000-00-00
58042     58461   55402  88315  0000-00-00
58091     58518      -1  28922  0000-00-00
58130     58557      -1     -1  0000-00-00
58155     58582      -1     -1  0000-00-00
58167     58594   86961  17929  0000-00-00
58170     58597      -1     -1  0000-00-00
58176     58603   52676  58594  0000-00-00
58188     58615   55678  97207  0000-00-00
58197     58624      -1     -1  0000-00-00
58207     58634   49742  76359  0000-00-00
58213     58640   19712  66542  0000-00-00
58215     58642   46717   7466  0000-00-00
58244     58671   19609  23471  0000-00-00
58254     58681   12869  98487  0000-00-00
58267     58694   69599  67589  0000-00-00
58292     58719   31113  82486  0000-00-00
58293     58720   31113  76396  0000-00-00
58391     58818   67165  84126  0000-00-00
58395     58822   70700  34115  0000-00-00
58424     58851   96915  51801  0000-00-00
58443     58870      -1     -1  0000-00-00
58647     59074   59374  59293  0000-00-00
58799     59226   32982  74673  0000-00-00
58818     59245   59251  59185  0000-00-00
58971     59398   70459   9333  0000-00-00
58994     59421      -1     -1  0000-00-00
59062     59491      -1     -1  0000-00-00
59067     59496   50954  29756  0000-00-00
59129     59558   53127  78446  0000-00-00
59139     59568      -1     -1  0000-00-00
59153     59582      -1     -1  0000-00-00
59159     59588   55068  14844  0000-00-00
59163     59592   80610  70112  0000-00-00
59196     59626      -1     -1  0000-00-00
59201     59631      -1     -1  0000-00-00
59327     59757      -1     -1  0000-00-00
59347     59777      -1     -1  0000-00-00
59391     59821      -1     -1  0000-00-00
59397     59827   59814  59836  0000-00-00
59401     59831      -1     -1  0000-00-00
59499     59929      -1     -1  0000-00-00
59507     59937      -1     -1  0000-00-00
59509     59939      -1     -1  0000-00-00
59544     59974   43035  43006  0000-00-00
59559     59989      -1     -1  0000-00-00
59595     60025   17859  42799  0000-00-00
59654     60084      -1     -1  0000-00-00
59661     60091      -1     -1  0000-00-00
59668     60098      -1     -1  0000-00-00
59816     60250      -1     -1  0000-00-00
59860     60295      -1     -1  0000-00-00
59975     60412      -1     -1  0000-00-00
60085     60523   79881  42305  0000-00-00
60121     60559      -1     -1  0000-00-00
60360     60798   65460  60831  0000-00-00
60362     60800   51046  78862  0000-00-00
60368     60806   52933  60872  0000-00-00
60379     60817   30673  48523  0000-00-00
60382     60820   23618  17100  0000-00-00
60390     60828      -1     -1  0000-00-00
60460     60898      -1     -1  0000-00-00
60467     60905   54409  71789  0000-00-00
60489     60927      -1     -1  0000-00-00
60492     60930   38930  63656  0000-00-00
60495     60933      -1     -1  0000-00-00
60508     60946   37995  60930  0000-00-00
60511     60949      -1     -1  0000-00-00
60518     60956   23371  60959  0000-00-00
60521     60959   38930  63656  0000-00-00
60524     60962      -1     -1  0000-00-00
60539     60977      -1     -1  0000-00-00
60545     60983   30190  38732  0000-00-00
60555     60993      -1     -1  0000-00-00
60565     61003   23371  60948  0000-00-00
60610     61049   31875  85446  0000-00-00
60616     61056      -1     -1  0000-00-00
60726     61166   41716  77259  0000-00-00
60741     61181    7863     -1  0000-00-00
61058     61498   85179  86064  0000-00-00
61063     61503   85179  86064  0000-00-00
61066     61506   85179  86064  0000-00-00
61074     61514      -1     -1  0000-00-00
61111     61552      -1     -1  0000-00-00
61112     61553      -1     -1  0000-00-00
61252     61693      -1     -1  0000-00-00
61263     61704    2240   2246  0000-00-00
61408     61853   59809  61855  0000-00-00
61409     61854   59809  61855  0000-00-00
61410     61855   23902  27346  0000-00-00
61411     61856      -1     -1  0000-00-00
61412     61857   59809  61855  0000-00-00
61413     61858      -1     -1  0000-00-00
61414     61859   59809  61855  0000-00-00
61415     61860   59809  61855  0000-00-00
61431     61876   14498  14494  0000-00-00
61553     62000   67570  74896  0000-00-00
61554     62001      -1     -1  0000-00-00
61647     62098      -1     -1  0000-00-00
61649     62100      -1     -1  0000-00-00
61651     62102   41434  62604  0000-00-00
61706     62158   31305  90161  0000-00-00
61723     62175   31305  51476  0000-00-00
61756     62208      -1     -1  0000-00-00
61780     62232    8802  62229  0000-00-00
61782     62234   96453  22182  0000-00-00
61785     62237   76463  56266  0000-00-00
61851     62303      -1     -1  0000-00-00
61905     62357   61288  71722  0000-00-00
61906     62358      -1     -1  0000-00-00
61908     62360   68760  10435  0000-00-00
61925     62378   62000  70202  0000-00-00
61940     62393   62412  90783  0000-00-00
62011     62466   53443  96710  0000-00-00
62013     62468   91476  31564  0000-00-00
62018     62473   44551  52926  0000-00-00
62019     62474   44551  52926  0000-00-00
62108     62564      -1     -1  0000-00-00
62112     62568    8949    779  0000-00-00
62193     62649      -1     -1  0000-00-00
62197     62653   96666   6077  0000-00-00
62323     62779   56099  14520  0000-00-00
62637     63093      -1     -1  0000-00-00
62646     63102      -1     -1  0000-00-00
62720     63176      -1     -1  0000-00-00
62811     63267   90755  78181  0000-00-00
62840     63296   54600  63284  0000-00-00
62964     63422      -1     -1  0000-00-00
62985     63443      -1     -1  0000-00-00
63008     63467      -1     -1  0000-00-00
63171     63630      -1     -1  0000-00-00
63182     63641   63645  63620  0000-00-00
63253     63712   63720  63785  0000-00-00
63259     63718      -1     -1  0000-00-00
63288     63747      -1     -1  0000-00-00
63290     63749      -1     -1  0000-00-00
63309     63768   63786  63758  0000-00-00
63332     63791      -1     -1  0000-00-00
63333     63792      -1     -1  0000-00-00
63397     63856      -1     -1  0000-00-00
63414     63873      -1     -1  0000-00-00
63451     63910   55814  65321  0000-00-00
63452     63911   58719  58720  0000-00-00
63460     63919   47297  47296  0000-00-00
63602     64062   77858  57872  0000-00-00
63805     64266      -1     -1  0000-00-00
63836     64297      -1     -1  0000-00-00
63869     64331      -1     -1  0000-00-00
63970     64432      -1     -1  0000-00-00
63981     64443      -1     -1  0000-00-00
63985     64447   96859  28690  0000-00-00
63998     64460      -1     -1  0000-00-00
64012     64474   19552     -1  0000-00-00
64047     64509      -1     -1  0000-00-00
64058     64520      -1     -1  0000-00-00
64061     64523      -1     -1  0000-00-00
64102     64564   38739  38735  0000-00-00
64112     64574      -1     -1  0000-00-00
64120     64582      -1     -1  0000-00-00
64138     64600   37021  35161  0000-00-00
64184     64646   33850  37373  0000-00-00
64203     64666   98521  77125  0000-00-00
64238     64701      -1     -1  0000-00-00
64404     64868   81333   5743  0000-00-00
64409     64873   81422  50287  0000-00-00
64466     64930   64873  64884  0000-00-00
64497     64961      -1     -1  0000-00-00
64498     64962      -1     -1  0000-00-00
64522     64987      -1     -1  0000-00-00
64524     64989      -1     -1  0000-00-00
64525     64990      -1     -1  0000-00-00
64530     64995      -1     -1  0000-00-00
64531     64996      -1     -1  0000-00-00
64544     65009      -1     -1  0000-00-00
64655     65120   79367   9307  0000-00-00
64703     65168      -1     -1  0000-00-00
64731     65197   95649     -1  0000-00-00
64750     65216   98522  47968  0000-00-00
64768     65234   18099  46148  0000-00-00
64772     65238      -1     -1  0000-00-00
64781     65247   52674  66712  0000-00-00
64795     65261   98522  47968  0000-00-00
64810     65276   81284  84044  0000-00-00
64843     65309   75000  91263  0000-00-00
64854     65320   31532  26099  0000-00-00
64858     65324      -1     -1  0000-00-00
64881     65347      -1     -1  0000-00-00
64916     65382    8465  37222  0000-00-00
64927     65393   92157  98119  0000-00-00
64996     65462      -1     -1  0000-00-00
65169     65637      -1     -1  0000-00-00
65199     65667      -1     -1  0000-00-00
65235     65703      -1     -1  0000-00-00
65237     65705   17169  28210  0000-00-00
65348     65819      -1     -1  0000-00-00
65376     65847   45153  61010  0000-00-00
65384     65855      -1     -1  0000-00-00
65431     65903   12408  65897  0000-00-00
65433     65905   66993  65889  0000-00-00
65439     65911   26706  64808  0000-00-00
65440     65912      -1     -1  0000-00-00
65443     65915    9174  79197  0000-00-00
65488     65960   35868  68171  0000-00-00
65490     65962   97849  69482  0000-00-00
65492     65964   52377  69482  0000-00-00
65493     65965   69419  69482  0000-00-00
65561     66033   65870  82807  0000-00-00
65570     66042      -1     -1  0000-00-00
65606     66078   33283  66084  0000-00-00
65607     66079    9275  86979  0000-00-00
65610     66082   73512   9154  0000-00-00
65612     66084   66082  66079  0000-00-00
65750     66222   96341    916  0000-00-00
65751     66223   96341    916  0000-00-00
65811     66284      -1     -1  0000-00-00
66057     66532   50781  44013  0000-00-00
66068     66543      -1     -1  0000-00-00
66118     66594      -1     -1  0000-00-00
66126     66602   89129  93718  0000-00-00
66143     66619   33935  66609  0000-00-00
66145     66621      -1     -1  0000-00-00
66146     66622   66613  26873  0000-00-00
66212     66688   50860  50609  0000-00-00
66236     66712   28064  57226  0000-00-00
66264     66740   56087  41843  0000-00-00
66265     66741      -1     -1  0000-00-00
66356     66833      -1     -1  0000-00-00
66357     66834      -1     -1  0000-00-00
66413     66890   59810  55706  0000-00-00
66434     66911      -1     -1  0000-00-00
66435     66912      -1     -1  0000-00-00
66441     66918      -1     -1  0000-00-00
66449     66926   72248  68368  0000-00-00
66454     66931      -1     -1  0000-00-00
66472     66949      -1     -1  0000-00-00
66473     66950      -1     -1  0000-00-00
66488     66965   45064  76495  0000-00-00
66497     66974    6017  76518  0000-00-00
66509     66988   39724  66965  0000-00-00
66548     67027      -1     -1  0000-00-00
66721     67200   41934  67109  0000-00-00
66730     67209   43434  67166  0000-00-00
66790     67269      -1     -1  0000-00-00
66792     67271      -1     -1  0000-00-00
66798     67277      -1     -1  0000-00-00
66804     67283      -1     -1  0000-00-00
66828     67307   11788  18480  0000-00-00
66831     67310      -1     -1  0000-00-00
66847     67326      -1     -1  0000-00-00
66863     67342      -1     -1  0000-00-00
66865     67344   51046  67348  0000-00-00
66871     67350      -1     -1  0000-00-00
66881     67360      -1     -1  0000-00-00
66903     67382      -1     -1  0000-00-00
66907     67386      -1     -1  0000-00-00
66912     67391      -1     -1  0000-00-00
66922     67401   93081  71337  0000-00-00
66942     67421      -1     -1  0000-00-00
66992     67472      -1     -1  0000-00-00
67021     67501      -1     -1  0000-00-00
67069     67549      -1     -1  0000-00-00
67071     67551   85108  18590  0000-00-00
67095     67575   44551     -1  0000-00-00
67160     67641   50781  44013  0000-00-00
67179     67660   56225  95597  0000-00-00
67186     67667      -1     -1  0000-00-00
67187     67668      -1     -1  0000-00-00
67188     67669   67670  67671  0000-00-00
67189     67670   65190  74663  0000-00-00
67190     67671   74007  74659  0000-00-00
67198     67679      -1     -1  0000-00-00
67266     67747      -1     -1  0000-00-00
67287     67768   87291   9197  0000-00-00
67315     67796      -1     -1  0000-00-00
67355     67836      -1     -1  0000-00-00
67373     67855      -1     -1  0000-00-00
67419     67901   14599     -1  0000-00-00
67421     67903   37372  67901  0000-00-00
67426     67908   76619  67901  0000-00-00
67427     67909   67903  91545  0000-00-00
67428     67910   76619  67901  0000-00-00
67429     67911   76619  67901  0000-00-00
67464     67946   62464  91737  0000-00-00
67473     67955   67957  67952  0000-00-00
67513     67995   68071  56378  0000-00-00
67537     68019      -1     -1  0000-00-00
67625     68107      -1     -1  0000-00-00
67665     68147      -1     -1  0000-00-00
67689     68171      -1     -1  0000-00-00
67706     68188   85108  21929  0000-00-00
67756     68238   50781  44013  0000-00-00
67757     68239   50781  44013  0000-00-00
67760     68242      -1     -1  0000-00-00
67761     68243      -1     -1  0000-00-00
67766     68248      -1     -1  0000-00-00
67792     68274      -1     -1  0000-00-00
67799     68281      -1     -1  0000-00-00
67874     68356    8174  68355  0000-00-00
67879     68361   37098  68363  0000-00-00
67888     68370   37098  68361  0000-00-00
67906     68389      -1     -1  0000-00-00
67921     68404      -1     -1  0000-00-00
67959     68442   69082     -1  0000-00-00
68161     68647      -1     -1  0000-00-00
68192     68678      -1     -1  0000-00-00
68201     68687      -1     -1  0000-00-00
68252     68738   60560  44780  0000-00-00
68267     68753   68770  53753  0000-00-00
68268     68754    8115  92729  0000-00-00
68269     68755   89625   2885  0000-00-00
68284     68770   32594  80652  0000-00-00
68285     68771   32594  80652  0000-00-00
68286     68772   32594  68767  0000-00-00
68287     68773   32594  68767  0000-00-00
68294     68780    3751  30049  0000-00-00
68309     68795   19609  68753  0000-00-00
68321     68807   68770  68767  0000-00-00
68427     68914      -1     -1  0000-00-00
68468     68955   87945     -1  0000-00-00
68856     69344   59304  69346  0000-00-00
68857     69345   36045  69838  0000-00-00
68858     69346      -1     -1  0000-00-00
68860     69348      -1     -1  0000-00-00
68861     69349   59304  69346  0000-00-00
68911     69399      -1     -1  0000-00-00
68921     69409      -1     -1  0000-00-00
68943     69431   72248  69448  0000-00-00
68990     69478   40725  40860  0000-00-00
68991     69479   69457  86100  0000-00-00
69070     69560      -1     -1  0000-00-00
69074     69566   66675  31042  0000-00-00
69075     69567      -1     -1  0000-00-00
69076     69568   66675  31042  0000-00-00
69079     69571   90018  69568  0000-00-00
69080     69572      -1     -1  0000-00-00
69081     69573      -1     -1  0000-00-00
69083     69575      -1     -1  0000-00-00
69085     69577      -1     -1  0000-00-00
69087     69579   29062   8007  0000-00-00
69088     69580   59259  69575  0000-00-00
69089     69581      -1     -1  0000-00-00
69090     69582      -1     -1  0000-00-00
69091     69583   69577  69582  0000-00-00
69092     69584   59226  69585  0000-00-00
69093     69585   43826  69581  0000-00-00
69094     69586      -1     -1  0000-00-00
69095     69587   59226  69586  0000-00-00
69096     69588      -1     -1  0000-00-00
69130     69622      -1     -1  0000-00-00
69142     69634      -1     -1  0000-00-00
69158     69650   21850  21844  0000-00-00
69160     69652   44606  52974  0000-00-00
69169     69661      -1     -1  0000-00-00
69199     69691   52943  58518  0000-00-00
69326     69822   58719  58720  0000-00-00
69340     69838      -1     -1  0000-00-00
69353     69851      -1     -1  0000-00-00
69356     69854      -1     -1  0000-00-00
69358     69856      -1     -1  0000-00-00
69369     69867      -1     -1  0000-00-00
69379     69877      -1     -1  0000-00-00
69393     69891    9185   4114  0000-00-00
69409     69907   69861  69902  0000-00-00
69468     69967   20965  45998  0000-00-00
69483     69982      -1     -1  0000-00-00
69569     70068      -1     -1  0000-00-00
69582     70081      -1     -1  0000-00-00
69602     70101   50702  97734  0000-00-00
69604     70103      -1     -1  0000-00-00
69609     70108      -1     -1  0000-00-00
69625     70124      -1     -1  0000-00-00
69636     70135      -1     -1  0000-00-00
69693     70194      -1     -1  0000-00-00
69701     70202   78302  48638  0000-00-00
69728     70229      -1     -1  0000-00-00
69729     70230      -1     -1  0000-00-00
69742     70243      -1     -1  0000-00-00
69771     70272      -1     -1  0000-00-00
69777     70278      -1     -1  0000-00-00
69781     70282      -1     -1  0000-00-00
69885     70386   41715   2474  0000-00-00
69891     70392      -1     -1  0000-00-00
69938     70439   73835  70442  0000-00-00
69959     70460      -1     -1  0000-00-00
70021     70525   75629  54201  0000-00-00
70031     70535   50781  44013  0000-00-00
70058     70562   26409  77267  0000-00-00
70073     70577      -1     -1  0000-00-00
70074     70578      -1     -1  0000-00-00
70075     70579   91057  97981  0000-00-00
70082     70586   50780  28261  0000-00-00
70086     70590      -1     -1  0000-00-00
70089     70593   28764  78768  0000-00-00
70090     70594      -1     -1  0000-00-00
70091     70595   28478   1612  0000-00-00
70114     70618   47297  63919  0000-00-00
70120     70624      -1     -1  0000-00-00
70140     70644      -1     -1  0000-00-00
70233     70738      -1     -1  0000-00-00
70234     70739   34867  69494  0000-00-00
70240     70745      -1     -1  0000-00-00
70248     70753   67501  57987  0000-00-00
70258     70763      -1     -1  0000-00-00
70269     70774      -1     -1  0000-00-00
70291     70796   69336   3414  0000-00-00
70294     70799      -1     -1  0000-00-00
70297     70802   96915  86129  0000-00-00
70311     70816      -1     -1  0000-00-00
70325     70830      -1     -1  0000-00-00
70332     70837   83132  76618  0000-00-00
70354     70860      -1     -1  0000-00-00
70420     70926      -1     -1  0000-00-00
70435     70941    3341  70911  0000-00-00
70437     70943    3341  70911  0000-00-00
70520     71027      -1     -1  0000-00-00
70600     71107   73409  14439  0000-00-00
70602     71109   73929  52733  0000-00-00
70604     71111   73929  52733  0000-00-00
70605     71112   73929  52733  0000-00-00
70606     71113   59344  71109  0000-00-00
70707     71214      -1     -1  0000-00-00
70716     71223      -1  74808  0000-00-00
70721     71228   71920  71239  0000-00-00
70724     71231      -1     -1  0000-00-00
70734     71241   21268  71232  0000-00-00
70830     71337   68878  35211  0000-00-00
70878     71385      -1     -1  0000-00-00
70895     71402      -1     -1  0000-00-00
70900     71407      -1     -1  0000-00-00
70906     71413   42043  40055  0000-00-00
70907     71414   42043  40055  0000-00-00
70953     71461   50914  50910  0000-00-00
71030     71541      -1     -1  0000-00-00
71067     71578      -1     -1  0000-00-00
71099     71611      -1     -1  0000-00-00
71103     71616      -1     -1  0000-00-00
71119     71632   85730  76363  0000-00-00
71122     71635   46774  66950  0000-00-00
71123     71636   71637  71635  0000-00-00
71124     71637   37568  37573  0000-00-00
71125     71638   49745  49731  0000-00-00
71140     71653      -1     -1  0000-00-00
71167     71681   52119  48138  0000-00-00
71174     71688   39926     -1  0000-00-00
71175     71689      -1     -1  0000-00-00
71216     71730      -1     -1  0000-00-00
71229     71743      -1     -1  0000-00-00
71273     71787      -1     -1  0000-00-00
71275     71789   93689  71788  0000-00-00
71285     71799      -1     -1  0000-00-00
71297     71811   37796  28397  0000-00-00
71365     71879      -1     -1  0000-00-00
71390     71904   69441   9110  0000-00-00
71403     71917      -1     -1  0000-00-00
71467     71981   54340  73741  0000-00-00
71488     72002   39747  20260  0000-00-00
71490     72004   20259  69592  0000-00-00
71504     72018   23333  78183  0000-00-00
71563     72077      -1     -1  0000-00-00
71566     72080      -1     -1  0000-00-00
71581     72095   39185  33151  0000-00-00
71778     72292      -1     -1  0000-00-00
71793     72307      -1     -1  0000-00-00
71904     72418      -1     -1  0000-00-00
71907     72421      -1     -1  0000-00-00
71935     72449   69571  56223  0000-00-00
71960     72474   59374  59129  0000-00-00
71984     72498   75952  59129  0000-00-00
72061     72575      -1     -1  0000-00-00
72087     72601      -1     -1  0000-00-00
72167     72681      -1     -1  0000-00-00
72173     72687      -1     -1  0000-00-00
72191     72705      -1     -1  0000-00-00
72208     72722      -1     -1  0000-00-00
72272     72787   87208  54561  0000-00-00
72289     72804   75460  89550  0000-00-00
72290     72805      -1     -1  0000-00-00
72291     72806      -1     -1  0000-00-00
72295     72810   75460  43254  0000-00-00
72303     72818   69435  43254  0000-00-00
72339     72854      -1     -1  0000-00-00
72403     72920   75603  26148  0000-00-00
72414     72931      -1     -1  0000-00-00
72495     73012   73001  10186  0000-00-00
72518     73035   13289  70112  0000-00-00
72545     73062   51046  49373  0000-00-00
72649     73166   44585  44584  0000-00-00
72652     73169      -1     -1  0000-00-00
72674     73191   50866  57374  0000-00-00
72721     73238      -1     -1  0000-00-00
72739     73256   54380  36999  0000-00-00
72740     73257      -1     -1  0000-00-00
72879     73397      -1     -1  0000-00-00
72891     73409    8571  17021  0000-00-00
72972     73490   50860  54174  0000-00-00
72985     73503      -1     -1  0000-00-00
72988     73506      -1     -1  0000-00-00
72989     73507      -1     -1  0000-00-00
72990     73508   10508  84044  0000-00-00
72993     73511      -1     -1  0000-00-00
72994     73512    9160   9152  0000-00-00
73106     73624    9162   9193  0000-00-00
73124     73642      -1     -1  0000-00-00
73222     73740   75052  20292  0000-00-00
73262     73780      -1     -1  0000-00-00
73280     73798      -1     -1  0000-00-00
73285     73803   56087  90455  0000-00-00
73291     73809   76619  33167  0000-00-00
73293     73811   23647  29181  0000-00-00
73324     73842      -1     -1  0000-00-00
73331     73849   73872  73854  0000-00-00
73334     73852   88432  73857  0000-00-00
73335     73853   88432  73857  0000-00-00
73336     73854   73871  73863  0000-00-00
73341     73859   89200  44161  0000-00-00
73344     73862   73868  82970  0000-00-00
73345     73863   89200  44161  0000-00-00
73346     73864   39789  73859  0000-00-00
73353     73871   39789  73859  0000-00-00
73354     73872   88432  73857  0000-00-00
73355     73873      -1     -1  0000-00-00
73408     73926   34553  34564  0000-00-00
73435     73953   34557  73928  0000-00-00
73517     74035      -1     -1  0000-00-00
73526     74044      -1     -1  0000-00-00
73527     74045      -1     -1  0000-00-00
73535     74053      -1     -1  0000-00-00
73565     74083      -1     -1  0000-00-00
73589     74107   50702  18782  0000-00-00
73634     74153      -1     -1  0000-00-00
73658     74177   50793  50770  0000-00-00
73716     74236      -1     -1  0000-00-00
74069     74592      -1     -1  0000-00-00
74111     74634      -1     -1  0000-00-00
74120     74643      -1     -1  0000-00-00
74132     74655      -1     -1  0000-00-00
74133     74656   95649  32427  0000-00-00
74135     74658   74669  13386  0000-00-00
74136     74659   95649  74682  0000-00-00
74137     74660   95649  74682  0000-00-00
74140     74663   74676  32427  0000-00-00
74141     74664      -1     -1  0000-00-00
74145     74668      -1     -1  0000-00-00
74146     74669   74668     -1  0000-00-00
74153     74676      -1     -1  0000-00-00
74159     74682   74669     -1  0000-00-00
74160     74683   13344  74682  0000-00-00
74162     74685   31916  31917  0000-00-00
74231     74755   59769  43103  0000-00-00
74233     74757   35513  73191  0000-00-00
74251     74775      28     35  0000-00-00
74372     74896   50702  18782  0000-00-00
74499     75024      -1     -1  0000-00-00
74501     75026      -1     -1  0000-00-00
74527     75052      -1     -1  0000-00-00
74548     75073      -1     -1  0000-00-00
74569     75094   41171  68107  0000-00-00
74586     75111   13289     -1  0000-00-00
74600     75125      -1     -1  0000-00-00
74670     75195      -1     -1  0000-00-00
74727     75252      -1     -1  0000-00-00
74731     75256   68987  44780  0000-00-00
74746     75271      -1     -1  0000-00-00
74747     75272      -1     -1  0000-00-00
74935     75460   91495  96431  0000-00-00
74948     75473   43226  75452  0000-00-00
74950     75475   69435  98165  0000-00-00
74954     75479   37372  69443  0000-00-00
74984     75509   77048  75652  0000-00-00
74994     75519    8777  75663  0000-00-00
75021     75546    8777  79277  0000-00-00
75026     75551      -1     -1  0000-00-00
75035     75560      -1     -1  0000-00-00
75037     75562   75615  77003  0000-00-00
75054     75579   75615     -1  0000-00-00
75146     75671      -1     -1  0000-00-00
75148     75673    8777  75561  0000-00-00
75308     75833      -1     -1  0000-00-00
75359     75884      -1     -1  0000-00-00
75362     75887      -1     -1  0000-00-00
75364     75889      -1     -1  0000-00-00
75365     75890   75891  75883  0000-00-00
75510     76040   44207  65463  0000-00-00
75515     76045      -1     -1  0000-00-00
75516     76046   82146  89558  0000-00-00
75577     76107   76117  76115  0000-00-00
75631     76161   90744  97874  0000-00-00
75650     76180   76619  33167  0000-00-00
75794     76329      -1     -1  0000-00-00
75828     76363      -1     -1  0000-00-00
75829     76364      -1     -1  0000-00-00
75861     76396      -1     -1  0000-00-00
75862     76397      -1     -1  0000-00-00
75878     76413   20712  17117  0000-00-00
75886     76421   73175  73780  0000-00-00
75922     76457   38653  80487  0000-00-00
75940     76475    6017  76488  0000-00-00
75988     76523   39374  76508  0000-00-00
75996     76531   76515   6009  0000-00-00
75997     76532   39374  76508  0000-00-00
76014     76549    6029  91844  0000-00-00
76036     76571   90660  90953  0000-00-00
76083     76618   18005  74359  0000-00-00
76105     76640      -1     -1  0000-00-00
76159     76694   76774  76754  0000-00-00
76279     76814      -1     -1  0000-00-00
76289     76824      -1     -1  0000-00-00
76299     76834   21346  96128  0000-00-00
76405     76940      -1     -1  0000-00-00
76433     76968   75617  76983  0000-00-00
76594     77129   60952  77223  0000-00-00
76626     77161   82994  77078  0000-00-00
76720     77255   77279  78088  0000-00-00
76722     77257      -1     -1  0000-00-00
76723     77258      -1     -1  0000-00-00
76724     77259   90495   9278  0000-00-00
76725     77260      -1     -1  0000-00-00
76726     77261   36675  10771  0000-00-00
76727     77262   26409  71893  0000-00-00
76734     77269    3410     45  0000-00-00
76735     77270   18006  61856  0000-00-00
76741     77276   80490  77271  0000-00-00
76746     77281   77279  77270  0000-00-00
76761     77296      -1     -1  0000-00-00
76779     77314      -1     -1  0000-00-00
76780     77315      -1     -1  0000-00-00
76786     77321   23333  78183  0000-00-00
76844     77379   23333  83220  0000-00-00
76865     77401      -1     -1  0000-00-00
76902     77438      -1     -1  0000-00-00
76976     77515   85731  25804  0000-00-00
77007     77546      -1     -1  0000-00-00
77022     77561      -1     -1  0000-00-00
77093     77632   14945  24007  0000-00-00
77232     77772      -1     -1  0000-00-00
77255     77795      -1     -1  0000-00-00
77389     77929   81041  77234  0000-00-00
77398     77938      -1     -1  0000-00-00
77423     77963      -1     -1  0000-00-00
77424     77964      -1     -1  0000-00-00
77477     78018   78016  32458  0000-00-00
77534     78075      -1     -1  0000-00-00
77582     78125   32062     -1  0000-00-00
77721     78264      -1     -1  0000-00-00
77737     78280   86985  34581  0000-00-00
77740     78283   43035  43023  0000-00-00
77843     78386    8003  69588  0000-00-00
77851     78394      -1     -1  0000-00-00
77894     78437   26044  82278  0000-00-00
77934     78477      -1     -1  0000-00-00
77935     78478      -1     -1  0000-00-00
77938     78481   31113  67768  0000-00-00
77946     78489   80878  71879  0000-00-00
78063     78607   78580  78621  0000-00-00
78123     78667      -1     -1  0000-00-00
78124     78668      -1     -1  0000-00-00
78142     78686   44827  10935  0000-00-00
78198     78742   17686   3320  0000-00-00
78222     78766   19609  90506  0000-00-00
78224     78768      -1     -1  0000-00-00
78225     78769   19609  78771  0000-00-00
78226     78770      -1     -1  0000-00-00
78227     78771   69493  90506  0000-00-00
78232     78776   69493  90506  0000-00-00
78233     78777   69493  90506  0000-00-00
78237     78781   19609  78771  0000-00-00
78241     78785   67165  67121  0000-00-00
78276     78820   27267  65638  0000-00-00
78319     78863   69367  78862  0000-00-00
78428     78972   72712   4119  0000-00-00
78452     78996   80862  80842  0000-00-00
78473     79017      -1     -1  0000-00-00
78493     79037    7407  32622  0000-00-00
78530     79074   39562  82933  0000-00-00
78535     79079   83029  18874  0000-00-00
78545     79089      -1     -1  0000-00-00
78595     79139      -1     -1  0000-00-00
78616     79160      -1     -1  0000-00-00
78731     79275   28073  33167  0000-00-00
78737     79281    8777  73809  0000-00-00
78738     79282   75624  78849  0000-00-00
78739     79283   97617  33167  0000-00-00
78741     79285   60131  76180  0000-00-00
78747     79291    8934  88485  0000-00-00
78754     79298   37796  42957  0000-00-00
78762     79306   68535  69098  0000-00-00
78798     79342   12307  79339  0000-00-00
78814     79358   76619  31257  0000-00-00
78885     79429      -1     -1  0000-00-00
78918     79462      -1     -1  0000-00-00
78924     79468      -1     -1  0000-00-00
78936     79480   81360  79507  0000-00-00
78953     79497   79508  79491  0000-00-00
79060     79604      -1     -1  0000-00-00
79076     79620      -1     -1  0000-00-00
79108     79652      -1     -1  0000-00-00
79155     79699      -1   4161  0000-00-00
79177     79721      -1     -1  0000-00-00
79183     79727      -1     -1  0000-00-00
79230     79775   25098  79754  0000-00-00
79353     79898      -1     -1  0000-00-00
79358     79903      -1     -1  0000-00-00
79703     80249   69493  78766  0000-00-00
79742     80288   42131  80866  0000-00-00
79794     80340   97678  49459  0000-00-00
79808     80354   24559  48391  0000-00-00
79828     80375      -1     -1  0000-00-00
79889     80436      -1     -1  0000-00-00
79911     80458      -1     -1  0000-00-00
79935     80483      -1     -1  0000-00-00
79937     80485   76503  23377  0000-00-00
79938     80486      -1     -1  0000-00-00
79939     80487      -1     -1  0000-00-00
79944     80492      -1     -1  0000-00-00
79955     80503      -1     -1  0000-00-00
80055     80604   83172  51243  0000-00-00
80061     80610   87502  48128  0000-00-00
80136     80685   70720  82712  0000-00-00
80169     80718      -1     -1  0000-00-00
80220     80769      -1     -1  0000-00-00
80273     80822   80854  80845  0000-00-00
80275     80824      -1     -1  0000-00-00
80276     80825   22981  57387  0000-00-00
80277     80826      -1     -1  0000-00-00
80296     80845   86713  26294  0000-00-00
80304     80853   44207  65463  0000-00-00
80305     80854   60856  87933  0000-00-00
80312     80861   80854     -1  0000-00-00
80317     80866   86713  26294  0000-00-00
80318     80867   44207  65463  0000-00-00
80329     80878      -1     -1  0000-00-00
80333     80882      -1     -1  0000-00-00
80344     80893   26713  97946  0000-00-00
80347     80896   60806   7543  0000-00-00
80389     80938      -1     -1  0000-00-00
80679     81228    3343  39590  0000-00-00
80681     81230    3343  39590  0000-00-00
80689     81238   77146  75672  0000-00-00
80801     81352      -1     -1  0000-00-00
80861     81412   67335  56356  0000-00-00
80905     81456   82881  36655  0000-00-00
80941     81492   42419  81605  0000-00-00
80989     81540      -1     -1  0000-00-00
81051     81602      -1     -1  0000-00-00
81140     81691   85110  81492  0000-00-00
81150     81701   68383  81571  0000-00-00
81163     81714   10105  81706  0000-00-00
81173     81724   48053  81726  0000-00-00
81175     81726      -1     -1  0000-00-00
81189     81740      -1     -1  0000-00-00
81200     81751   89906  81795  0000-00-00
81203     81754      -1     -1  0000-00-00
81204     81755   39365  18379  0000-00-00
81216     81767      -1     -1  0000-00-00
81220     81771      -1     -1  0000-00-00
81227     81778      -1     -1  0000-00-00
81234     81785      -1     -1  0000-00-00
81239     81790   39433  81805  0000-00-00
81243     81794   18482  81766  0000-00-00
81249     81800      -1     -1  0000-00-00
81252     81803      -1     -1  0000-00-00
81253     81804      -1     -1  0000-00-00
81255     81806      -1     -1  0000-00-00
81258     81809      -1     -1  0000-00-00
81264     81815      -1     -1  0000-00-00
81277     81828      -1     -1  0000-00-00
81279     81830    3392  57183  0000-00-00
81365     81916   69891  55606  0000-00-00
81442     81994   82680  82686  0000-00-00
81476     82028   61181   5084  0000-00-00
81491     82043   88920  82042  0000-00-00
81504     82056   36212  36186  0000-00-00
81505     82057   88735  10114  0000-00-00
81530     82082      -1     -1  0000-00-00
81550     82102   97629  28476  0000-00-00
81643     82196   93579  15721  0000-00-00
81674     82227      -1     -1  0000-00-00
81725     82278   27267  65638  0000-00-00
81785     82338      -1     -1  0000-00-00
81845     82399      -1     -1  0000-00-00
81932     82486      -1     -1  0000-00-00
81952     82506      -1     -1  0000-00-00
81956     82510      -1     -1  0000-00-00
82019     82573      -1     -1  0000-00-00
82046     82600      -1     -1  0000-00-00
82059     82613      -1     -1  0000-00-00
82070     82624   76493  49151  0000-00-00
82083     82637   82672  82641  0000-00-00
82106     82660   88735     -1  0000-00-00
82112     82666      -1  82689  0000-00-00
82130     82684   44551  82688  0000-00-00
82132     82686   44551  82688  0000-00-00
82134     82688   52127   5051  0000-00-00
82135     82689      -1     -1  0000-00-00
82159     82714   53153  53144  0000-00-00
82218     82773      -1     -1  0000-00-00
82248     82803    7970  15079  0000-00-00
82468     83024      -1     -1  0000-00-00
82630     83187   83183  83175  0000-00-00
82642     83199   49451  15428  0000-00-00
82648     83205   83183   3357  0000-00-00
82687     83244   31136  31149  0000-00-00
82733     83291   90802  83283  0000-00-00
82762     83321   45533  83574  0000-00-00
82944     83503      -1     -1  0000-00-00
83023     83582      -1     -1  0000-00-00
83030     83589      -1     -1  0000-00-00
83038     83597   83472  83580  0000-00-00
83044     83603      -1     -1  0000-00-00
83206     83765      -1     -1  0000-00-00
83349     83908   77712  79291  0000-00-00
83799     84365   19609  80705  0000-00-00
83801     84367   19609  80705  0000-00-00
83804     84370   84371  84375  0000-00-00
83839     84405      -1     -1  0000-00-00
83842     84408   84409  84410  0000-00-00
83843     84409      -1     -1  0000-00-00
83844     84410      -1     -1  0000-00-00
83858     84424      -1     -1  0000-00-00
83860     84426      -1     -1  0000-00-00
83924     84490      -1     -1  0000-00-00
83937     84503      -1     -1  0000-00-00
83962     84528      -1     -1  0000-00-00
84020     84586      -1     -1  0000-00-00
84096     84672      -1     -1  0000-00-00
84098     84674      -1     -1  0000-00-00
84100     84676      -1     -1  0000-00-00
84137     84714      -1     -1  0000-00-00
84223     84800      -1     -1  0000-00-00
84237     84814      -1     -1  0000-00-00
84245     84822      -1     -1  0000-00-00
84364     84941   84205  84942  0000-00-00
84365     84942   47267  47254  0000-00-00
84367     84944   34366  84941  0000-00-00
84392     84969   31560  84962  0000-00-00
84412     84989      -1     -1  0000-00-00
84455     85032      -1     -1  0000-00-00
84461     85038      -1     -1  0000-00-00
84464     85041      -1     -1  0000-00-00
84476     85053      -1     -1  0000-00-00
84479     85056   42131  80848  0000-00-00
84535     85112      -1     -1  0000-00-00
84552     85129      -1     -1  0000-00-00
84604     85181      -1     -1  0000-00-00
84610     85187      -1     -1  0000-00-00
84632     85209   86098  51444  0000-00-00
84648     85225   86098  35635  0000-00-00
84655     85232      -1     -1  0000-00-00
84666     85243      -1     -1  0000-00-00
84683     85260      -1     -1  0000-00-00
84733     85310   20405  68259  0000-00-00
84793     85370   23081  57751  0000-00-00
84835     85413   73175  57237  0000-00-00
84864     85442   70799  52918  0000-00-00
84866     85444      -1     -1  0000-00-00
84868     85446   23071  44799  0000-00-00
84971     85549      -1     -1  0000-00-00
84984     85562   82146  18317  0000-00-00
84985     85563    3803  53137  0000-00-00
85003     85581   54307  63885  0000-00-00
85056     85635   95686  59572  0000-00-00
85064     85643      -1     -1  0000-00-00
85090     85669      -1     -1  0000-00-00
85151     85730      -1     -1  0000-00-00
85152     85731      -1     -1  0000-00-00
85201     85780    9275  34583  0000-00-00
85207     85786      -1     -1  0000-00-00
85214     85793    5875  26906  0000-00-00
85447     86026   97678  75473  0000-00-00
85485     86064   15024  31312  0000-00-00
85488     86067      -1     -1  0000-00-00
85559     86138      -1     -1  0000-00-00
85563     86142      -1     -1  0000-00-00
85616     86195      -1     -1  0000-00-00
85630     86209   17855  32066  0000-00-00
85632     86211   96949  86215  0000-00-00
85644     86223   86205  80419  0000-00-00
85670     86249      -1     -1  0000-00-00
85683     86262   80304  52114  0000-00-00
85686     86265   46831   8649  0000-00-00
85748     86327   92372  72690  0000-00-00
85753     86332      -1     -1  0000-00-00
85761     86340   75094  68107  0000-00-00
85863     86442      -1     -1  0000-00-00
85923     86502      -1     -1  0000-00-00
85968     86547      -1     -1  0000-00-00
85970     86549      -1     -1  0000-00-00
85974     86553      -1     -1  0000-00-00
85995     86574   86840  30048  0000-00-00
85997     86576   68772  30048  0000-00-00
86014     86593   20692  20773  0000-00-00
86015     86594   37796  73293  0000-00-00
86017     86596    9221  27116  0000-00-00
86018     86597      -1     -1  0000-00-00
86042     86621      -1     -1  0000-00-00
86096     86675      -1     -1  0000-00-00
86104     86683    3079  86709  0000-00-00
86112     86691      -1     -1  0000-00-00
86116     86695      -1     -1  0000-00-00
86120     86699      -1     -1  0000-00-00
86127     86706      -1     -1  0000-00-00
86133     86712      -1     -1  0000-00-00
86259     86840   68772  68362  0000-00-00
86260     86841   72248  91548  0000-00-00
86287     86868      -1     -1  0000-00-00
86307     86888      -1     -1  0000-00-00
86380     86961      -1     -1  0000-00-00
86406     86987      -1     -1  0000-00-00
86407     86988      -1     -1  0000-00-00
86409     86990   17275  23427  0000-00-00
86479     87060      -1     -1  0000-00-00
86480     87061   80826  77515  0000-00-00
86488     87069   87077  69490  0000-00-00
86510     87091      -1     -1  0000-00-00
86517     87098   86867  86864  0000-00-00
86582     87163      -1     -1  0000-00-00
86615     87196      -1     -1  0000-00-00
86622     87203   94692  94713  0000-00-00
86623     87204      -1     -1  0000-00-00
86644     87225      -1     -1  0000-00-00
86652     87233      -1     -1  0000-00-00
86653     87234      -1     -1  0000-00-00
86654     87235      -1     -1  0000-00-00
86655     87236   69652  68239  0000-00-00
86690     87272    4872  87269  0000-00-00
86691     87273      -1     -1  0000-00-00
86692     87274   54328   6325  0000-00-00
86710     87292      -1     -1  0000-00-00
86713     87295      -1     -1  0000-00-00
86749     87331      -1     -1  0000-00-00
86780     87364   48736  87366  0000-00-00
86791     87375   87377  67110  0000-00-00
86796     87380      -1     -1  0000-00-00
86804     87388      -1     -1  0000-00-00
86811     87395   28478  26838  0000-00-00
86821     87405     678  47623  0000-00-00
86833     87417      -1     -1  0000-00-00
86981     87566      -1     -1  0000-00-00
87060     87646   87649  87647  0000-00-00
87061     87647      -1     -1  0000-00-00
87063     87649      -1     -1  0000-00-00
87083     87669      -1     -1  0000-00-00
87121     87708   28478  48582  0000-00-00
87294     87887      -1     -1  0000-00-00
87308     87902      -1     -1  0000-00-00
87316     87910   92325  92324  0000-00-00
87329     87923   38653  33724  0000-00-00
87332     87926      -1     -1  0000-00-00
87340     87934   65460  60831  0000-00-00
87364     87958      -1     -1  0000-00-00
87681     88281   88280     -1  0000-00-00
87687     88287      -1     -1  0000-00-00
87695     88295      -1     -1  0000-00-00
87777     88380   22676  20923  0000-00-00
87780     88383      -1     -1  0000-00-00
87860     88463   66532  77293  0000-00-00
87909     88515   23740  60495  0000-00-00
87916     88522      -1     -1  0000-00-00
87926     88533   72765   1139  0000-00-00
87929     88536   92262   1139  0000-00-00
87935     88542   14622  65216  0000-00-00
88022     88630      -1     -1  0000-00-00
88046     88654   52071  70851  0000-00-00
88088     88697   63075  88679  0000-00-00
88290     88899   14498  14503  0000-00-00
88292     88901   51768  69938  0000-00-00
88308     88917      -1     -1  0000-00-00
88311     88920      -1     -1  0000-00-00
88321     88930      -1     -1  0000-00-00
88349     88958      -1     -1  0000-00-00
88368     88977      -1     -1  0000-00-00
88600     89209      -1     -1  0000-00-00
88677     89290   87656  27254  0000-00-00
88678     89291    1016  27253  0000-00-00
88742     89355      -1     -1  0000-00-00
88757     89370   42241  92929  0000-00-00
88790     89403      -1     -1  0000-00-00
88890     89503      -1     -1  0000-00-00
88899     89512      -1     -1  0000-00-00
88952     89565   17859  31808  0000-00-00
88975     89588      -1     -1  0000-00-00
89055     89668      -1     -1  0000-00-00
89079     89692      -1     -1  0000-00-00
89099     89712    9235   9196  0000-00-00
89125     89738      -1     -1  0000-00-00
89266     89880   84729  67982  0000-00-00
89535     90150   18402  73858  0000-00-00
89538     90153   90162  18453  0000-00-00
89547     90162      -1     -1  0000-00-00
89548     90163   73869  18453  0000-00-00
89549     90164      -1     -1  0000-00-00
89550     90165   73869  90178  0000-00-00
89551     90166   73869  90178  0000-00-00
89552     90167      -1     -1  0000-00-00
89555     90170      -1     -1  0000-00-00
89559     90174      -1     -1  0000-00-00
89577     90192      -1     -1  0000-00-00
89580     90195      -1     -1  0000-00-00
89733     90350   25665  90352  0000-00-00
89735     90352   19082  79631  0000-00-00
89739     90356   25665  90352  0000-00-00
89760     90377      -1     -1  0000-00-00
89771     90389   96915  92156  0000-00-00
89793     90411   36660  65251  0000-00-00
89837     90455   24303  56410  0000-00-00
89852     90470   26713  97874  0000-00-00
89885     90503   42804  68238  0000-00-00
89888     90506    9772  90428  0000-00-00
89912     90530      -1     -1  0000-00-00
89936     90554   74192  65393  0000-00-00
90010     90628      -1     -1  0000-00-00
90016     90634      -1     -1  0000-00-00
90029     90647    7505  92296  0000-00-00
90194     90813   17686  12854  0000-00-00
90218     90837   50669  28363  0000-00-00
90288     90908      -1     -1  0000-00-00
90323     90943   50645  92150  0000-00-00
90427     91049      -1     -1  0000-00-00
90550     91172   44805  97872  0000-00-00
90568     91190      -1     -1  0000-00-00
90572     91194   43755  56605  0000-00-00
90591     91213      -1     -1  0000-00-00
90596     91218   60131  79976  0000-00-00
90617     91239      -1     -1  0000-00-00
90639     91261   42804  68238  0000-00-00
90650     91272   96754  72307  0000-00-00
90667     91289      -1     -1  0000-00-00
90669     91291   68987  68738  0000-00-00
90675     91297      -1     -1  0000-00-00
90712     91334   81565     -1  0000-00-00
90739     91361      -1     -1  0000-00-00
90746     91368      -1     -1  0000-00-00
90758     91380   44805  97872  0000-00-00
90854     91476   18135  65168  0000-00-00
90921     91545   35510  67910  0000-00-00
90924     91548   31532  90365  0000-00-00
90933     91557   82507  33433  0000-00-00
90943     91567      -1     -1  0000-00-00
90994     91618   52213  67326  0000-00-00
91026     91651   69652  77293  0000-00-00
91053     91679     304  28378  0000-00-00
91065     91691    7107     -1  0000-00-00
91070     91696   31532  90365  0000-00-00
91074     91700      -1     -1  0000-00-00
91077     91703   48663   6098  0000-00-00
91088     91714      -1     -1  0000-00-00
91107     91733     328  18285  0000-00-00
91111     91737   67575  93752  0000-00-00
91133     91759   48663  59980  0000-00-00
91150     91776     304  28378  0000-00-00
91153     91779      -1     -1  0000-00-00
91160     91786   50954  92159  0000-00-00
91163     91789   94756  94749  0000-00-00
91165     91791   72152  32455  0000-00-00
91213     91839      -1     -1  0000-00-00
91216     91842   87196  87566  0000-00-00
91218     91844   31532  64962  0000-00-00
91309     91935   69441  65331  0000-00-00
91316     91942      -1     -1  0000-00-00
91321     91947      -1     -1  0000-00-00
91353     91979      -1     -1  0000-00-00
91371     91997      -1     -1  0000-00-00
91374     92000      -1     -1  0000-00-00
91463     92089   92088  25768  0000-00-00
91464     92090   42262   1605  0000-00-00
91496     92122      -1     -1  0000-00-00
91502     92128   69457   5151  0000-00-00
91504     92130      -1     -1  0000-00-00
91513     92139   39926   9693  0000-00-00
91514     92140      -1     -1  0000-00-00
91523     92149   92152  40935  0000-00-00
91524     92150   50954  40935  0000-00-00
91530     92156      -1     -1  0000-00-00
91531     92157   92152  40935  0000-00-00
91547     92173   39185   9446  0000-00-00
91552     92178   77777  96857  0000-00-00
91573     92199      -1     -1  0000-00-00
91578     92204      -1     -1  0000-00-00
91590     92216   74277  87069  0000-00-00
91602     92228      -1     -1  0000-00-00
91625     92251      -1     -1  0000-00-00
91652     92278   31532  90365  0000-00-00
91658     92284   48663   6098  0000-00-00
91670     92296   37372  79265  0000-00-00
91698     92324   92326  43283  0000-00-00
91699     92325   90854  47013  0000-00-00
91700     92326      -1     -1  0000-00-00
91747     92373   40705  61859  0000-00-00
91754     92380   31532  90365  0000-00-00
91765     92391   70803  47013  0000-00-00
91766     92392   47016  92394  0000-00-00
91768     92394   78803  47013  0000-00-00
91843     92469   46961  17818  0000-00-00
91863     92489      -1     -1  0000-00-00
91885     92511   52377  97581  0000-00-00
91927     92553   41657  92557  0000-00-00
91947     92573      -1     -1  0000-00-00
91958     92584      -1     -1  0000-00-00
91963     92589   40563  18585  0000-00-00
92009     92635   35739   7417  0000-00-00
92038     92664   69741  61596  0000-00-00
92057     92683   40563  18585  0000-00-00
92103     92729   68770  97075  0000-00-00
92108     92734   54307  65118  0000-00-00
92127     92753      -1     -1  0000-00-00
92129     92755   80729  75256  0000-00-00
92141     92767   48010  20403  0000-00-00
92303     92929   78011  70926  0000-00-00
92306     92932   19609  49896  0000-00-00
92336     92962   55975  74656  0000-00-00
92340     92966   55975  74656  0000-00-00
92346     92972   31697  31698  0000-00-00
92347     92973   70821  31698  0000-00-00
92436     93062      -1     -1  0000-00-00
92444     93071      -1     -1  0000-00-00
92456     93083      -1     -1  0000-00-00
92468     93096      -1     -1  0000-00-00
92477     93105   93081     -1  0000-00-00
92485     93113      -1     -1  0000-00-00
92506     93134      -1     -1  0000-00-00
92508     93136      -1     -1  0000-00-00
92510     93138      -1     -1  0000-00-00
92512     93140      -1     -1  0000-00-00
92553     93181      -1     -1  0000-00-00
92706     93334      -1     -1  0000-00-00
92708     93336   33091  93350  0000-00-00
92709     93337      -1     -1  0000-00-00
92719     93347      -1     -1  0000-00-00
92742     93370      -1     -1  0000-00-00
93123     93752   44551  52926  0000-00-00
93167     93796   59034   4170  0000-00-00
93168     93797   93796   4170  0000-00-00
93174     93803   77497  92489  0000-00-00
93177     93806      -1     -1  0000-00-00
93178     93807      -1     -1  0000-00-00
93301     93930   16823  87060  0000-00-00
93315     93944      -1     -1  0000-00-00
93482     94112      -1     -1  0000-00-00
93536     94166      -1     -1  0000-00-00
93663     94293      -1     -1  0000-00-00
93664     94294      -1     -1  0000-00-00
93702     94332   12618  94339  0000-00-00
93703     94333      -1  94338  0000-00-00
93704     94334   94332  94340  0000-00-00
93705     94335      -1     -1  0000-00-00
93706     94336   84408  94333  0000-00-00
93708     94338      -1     -1  0000-00-00
93709     94339      -1     -1  0000-00-00
93710     94340      -1     -1  0000-00-00
93784     94414   10425  52770  0000-00-00
93880     94511   80501     -1  0000-00-00
93919     94550      -1     -1  0000-00-00
93928     94559   94560   9628  0000-00-00
93934     94565      -1     -1  0000-00-00
93938     94569      -1     -1  0000-00-00
94005     94637      -1     -1  0000-00-00
94009     94641      -1     -1  0000-00-00
94010     94642    5677  82713  0000-00-00
94022     94654   94650  32735  0000-00-00
94058     94690      -1     -1  0000-00-00
94061     94693      -1     -1  0000-00-00
94069     94701   94650  94654  0000-00-00
94070     94702   94692  94690  0000-00-00
94081     94713      -1     -1  0000-00-00
94083     94715   87203  94702  0000-00-00
94089     94721   87203  94701  0000-00-00
94092     94724      -1     -1  0000-00-00
94094     94726      -1     -1  0000-00-00
94107     94739   20333  10339  0000-00-00
94112     94744      -1     -1  0000-00-00
94127     94759      -1     -1  0000-00-00
94240     94872   83025  94869  0000-00-00
94279     94911    7602  43417  0000-00-00
94357     94990   69084  41944  0000-00-00
94527     95161   55288  95163  0000-00-00
94529     95163   95211  95181  0000-00-00
94545     95179      -1     -1  0000-00-00
94565     95199      -1     -1  0000-00-00
94572     95207      -1     -1  0000-00-00
94607     95243   95685  88870  0000-00-00
94647     95283   92372  27151  0000-00-00
94705     95341      -1     -1  0000-00-00
94706     95342      -1     -1  0000-00-00
94711     95347    5444  20081  0000-00-00
94740     95376   95346  95453  0000-00-00
94742     95378      -1     -1  0000-00-00
94756     95392      -1     -1  0000-00-00
94763     95399   95446  95341  0000-00-00
94811     95447      -1     -1  0000-00-00
94820     95456      -1     -1  0000-00-00
94848     95484      -1     -1  0000-00-00
94863     95499      -1     -1  0000-00-00
94877     95513   95515  95453  0000-00-00
94887     95523      -1     -1  0000-00-00
94931     95567      -1     -1  0000-00-00
94936     95572      -1     -1  0000-00-00
94961     95597      -1     -1  0000-00-00
94991     95628      -1     -1  0000-00-00
94997     95634    6033  91801  0000-00-00
95037     95674      -1     -1  0000-00-00
95062     95699      -1     -1  0000-00-00
95076     95713      -1     -1  0000-00-00
95101     95738      -1     -1  0000-00-00
95128     95765      -1     -1  0000-00-00
95145     95782   95858  95879  0000-00-00
95175     95812      -1     -1  0000-00-00
95224     95861   73926  95826  0000-00-00
95232     95869      -1     -1  0000-00-00
95395     96032      -1     -1  0000-00-00
95418     96055      -1     -1  0000-00-00
95460     96097      -1     -1  0000-00-00
95468     96105      -1     -1  0000-00-00
95527     96164      -1     -1  0000-00-00
95547     96184      -1     -1  0000-00-00
95565     96202      -1  91714  0000-00-00
95677     96315      -1     -1  0000-00-00
95706     96344   22453  75458  0000-00-00
95715     96353   96061  96078  0000-00-00
95722     96360      -1     -1  0000-00-00
95723     96361   67855  67796  0000-00-00
95724     96362      -1     -1  0000-00-00
95735     96373   40011  53754  0000-00-00
95736     96374   90744  42606  0000-00-00
95743     96381   97895   5657  0000-00-00
95758     96396   92018  25684  0000-00-00
95761     96399   96949  97804  0000-00-00
95775     96413   69441  65309  0000-00-00
95886     96524      -1     -1  0000-00-00
95924     96562   69488  32068  0000-00-00
95937     96575   69450  51286  0000-00-00
95938     96576    3279  28261  0000-00-00
95981     96619      -1     -1  0000-00-00
96017     96655      -1     -1  0000-00-00
96074     96713      -1     -1  0000-00-00
96076     96715      -1     -1  0000-00-00
96152     96791   70272  74153  0000-00-00
96179     96818   70272  74153  0000-00-00
96216     96855   46717   4646  0000-00-00
96218     96857   37668  53161  0000-00-00
96220     96859   96915  92156  0000-00-00
96254     96893   83132  28954  0000-00-00
96272     96911      -1     -1  0000-00-00
96288     96927   46717   4646  0000-00-00
96289     96928   59810  29326  0000-00-00
96295     96934      -1     -1  0000-00-00
96299     96938   68357  68356  0000-00-00
96303     96942   49451  28463  0000-00-00
96312     96951      -1     -1  0000-00-00
96322     96961   77497  74254  0000-00-00
96376     97019   89575  89541  0000-00-00
96382     97025      -1     -1  0000-00-00
96400     97043      -1     -1  0000-00-00
96425     97068   54576  32811  0000-00-00
96432     97075      -1     -1  0000-00-00
96441     97084      -1     -1  0000-00-00
96444     97087   24303  50680  0000-00-00
96473     97116      -1     -1  0000-00-00
96504     97147   57185  46916  0000-00-00
96508     97151   57185    908  0000-00-00
96547     97190      -1     -1  0000-00-00
96555     97198    3116  96877  0000-00-00
96751     97394   28242  28690  0000-00-00
96754     97397      -1     -1  0000-00-00
96777     97420      -1     -1  0000-00-00
96948     97592   97623  97637  0000-00-00
97000     97644      -1     -1  0000-00-00
97021     97665    8949  95403  0000-00-00
97023     97667   97616  97660  0000-00-00
97028     97672      -1     -1  0000-00-00
97083     97727   97884  92199  0000-00-00
97091     97735   89536  28293  0000-00-00
97160     97804   50954   7030  0000-00-00
97161     97805   69441  89518  0000-00-00
97164     97808   53259  10505  0000-00-00
97181     97825   97616  22452  0000-00-00
97185     97829      -1     -1  0000-00-00
97209     97853    8947  78770  0000-00-00
97210     97854   97853  11744  0000-00-00
97220     97864      -1     -1  0000-00-00
97224     97868      -1     -1  0000-00-00
97226     97870   37372   3849  0000-00-00
97230     97874   53065   4315  0000-00-00
97250     97894      -1     -1  0000-00-00
97254     97898   36015  97889  0000-00-00
97257     97901      -1     -1  0000-00-00
97302     97946      -1     -1  0000-00-00
97309     97953   24384  96434  0000-00-00
97310     97954   16074  96894  0000-00-00
97322     97966   53332   3295  0000-00-00
97351     97995   59810  10503  0000-00-00
97426     98070   33776  20136  0000-00-00
97481     98126    6035   8659  0000-00-00
97506     98153   42043  25773  0000-00-00
97510     98157    4824  67908  0000-00-00
97517     98164    3279  78212  0000-00-00
97770     98417      -1     -1  0000-00-00
97779     98426   26409  61857  0000-00-00
97817     98464   57185  46916  0000-00-00
97848     98496   96832  98351  0000-00-00
97859     98507   25033  29364  0000-00-00
97873     98521    9106  55510  0000-00-00
97940     98588   19609  59980  0000-00-00
97948     98596   39926   9693  0000-00-00